sample_id,easting,northing,lithology,anomaly_class,latent_mineralization,latent_pathfinder,latent_alteration,latent_lithogenic_mafic,latent_lithogenic_felsic,Cu,Mo,Au,As,Sb,Fe,Mg,Ca,Al,K,Cu_below_lod,Mo_below_lod,Au_below_lod,As_below_lod,Sb_below_lod,Fe_below_lod,Mg_below_lod,Ca_below_lod,Al_below_lod,K_below_lod,Cu_latent,Mo_latent,Au_latent,As_latent,Sb_latent,Fe_latent,Mg_latent,Ca_latent,Al_latent,K_latent
GEO_00001,368186.8817973736,7152358.860123008,volcanic,background,0.0754139200715804,0.0,0.04157287394444212,0.5760437880896561,0.0,42.228003850210165,5.049290833664263,0.0,5.0588769841221914,1.293744224316488,5192.243262471098,3728.857197259331,2375.388886254579,3062.140325318613,1864.1671421253661,False,False,True,False,False,False,False,False,False,False,42.228003850210165,5.049290833664263,0.01007870349878948,5.0588769841221914,1.293744224316488,5192.243262471098,3728.857197259331,2375.388886254579,3062.140325318613,1864.1671421253661
GEO_00002,375340.66717678023,7174377.468909263,intrusive,background,0.0,0.030566988801989898,0.0,0.19338593333237633,0.8229862641140626,37.25744579310528,3.5403155547051277,0.014531871571417639,0.0,0.0,3820.2724736940977,2136.860893947896,1855.0673679777262,4722.264639406084,2165.5425652687663,False,False,False,True,True,False,False,False,False,False,37.25744579310528,3.5403155547051277,0.014531871571417639,4.533888951401114,1.119084225824192,3820.2724736940977,2136.860893947896,1855.0673679777262,4722.264639406084,2165.5425652687663
GEO_00003,413789.2365866187,7137580.818146245,volcanic,background,0.04928211203645645,0.1774229792510103,0.11445020065536123,0.4993091152438909,0.0,32.16480421467456,4.408966167154585,0.014388660029407304,6.7451432805690565,1.4230595335676766,5106.175948446276,2441.9984817219656,1587.10936810339,3596.970182744563,1552.564708951992,False,False,False,False,False,False,False,False,False,False,32.16480421467456,4.408966167154585,0.014388660029407304,6.7451432805690565,1.4230595335676766,5106.175948446276,2441.9984817219656,1587.10936810339,3596.970182744563,1552.564708951992
GEO_00004,404100.373660078,7179213.56123463,sedimentary,background,0.0,0.0,0.11441000083915863,0.0,0.1676654034558946,32.40682783730521,5.099292512520831,0.01097568215714211,6.347540777543033,1.4869234996168539,3859.136605718778,2063.752026046091,4609.507477977719,3896.6667417065455,0.0,False,False,False,False,False,False,False,False,False,True,32.40682783730521,5.099292512520831,0.01097568215714211,6.347540777543033,1.4869234996168539,3859.136605718778,2063.752026046091,4609.507477977719,3896.6667417065455,1116.1007576293532
GEO_00005,381288.7640481527,7106089.532835574,volcanic,background,0.04840187096266651,0.03470035803373598,0.06541103982691422,0.6721120938404285,0.0039754495995851435,40.48979784470758,0.0,0.0,6.351303306683215,0.0,7021.262217601606,3136.366944788175,2331.154086002507,3192.5324958066544,1588.5164400329552,False,True,True,False,True,False,False,False,False,False,40.48979784470758,2.6371844992544067,0.010073220922272502,6.351303306683215,1.1667159475048345,7021.262217601606,3136.366944788175,2331.154086002507,3192.5324958066544,1588.5164400329552
GEO_00006,376625.11422931077,7118629.371338601,sedimentary,background,0.13199408568915913,0.0,0.08117830847754537,0.11128305178181803,0.35200484543986865,51.80060915483126,3.568905691637009,0.012728235410607878,5.848694494713645,1.6519469786046501,4450.410092432163,2096.6477882812146,2807.389489427091,2746.516190210331,1517.2187517443522,False,False,False,False,False,False,False,False,False,False,51.80060915483126,3.568905691637009,0.012728235410607878,5.848694494713645,1.6519469786046501,4450.410092432163,2096.6477882812146,2807.389489427091,2746.516190210331,1517.2187517443522
GEO_00007,397864.7002869752,7164650.077284565,volcanic,background,0.2478417769661158,0.30681816012776,0.18626807326189768,0.8157462017069198,0.2716433325311917,50.62389836465142,5.374275198957942,0.024298314825306925,8.915183247980698,2.207841289688535,4908.39694242822,3905.4050703527655,1970.3952876955973,3149.8611551087747,2142.619056225706,False,False,False,False,False,False,False,False,False,False,50.62389836465142,5.374275198957942,0.024298314825306925,8.915183247980698,2.207841289688535,4908.39694242822,3905.4050703527655,1970.3952876955973,3149.8611551087747,2142.619056225706
GEO_00008,364938.7348482971,7147263.1741682775,intrusive,background,0.0910986973109782,0.014469080050131708,0.05357163279113132,0.1510798870175294,0.8776486870321502,38.28206679789721,4.847752465030838,0.012485192856409835,0.0,0.0,5767.915367738375,2289.196003853596,1883.8408562694804,5091.724905250224,2432.179705184784,False,False,False,True,True,False,False,False,False,False,38.28206679789721,4.847752465030838,0.012485192856409835,4.469957845180143,1.0356132195029328,5767.915367738375,2289.196003853596,1883.8408562694804,5091.724905250224,2432.179705184784
GEO_00009,403820.4835211697,7173657.9225184135,intrusive,background,0.0,0.18027896858640963,0.0,0.2067873836313429,0.7052632300827155,31.86131523458832,3.6585946525828774,0.013924549208981916,6.747919772777267,2.008037005576409,5525.3936371304835,1946.2919666517641,2156.2976793688044,4125.790055308492,3400.838940354108,False,False,False,False,False,False,False,False,False,False,31.86131523458832,3.6585946525828774,0.013924549208981916,6.747919772777267,2.008037005576409,5525.3936371304835,1946.2919666517641,2156.2976793688044,4125.790055308492,3400.838940354108
GEO_00010,425344.229221595,7129877.503033492,volcanic,background,0.0,0.05924723960205529,0.1494489390793574,0.7735688054789416,0.09847995008680012,36.39280642142914,4.519755623745251,0.010825109559025761,7.7207846483480616,1.2767607083189931,4857.681091806982,2322.2523056523187,2113.285557599475,2956.047449056274,1538.65615608754,False,False,False,False,False,False,False,False,False,False,36.39280642142914,4.519755623745251,0.010825109559025761,7.7207846483480616,1.2767607083189931,4857.681091806982,2322.2523056523187,2113.285557599475,2956.047449056274,1538.65615608754
GEO_00011,369859.6571703657,7100184.0874033095,intrusive,background,0.0,0.02731015844543883,0.12856503264570307,0.37153255262637813,0.8836561238390415,0.0,4.395930140920011,0.011399464123723002,4.81325262570723,1.986332392080213,7084.087771150161,2806.2343283494292,2173.870313263453,5523.858645949934,3056.0449687808705,True,False,False,False,False,False,False,False,False,False,29.450798958026926,4.395930140920011,0.011399464123723002,4.81325262570723,1.986332392080213,7084.087771150161,2806.2343283494292,2173.870313263453,5523.858645949934,3056.0449687808705
GEO_00012,425910.49214666546,7137462.074274199,intrusive,background,0.004411775395482298,0.0,0.0,0.18034644655538767,0.6672878302130238,0.0,4.497430388063414,0.015655615589978855,5.382245844779064,1.3075547786834498,3489.787594342033,2151.829832781357,0.0,4339.05612735718,2727.1360402299733,True,False,False,False,False,False,False,True,False,False,29.202366321973447,4.497430388063414,0.015655615589978855,5.382245844779064,1.3075547786834498,3489.787594342033,2151.829832781357,1284.9042261471495,4339.05612735718,2727.1360402299733
GEO_00013,403378.9962480298,7111054.523424588,intrusive,background,0.0,0.10664671970368815,0.0,0.23468885817474325,0.7698996818452867,35.71650621632943,4.486833497301486,0.012506271558619081,6.4354065282375945,1.2772468257869216,3032.6017337401854,3393.352112285945,2116.510814355809,3119.623140455124,3254.6820107597546,False,False,False,False,False,False,False,False,False,False,35.71650621632943,4.486833497301486,0.012506271558619081,6.4354065282375945,1.2772468257869216,3032.6017337401854,3393.352112285945,2116.510814355809,3119.623140455124,3254.6820107597546
GEO_00014,357671.83484752895,7112605.532158129,sedimentary,background,0.03078800212821054,0.04968793701282202,0.0,0.008316029312897084,0.1368178628073997,32.560833335261655,4.745403194278252,0.01192239590114503,5.278890287383035,1.6916093269044166,3500.172959145793,0.0,3910.8331883216206,3221.4589225008126,1492.1885824427854,False,False,False,False,False,False,True,False,False,False,32.560833335261655,4.745403194278252,0.01192239590114503,5.278890287383035,1.6916093269044166,3500.172959145793,1309.4624329949063,3910.8331883216206,3221.4589225008126,1492.1885824427854
GEO_00015,385347.173293425,7117157.31714276,volcanic,background,0.0,0.04059402619443168,0.0,0.7224783640535529,0.0,31.811390397737895,4.033939841352541,0.015396209314707188,7.038531574217132,1.5206814824729815,5823.08312977902,3059.482046304748,2942.849174541739,0.0,0.0,False,False,False,False,False,False,False,False,True,True,31.811390397737895,4.033939841352541,0.015396209314707188,7.038531574217132,1.5206814824729815,5823.08312977902,3059.482046304748,2942.849174541739,2133.8909875563713,1138.454022064851
GEO_00016,420918.3935462014,7116186.397791596,sedimentary,background,0.13526498823183444,0.0,0.0,0.0,0.21471924066703046,39.03811128586667,4.673861359731039,0.013618475743103433,5.183288009006718,1.9429121356161927,4654.443003908448,0.0,2968.713256080648,2667.8192727366536,2078.0824611912412,False,False,False,False,False,False,True,False,False,False,39.03811128586667,4.673861359731039,0.013618475743103433,5.183288009006718,1.9429121356161927,4654.443003908448,1447.8564776107085,2968.713256080648,2667.8192727366536,2078.0824611912412
GEO_00017,405796.2799905618,7133734.384462093,intrusive,background,0.3205322064359453,0.003566004302079512,0.0739634955158759,0.4289885656833218,0.7701284582755865,48.374330006823456,4.751967169521423,0.014841847673614125,0.0,1.3933544450346629,5551.608514717415,2282.181338548602,2096.433703513153,4919.912147692796,2161.0311058182433,False,False,False,True,False,False,False,False,False,False,48.374330006823456,4.751967169521423,0.014841847673614125,4.488286808718412,1.3933544450346629,5551.608514717415,2282.181338548602,2096.433703513153,4919.912147692796,2161.0311058182433
GEO_00018,376117.82912560896,7145135.642597691,volcanic,background,0.3635535230544425,0.0,0.15887973599995928,0.6885601880614978,0.0,62.16505633841751,5.049073072783034,0.01839855685347501,5.629884202607195,1.2716118609943659,7570.476275096346,4097.82323147403,2006.3124370188482,0.0,1470.724865103367,False,False,False,False,False,False,False,False,True,False,62.16505633841751,5.049073072783034,0.01839855685347501,5.629884202607195,1.2716118609943659,7570.476275096346,4097.82323147403,2006.3124370188482,1714.6027464089007,1470.724865103367
GEO_00019,408714.2530664053,7166126.728551114,intrusive,halo,0.1695962623163909,0.5883411837246684,0.2652068730846742,0.37283903043577227,0.7578367656196487,41.62128941108755,5.692981722613478,0.02212837844736658,11.63357168782446,2.461060407144866,6395.095298136473,3531.836454881294,2512.7866981347256,3733.26777964051,2332.602241908878,False,False,False,False,False,False,False,False,False,False,41.62128941108755,5.692981722613478,0.02212837844736658,11.63357168782446,2.461060407144866,6395.095298136473,3531.836454881294,2512.7866981347256,3733.26777964051,2332.602241908878
GEO_00020,367610.7964436389,7102271.419684967,sedimentary,background,0.039585976632910004,0.0665857084390385,0.0,0.06138581299333712,0.0803431218992503,36.472367872260996,0.0,,4.918895330541673,1.7566402783323332,3442.514696085355,2269.0901201095076,2570.258867499487,0.0,1242.256936785714,False,True,False,False,False,False,False,False,True,False,36.472367872260996,2.7735677627739745,0.015004565374253017,4.918895330541673,1.7566402783323332,3442.514696085355,2269.0901201095076,2570.258867499487,1973.085669193982,1242.256936785714
GEO_00021,356527.56556337664,7104952.273974862,volcanic,background,0.0,0.1600197174152638,0.06120675832164055,1.0458095028013576,0.0,0.0,0.0,0.01162966719211436,7.097871527590321,1.8577116164467042,5796.425199760571,3307.023697015545,2163.1991901156007,0.0,0.0,True,True,False,False,False,False,False,False,True,True,26.246711632217323,2.8787241623548887,0.01162966719211436,7.097871527590321,1.8577116164467042,5796.425199760571,3307.023697015545,2163.1991901156007,2414.441095037197,1065.3126670896334
GEO_00022,362791.6480860038,7127555.464723091,intrusive,background,0.0,0.0,0.0,0.4019844226924485,0.77018716354877,0.0,5.164889824336341,0.011493952982030958,0.0,1.8994163776733581,3562.3417620039086,2728.1312607920086,1660.6882380673972,5339.727258094251,2529.7667794758604,True,False,False,True,False,False,False,False,False,False,29.981170502542504,5.164889824336341,0.011493952982030958,3.6635113211020482,1.8994163776733581,3562.3417620039086,2728.1312607920086,1660.6882380673972,5339.727258094251,2529.7667794758604
GEO_00023,377208.0147963764,7133672.454354003,sedimentary,background,0.2290094533952189,0.0,0.1544985337796102,0.0,0.15779140335681027,57.18709903777515,5.057927034022004,0.01337568879623456,6.945761188833833,0.0,0.0,0.0,3299.87069756332,2923.088462898305,1298.2700839853303,False,False,False,False,True,True,True,False,False,False,57.18709903777515,5.057927034022004,0.01337568879623456,6.945761188833833,0.9346983170511671,2941.9356118476258,1505.753690790404,3299.87069756332,2923.088462898305,1298.2700839853303
GEO_00024,387215.45229616406,7107865.413780488,intrusive,background,0.0,0.0,0.0,0.32295169368754256,0.6000686760042632,37.20116630336072,4.488292359693422,0.0,0.0,1.9735695190069902,4634.660765987942,2262.021424575033,1964.7044088192256,4379.177323517269,1850.5686424441158,False,False,True,True,False,False,False,False,False,False,37.20116630336072,4.488292359693422,0.010015912564569613,4.158333178718905,1.9735695190069902,4634.660765987942,2262.021424575033,1964.7044088192256,4379.177323517269,1850.5686424441158
GEO_00025,371313.6822632617,7161496.9642146,sedimentary,background,0.16600527008059318,0.09050635672055694,0.10446509578399188,0.0,0.12717543983562846,48.333989958689074,4.638472117958483,0.012900614952710865,7.673579553502893,1.3729017490738697,4734.1232572907265,,3308.7779488727615,3972.0635196430144,1400.2527535018369,False,False,False,False,False,False,False,False,False,False,48.333989958689074,4.638472117958483,0.012900614952710865,7.673579553502893,1.3729017490738697,4734.1232572907265,2049.003362605271,3308.7779488727615,3972.0635196430144,1400.2527535018369
GEO_00026,415262.1122739846,7120361.789547508,intrusive,background,0.10554444336150974,0.0,0.0,0.39046140405308394,0.7941510661899145,42.11488039685461,6.231488160291899,0.011568111770433225,4.917129985089959,1.5599597598564645,5539.80867466521,1797.2962120601796,2157.9093273899234,5708.574156753506,,False,False,False,False,False,False,False,False,False,False,42.11488039685461,6.231488160291899,0.011568111770433225,4.917129985089959,1.5599597598564645,5539.80867466521,1797.2962120601796,2157.9093273899234,5708.574156753506,2208.71958489468
GEO_00027,365463.55114315957,7179018.330106228,sedimentary,background,0.07588214385314614,0.07289813452065642,0.0,0.0,0.3021746162606271,44.197715267883936,4.034611755313326,0.01139553078555213,5.69720673611715,1.6868168287589318,3426.913066943456,1819.3116932416333,3508.748431094166,4108.01900532581,1163.8493749745694,False,False,False,False,False,False,False,False,False,False,44.197715267883936,4.034611755313326,0.01139553078555213,5.69720673611715,1.6868168287589318,3426.913066943456,1819.3116932416333,3508.748431094166,4108.01900532581,1163.8493749745694
GEO_00028,360357.52609417605,7152226.063616095,volcanic,background,0.14580010881043898,0.13627276670052485,0.0,0.5106333305307335,0.10087674315004057,49.27263269847673,5.778072331539554,0.011972377868919143,6.435566924003295,1.7103259768402044,5067.008948287451,4153.83596739802,2064.447208138113,2856.724032417513,1348.1694493540062,False,False,False,False,False,False,False,False,False,False,49.27263269847673,5.778072331539554,0.011972377868919143,6.435566924003295,1.7103259768402044,5067.008948287451,4153.83596739802,2064.447208138113,2856.724032417513,1348.1694493540062
GEO_00029,357333.1801235949,7105410.512286407,volcanic,background,0.0,0.0,0.043525093951267614,0.6164599964537802,0.10744152477254083,35.859905086995774,0.0,0.0,5.035285095337489,1.8474430147973553,6017.964134251177,2574.5663769855205,2254.7415304761093,0.0,1471.3054958663674,False,True,True,False,False,False,False,False,True,False,35.859905086995774,3.2806186142730507,0.009984189916293238,5.035285095337489,1.8474430147973553,6017.964134251177,2574.5663769855205,2254.7415304761093,1952.109596775756,1471.3054958663674
GEO_00030,397885.4410931931,7172569.5364636965,intrusive,background,0.044697264203452165,0.18352580029349802,0.0,0.22787413864782494,0.9303563719732224,39.61894551997127,5.0065992665035575,0.015153159162779314,7.2371728955587376,1.477775666331239,4068.4562876140494,2294.9649517604207,0.0,5103.373482485151,2279.4829437720286,False,False,False,False,False,False,False,True,False,False,39.61894551997127,5.0065992665035575,0.015153159162779314,7.2371728955587376,1.477775666331239,4068.4562876140494,2294.9649517604207,1464.8148139325795,5103.373482485151,2279.4829437720286
GEO_00031,418379.3523499201,7136127.485845663,sedimentary,background,0.014590041583192007,0.0,0.07496166537955562,0.14760389714951233,0.16082781596369553,39.42954876231678,5.936035081713625,0.0169737958002829,9.171874133715926,1.279275550923183,3818.6446866221604,2568.3158395256614,3090.005531810779,3742.0571530821976,1409.4954368890797,False,False,False,False,False,False,False,False,False,False,39.42954876231678,5.936035081713625,0.0169737958002829,9.171874133715926,1.279275550923183,3818.6446866221604,2568.3158395256614,3090.005531810779,3742.0571530821976,1409.4954368890797
GEO_00032,398129.69933549705,7164268.987308623,sedimentary,halo,0.32140836037419107,0.31488143494450704,0.42330166383323203,0.019796327764202818,0.3201545087052617,61.98939462499723,5.387346129722641,0.027364680912464138,11.175774075777102,2.2688304784128515,3344.3651817355826,2598.3817358772744,3310.630921837982,2848.242870565706,1971.8387162151596,False,False,False,False,False,False,False,False,False,False,61.98939462499723,5.387346129722641,0.027364680912464138,11.175774075777102,2.2688304784128515,3344.3651817355826,2598.3817358772744,3310.630921837982,2848.242870565706,1971.8387162151596
GEO_00033,424559.0688908787,7157788.3778089415,sedimentary,background,0.11748555752134493,0.0,0.05131928375424173,0.056027280409047246,0.12318409696835117,48.76983833820341,0.0,0.014807730132148776,5.450099435974774,1.3387247676893277,4296.026843873962,2015.667719757937,3185.9239681850836,4004.9616890508337,0.0,False,True,False,False,False,False,False,False,False,True,48.76983833820341,3.3633900407799686,0.014807730132148776,5.450099435974774,1.3387247676893277,4296.026843873962,2015.667719757937,3185.9239681850836,4004.9616890508337,968.5794329869385
GEO_00034,407982.5088873616,7123076.228171582,intrusive,background,0.29705109676065883,0.0,0.0,0.19580497195331775,0.9299858025105561,60.226402835576366,5.05430304722889,0.01923087420701428,0.0,1.787382791708889,3073.967480933391,3312.440144814183,1993.283229125719,4935.891554217724,2622.2046187147635,False,False,False,True,False,False,False,False,False,False,60.226402835576366,5.05430304722889,0.01923087420701428,4.535266389329959,1.787382791708889,3073.967480933391,3312.440144814183,1993.283229125719,4935.891554217724,2622.2046187147635
GEO_00035,418844.1053914634,7139501.1965179965,volcanic,background,0.0,0.0,0.11426530612109624,0.6627923965218991,0.10266053043590112,42.68962176306706,3.745594810243147,0.012846591657271037,5.953245390529041,0.0,7852.6290361869615,3296.3195815045306,2253.9072947827385,3422.1175162991967,1528.4339901100395,False,False,False,False,True,False,False,False,False,False,42.68962176306706,3.745594810243147,0.012846591657271037,5.953245390529041,1.1410860603449913,7852.6290361869615,3296.3195815045306,2253.9072947827385,3422.1175162991967,1528.4339901100395
GEO_00036,424347.0241260253,7103984.670064846,volcanic,background,0.058703164059962,0.0,0.017258332951898173,0.565900734799895,0.0,50.75745835780093,4.3567270163814324,0.01159469880197451,5.761959043038768,1.3179051706324472,4327.291413854997,3874.0769622242506,1751.6039630804878,3855.9545214341383,1412.4357306431398,False,False,False,False,False,False,False,False,False,False,50.75745835780093,4.3567270163814324,0.01159469880197451,5.761959043038768,1.3179051706324472,4327.291413854997,3874.0769622242506,1751.6039630804878,3855.9545214341383,1412.4357306431398
GEO_00037,393694.88072658825,7103179.3982168455,intrusive,background,0.018244746455090766,0.11927079408139335,0.05335990587199049,0.21885518205100304,0.824114114658004,41.43382374907139,4.550209109687416,0.012246504319396579,10.123137911779702,1.4852631549685196,3667.873142583916,2635.2657623076684,2521.5005308874406,3838.074418506512,2348.7300638245574,False,False,False,False,False,False,False,False,False,False,41.43382374907139,4.550209109687416,0.012246504319396579,10.123137911779702,1.4852631549685196,3667.873142583916,2635.2657623076684,2521.5005308874406,3838.074418506512,2348.7300638245574
GEO_00038,425013.83670142054,7126993.7034036545,volcanic,background,0.024275973599774216,0.09611041773628248,0.03860962078036091,0.6797126302827671,0.10510282591952275,41.829687896077225,4.731454602914261,0.014171460331417788,5.95868429019475,1.6148136850698611,5039.0137741486715,3743.0110621200292,2146.448797955747,,1450.6464608979068,False,False,False,False,False,False,False,False,False,False,41.829687896077225,4.731454602914261,0.014171460331417788,5.95868429019475,1.6148136850698611,5039.0137741486715,3743.0110621200292,2146.448797955747,3440.750464673524,1450.6464608979068
GEO_00039,389599.03520630597,7173402.653169938,sedimentary,background,0.06917160195706996,0.09110243355079933,0.12111761159196342,0.0,0.12285222338435986,44.217815786859376,4.252948788177472,0.01160850047853778,8.411099657727794,1.6099878837737616,3688.796355423385,2002.5079274577731,4690.373070859605,3345.288200983545,1629.8594463615725,False,False,False,False,False,False,False,False,False,False,44.217815786859376,4.252948788177472,0.01160850047853778,8.411099657727794,1.6099878837737616,3688.796355423385,2002.5079274577731,4690.373070859605,3345.288200983545,1629.8594463615725
GEO_00040,371901.854599199,7158808.788973301,volcanic,background,0.15544225420268112,0.0,0.12780628468811156,0.6247215978179123,0.03825583337385085,37.473384226430454,4.280866498803298,0.012020514102541716,4.950720620286835,0.0,5274.076752148987,2587.8871712202613,2348.194666942712,3577.3328004646046,1219.749071329182,False,False,False,False,True,False,False,False,False,False,37.473384226430454,4.280866498803298,0.012020514102541716,4.950720620286835,1.144737206051763,5274.076752148987,2587.8871712202613,2348.194666942712,3577.3328004646046,1219.749071329182
GEO_00041,386142.29659798084,7161170.641571988,volcanic,background,0.1920919672599023,0.22123091870875194,0.16025607543716,0.6819812813089912,0.09245728800023621,48.93116508439536,4.171965381152732,0.01746690378244036,8.176317418422453,1.2883667180171376,3700.03809245965,3667.1259486353556,2280.545075622165,3143.1406974546408,1339.3013303738983,False,False,False,False,False,False,False,False,False,False,48.93116508439536,4.171965381152732,0.01746690378244036,8.176317418422453,1.2883667180171376,3700.03809245965,3667.1259486353556,2280.545075622165,3143.1406974546408,1339.3013303738983
GEO_00042,403203.1138719624,7133751.374314526,intrusive,background,0.2800036314715042,0.104044039439045,0.11880611131659988,0.2088255879515483,0.9411349903617197,43.60098000662643,3.84983013899949,0.02069804626308589,0.0,1.573129210052215,4076.8159440913987,2459.5656733383503,1501.7550537688219,4275.0477059461555,2972.11879369178,False,False,False,True,False,False,False,False,False,False,43.60098000662643,3.84983013899949,0.02069804626308589,4.256277871977989,1.573129210052215,4076.8159440913987,2459.5656733383503,1501.7550537688219,4275.0477059461555,2972.11879369178
GEO_00043,376471.27443736437,7176580.012398,volcanic,background,0.16808188323908607,0.0,0.0,0.7246032926289735,0.0,33.40629914453793,4.482073058443011,0.0,5.596722766311298,1.455484249004373,5595.694467874021,3752.2315281410224,1678.4997469868395,2677.5453568985104,1242.0756443170797,False,False,True,False,False,False,False,False,False,False,33.40629914453793,4.482073058443011,0.010279248683300117,5.596722766311298,1.455484249004373,5595.694467874021,3752.2315281410224,1678.4997469868395,2677.5453568985104,1242.0756443170797
GEO_00044,422276.32054465916,7145308.709081822,intrusive,background,0.049887609970884275,0.1408328645550551,0.08825727507544598,0.18906188439678345,0.9103061851196779,46.17536373799861,4.150652812778315,0.012990336672363666,8.111756719537729,1.6053063766569085,4818.704293085587,1873.3025418813072,2200.047205966007,4828.0870338024915,2885.963405945708,False,False,False,False,False,False,False,False,False,False,46.17536373799861,4.150652812778315,0.012990336672363666,8.111756719537729,1.6053063766569085,4818.704293085587,1873.3025418813072,2200.047205966007,4828.0870338024915,2885.963405945708
GEO_00045,370565.93402212276,7148396.259714374,intrusive,background,0.10037079464992804,0.0,0.0,0.1917926482189603,0.6530707873709445,41.87090587274044,0.0,0.014718566164992572,4.968528418193426,1.6224181667257063,3804.5643145288063,2342.631265802661,0.0,3390.876358173726,2572.107377642135,False,True,False,False,False,False,False,True,False,False,41.87090587274044,3.265318583954769,0.014718566164992572,4.968528418193426,1.6224181667257063,3804.5643145288063,2342.631265802661,1390.2425899407338,3390.876358173726,2572.107377642135
GEO_00046,377186.2670088256,7171559.152555942,volcanic,background,0.0,0.06428685587141636,0.026122202418911646,0.6132556359092245,0.0,0.0,3.7466585917530186,0.011313896931552674,0.0,1.3575311558625502,5024.372663086925,3437.6258386325994,1853.895024907487,2606.2608319602555,1685.0632440593602,True,False,False,True,False,False,False,False,False,False,28.06074628615478,3.7466585917530186,0.011313896931552674,4.7518458439161035,1.3575311558625502,5024.372663086925,3437.6258386325994,1853.895024907487,2606.2608319602555,1685.0632440593602
GEO_00047,370708.2718914342,7118751.104067813,volcanic,background,0.05304131890878708,0.04104607853348994,0.0,0.6318366427830293,0.13996422147370227,44.8008224131478,3.9763426875870276,0.0,6.0747032367647185,1.2626687660350695,6714.707853879705,3129.351760291716,1792.9564131761877,2986.923263067549,1233.1332833764275,False,False,True,False,False,False,False,False,False,False,44.8008224131478,3.9763426875870276,0.0099171680357151,6.0747032367647185,1.2626687660350695,6714.707853879705,3129.351760291716,1792.9564131761877,2986.923263067549,1233.1332833764275
GEO_00048,378435.7183955429,7117743.489742731,intrusive,background,0.10693692366133575,0.08934884424537469,0.10976101256934788,0.219713834107792,0.8301021644266564,38.11517782750894,3.820172866031125,0.013577987333240863,7.107521022372909,1.5906464619751972,3548.310576757516,2472.5731659801504,1719.5060049607362,3563.51825261128,2437.8290564792483,False,False,False,False,False,False,False,False,False,False,38.11517782750894,3.820172866031125,0.013577987333240863,7.107521022372909,1.5906464619751972,3548.310576757516,2472.5731659801504,1719.5060049607362,3563.51825261128,2437.8290564792483
GEO_00049,350401.7866973705,7143818.964400343,intrusive,background,0.06399241510579445,0.1921667598616673,0.15496035816981119,0.14859456128615378,0.6780065747832538,42.9394133914643,4.588144329437557,0.012804313882007725,6.236577723019053,1.6096946452624232,4376.017776032406,2242.186628695955,2232.29697364994,4870.266465364592,2651.457434386416,False,False,False,False,False,False,False,False,False,False,42.9394133914643,4.588144329437557,0.012804313882007725,6.236577723019053,1.6096946452624232,4376.017776032406,2242.186628695955,2232.29697364994,4870.266465364592,2651.457434386416
GEO_00050,400288.3635279743,7143537.812790295,sedimentary,anomalous,0.9304340134421589,0.49871711174896505,0.5467298920426935,0.115200614531666,0.3591898277191812,121.29257518161221,12.150750940566713,0.042347452649669735,11.953683311865422,2.4130250669810382,6767.766072900733,1746.6426812489997,3721.0954153674475,3278.4669072745332,2013.2748921405407,False,False,False,False,False,False,False,False,False,False,121.29257518161221,12.150750940566713,0.042347452649669735,11.953683311865422,2.4130250669810382,6767.766072900733,1746.6426812489997,3721.0954153674475,3278.4669072745332,2013.2748921405407
GEO_00051,372590.61659400945,7150692.537115306,intrusive,background,0.0,0.0613218094049412,0.0668253482087125,0.3443582372288325,0.8056649033806175,34.8265516734648,5.570863637631987,0.011247404338479152,5.2393996507164955,1.5096497657171928,4721.0605384484,1752.1611952422013,2668.6045981290636,3908.23520627513,3212.615000054518,False,False,False,False,False,False,False,False,False,False,34.8265516734648,5.570863637631987,0.011247404338479152,5.2393996507164955,1.5096497657171928,4721.0605384484,1752.1611952422013,2668.6045981290636,3908.23520627513,3212.615000054518
GEO_00052,355447.0151590357,7108112.760814366,intrusive,background,0.10376402881571199,0.035096003858709056,0.068658643096559,0.2809837451845693,0.7741687006492444,47.589553077275475,6.097924237668574,0.013048139468183659,4.980806814447647,1.2193223830150488,5425.90367282982,2258.2053262627423,2042.0187588350743,4258.141068397701,2176.771620879035,False,False,False,False,False,False,False,False,False,False,47.589553077275475,6.097924237668574,0.013048139468183659,4.980806814447647,1.2193223830150488,5425.90367282982,2258.2053262627423,2042.0187588350743,4258.141068397701,2176.771620879035
GEO_00053,399346.3181805104,7122485.258651316,volcanic,background,0.0,0.04682835927481377,0.17797449664440546,0.768977828345488,0.0,41.11632899021374,0.0,0.0111080319508108,5.694351602948341,1.4522660603515483,5902.193665612465,2957.2457602318896,1952.5988223194681,2802.544240127365,1937.922847835997,False,True,False,False,False,False,False,False,False,False,41.11632899021374,3.1018355424048702,0.0111080319508108,5.694351602948341,1.4522660603515483,5902.193665612465,2957.2457602318896,1952.5988223194681,2802.544240127365,1937.922847835997
GEO_00054,364106.1056224963,7120609.399995667,intrusive,background,0.0,0.08812830495546117,0.14291800112542433,0.1286151395169568,0.49469659047567266,39.52512064192086,3.967672254740033,0.012300918904298895,5.970100735772263,1.9853206000234127,3936.54857148548,1848.5566081021034,3753.4402229983193,3392.17203556195,1783.9603239325993,False,False,False,False,False,False,False,False,False,False,39.52512064192086,3.967672254740033,0.012300918904298895,5.970100735772263,1.9853206000234127,3936.54857148548,1848.5566081021034,3753.4402229983193,3392.17203556195,1783.9603239325993
GEO_00055,374351.0709775672,7139083.901223257,volcanic,background,0.04661717872555199,0.1311749484103154,0.25754632790636234,0.6349495508551762,0.005554185850819102,31.85742259013979,4.155152950427218,0.011487545010081507,5.894475847064056,1.8483778889336138,7305.448868782258,3390.6451924852327,1697.612273554851,3254.551220149142,1248.1692366970299,False,False,False,False,False,False,False,False,False,False,31.85742259013979,4.155152950427218,0.011487545010081507,5.894475847064056,1.8483778889336138,7305.448868782258,3390.6451924852327,1697.612273554851,3254.551220149142,1248.1692366970299
GEO_00056,385270.9448700894,7147090.511104807,intrusive,halo,0.8190015512777563,0.024361290751522255,0.53877393794951,0.20066024817830314,0.8500246732602568,118.55869076696726,11.721307724309993,0.020862060598130033,7.327132803397966,1.3839510769458008,4644.62551396743,1918.7544246443188,2216.6491532328428,4196.251026064909,2788.1066944935187,False,False,False,False,False,False,False,False,False,False,118.55869076696726,11.721307724309993,0.020862060598130033,7.327132803397966,1.3839510769458008,4644.62551396743,1918.7544246443188,2216.6491532328428,4196.251026064909,2788.1066944935187
GEO_00057,362016.18728501606,7134499.81065263,volcanic,background,0.0,0.01768448559432909,0.0,0.7183966397993568,0.0,0.0,0.0,0.0,0.0,1.275896158752791,7044.96763219148,4119.060908508372,1780.6914811912272,2575.4230314296888,1747.2883158646039,True,True,True,True,False,False,False,False,False,False,27.617787071481033,2.9386480908134693,0.00902487801848316,4.170563872066568,1.275896158752791,7044.96763219148,4119.060908508372,1780.6914811912272,2575.4230314296888,1747.2883158646039
GEO_00058,367434.3090468348,7170988.245474696,volcanic,background,0.0,0.23748575278988054,0.0,0.7728838306760812,0.07751224432721426,37.78290975143736,3.7118035236637947,0.01263490144069681,6.82200427985173,0.0,5138.1209528476775,5122.23401718177,2772.845958965738,2940.168263060027,1620.7104789499745,False,False,False,False,True,False,False,False,False,False,37.78290975143736,3.7118035236637947,0.01263490144069681,6.82200427985173,1.1506659952003948,5138.1209528476775,5122.23401718177,2772.845958965738,2940.168263060027,1620.7104789499745
GEO_00059,387946.64922668354,7132919.708313557,intrusive,halo,0.5075408732225608,0.17453580744392344,0.35313673905106974,0.3279719062886133,0.7443382653327137,78.46923313976352,6.842957459850784,0.01812921682546762,6.538683657310235,1.673819964726828,6057.427126214641,2646.5273257014765,1917.7576061546756,4256.1513449776485,3056.593883774678,False,False,False,False,False,False,False,False,False,False,78.46923313976352,6.842957459850784,0.01812921682546762,6.538683657310235,1.673819964726828,6057.427126214641,2646.5273257014765,1917.7576061546756,4256.1513449776485,3056.593883774678
GEO_00060,388109.5084064953,7142909.01045077,volcanic,halo,0.6227756791069958,0.26136066378079326,0.5294104266612429,0.5563844747920809,0.14366056243167943,115.81413259373898,8.0108889652058,0.02464132269972016,8.851834370566115,1.9816372659981736,7104.5933028712025,3576.7942636653734,1750.1652796654637,3144.3218140353665,1492.659520311485,False,False,False,False,False,False,False,False,False,False,115.81413259373898,8.0108889652058,0.02464132269972016,8.851834370566115,1.9816372659981736,7104.5933028712025,3576.7942636653734,1750.1652796654637,3144.3218140353665,1492.659520311485
GEO_00061,370418.58830556,7109742.284515938,volcanic,background,0.0,0.004343641910133188,0.0,0.690776852958129,0.0,36.838658847461375,0.0,0.0,5.531078423861006,1.234724363855698,5059.655501158535,3256.4916828777536,1755.329450782221,2997.118316007281,0.0,False,True,True,False,False,False,False,False,False,True,36.838658847461375,3.000183753046767,0.008073342980855195,5.531078423861006,1.234724363855698,5059.655501158535,3256.4916828777536,1755.329450782221,2997.118316007281,1087.9392445982048
GEO_00062,373805.22145184386,7140068.248648765,intrusive,background,0.2217942201590356,0.255717059451089,0.12265878667124379,0.353362024342631,0.8031233381445844,36.963269379972715,6.050456827167662,0.016153690836374555,9.305846975423783,1.862833634436205,4058.7008492536556,2340.820274231816,1604.8262681450615,4579.885453637372,2705.852879466417,False,False,False,False,False,False,False,False,False,False,36.963269379972715,6.050456827167662,0.016153690836374555,9.305846975423783,1.862833634436205,4058.7008492536556,2340.820274231816,1604.8262681450615,4579.885453637372,2705.852879466417
GEO_00063,372325.3695851013,7176149.492269973,intrusive,background,0.0,0.06856361584140772,0.0,0.2214049094531002,0.6607769353268077,32.7006403407355,4.299351940206066,0.0,7.326926357243094,1.5934254477692935,4887.840843821947,1911.0008294831466,,3715.0809106250977,2855.4481803581357,False,False,True,False,False,False,False,False,False,False,32.7006403407355,4.299351940206066,0.00984586179085787,7.326926357243094,1.5934254477692935,4887.840843821947,1911.0008294831466,1800.7120518243803,3715.0809106250977,2855.4481803581357
GEO_00064,370846.3369993038,7171401.931322733,sedimentary,background,0.0,0.0,0.025781526414936685,0.040988297930263415,0.22483374060798103,31.883891102916092,5.619645538248894,0.011859971412017795,4.917224420019905,1.6537085733341812,5024.007265920783,1977.4632318462416,3123.097683943418,3304.63156843361,1280.8515487650104,False,False,False,False,False,False,False,False,False,False,31.883891102916092,5.619645538248894,0.011859971412017795,4.917224420019905,1.6537085733341812,5024.007265920783,1977.4632318462416,3123.097683943418,3304.63156843361,1280.8515487650104
GEO_00065,388620.9274239453,7101001.8995265905,volcanic,background,0.0,0.0,0.03309778668728738,0.5350056489779351,0.0703436498659841,0.0,0.0,0.0,0.0,1.3701889947752899,5247.909945392471,3520.5236579132197,2077.166554915236,2939.1580607509027,1749.1872078818044,True,True,True,True,False,False,False,False,False,False,27.501338508051916,2.5262853234102205,0.009920306459546682,4.345045597879765,1.3701889947752899,5247.909945392471,3520.5236579132197,2077.166554915236,2939.1580607509027,1749.1872078818044
GEO_00066,366958.32290812087,7178660.431867112,intrusive,background,0.007987214112383787,0.05723193319256706,0.0,0.2501115674409718,0.8705598499595604,0.0,0.0,0.0,5.381329694784003,1.5590071607110705,4967.816679240752,1996.1090290864806,2257.4260552167566,5072.7979394010235,2834.865832716236,True,True,True,False,False,False,False,False,False,False,29.2337443408515,3.0055967353648265,0.009152300837597353,5.381329694784003,1.5590071607110705,4967.816679240752,1996.1090290864806,2257.4260552167566,5072.7979394010235,2834.865832716236
GEO_00067,389650.44773384323,7144603.969051847,sedimentary,anomalous,0.8327256650390619,0.3356307217808647,0.4938110505409074,0.0,0.28567835738662667,93.82892588628329,9.582728533138361,0.023120432118329804,9.207841785125611,1.8028592417079676,4585.808029039013,2392.6796020927845,2917.8979625611328,4029.514986480654,2125.424492939072,False,False,False,False,False,False,False,False,False,False,93.82892588628329,9.582728533138361,0.023120432118329804,9.207841785125611,1.8028592417079676,4585.808029039013,2392.6796020927845,2917.8979625611328,4029.514986480654,2125.424492939072
GEO_00068,369700.906066459,7165347.747519272,volcanic,background,0.03369909979825862,0.0,0.02832302862220107,0.5046939738700755,0.12517132246560456,32.84532873526183,5.348858164629978,0.0,0.0,1.339682911425692,6624.153361616395,3166.469424911021,0.0,2890.0092912306154,1810.3794450809141,False,False,True,True,False,False,False,True,False,False,32.84532873526183,5.348858164629978,0.009916983191119104,4.245845230204319,1.339682911425692,6624.153361616395,3166.469424911021,1465.48966879922,2890.0092912306154,1810.3794450809141
GEO_00069,417078.6121973556,7118535.709511852,volcanic,background,0.1510328192174106,0.0,0.0,0.7726143869228586,0.0,35.18496779896412,4.208125242097547,0.010711142648203246,7.634227001817927,1.7983541261402658,4590.900762622959,2587.7375310514362,2308.3651384214486,3192.17709878407,1332.8481125901149,False,False,False,False,False,False,False,False,False,False,35.18496779896412,4.208125242097547,0.010711142648203246,7.634227001817927,1.7983541261402658,4590.900762622959,2587.7375310514362,2308.3651384214486,3192.17709878407,1332.8481125901149
GEO_00070,364410.4472076028,7105240.34943354,intrusive,background,0.0,0.0,0.0017181423345872756,0.3778810435065171,0.7678988615531501,33.630326986520345,4.045067676306899,0.012985377938526218,6.345588782113381,1.685311554731937,5317.76738841442,2403.231593704078,1805.8564049374168,4328.760700129704,2426.1059370416647,False,False,False,False,False,False,False,False,False,False,33.630326986520345,4.045067676306899,0.012985377938526218,6.345588782113381,1.685311554731937,5317.76738841442,2403.231593704078,1805.8564049374168,4328.760700129704,2426.1059370416647
GEO_00071,418972.5033207389,7171151.204942686,intrusive,background,0.0,0.11657826873987345,0.0,0.3250322127298314,0.5338157526931286,0.0,3.5266600138928235,0.011721472372938245,5.839952858432189,1.4957465811803758,5830.394802302847,3200.4937577504584,1763.8811762997593,4052.1593136484116,1891.703201807112,True,False,False,False,False,False,False,False,False,False,29.335539022250224,3.5266600138928235,0.011721472372938245,5.839952858432189,1.4957465811803758,5830.394802302847,3200.4937577504584,1763.8811762997593,4052.1593136484116,1891.703201807112
GEO_00072,364263.95558761497,7139117.328241851,intrusive,background,0.05655273920906308,0.0,0.0,0.213533762042126,0.7873922475034172,30.575981293762844,5.000075420344581,0.0,5.6137983802524065,1.2624890620959224,3283.633629358089,2506.3011033610073,2191.3209911974654,4707.802576095714,2552.8092283457286,False,False,True,False,False,False,False,False,False,False,30.575981293762844,5.000075420344581,0.008293198558566521,5.6137983802524065,1.2624890620959224,3283.633629358089,2506.3011033610073,2191.3209911974654,4707.802576095714,2552.8092283457286
GEO_00073,410042.50655497954,7120975.7627816675,sedimentary,background,0.0,0.0,0.09129014948404607,0.0,0.03669552155195374,0.0,3.905063040168046,0.01407504504498333,0.0,1.9404359628794077,0.0,2284.6511521202942,3049.7024442905117,3088.649938088952,1360.42163136655,True,False,False,True,False,True,False,False,False,False,28.538783513649452,3.905063040168046,0.01407504504498333,4.4858154066571245,1.9404359628794077,2673.99350628813,2284.6511521202942,3049.7024442905117,3088.649938088952,1360.42163136655
GEO_00074,398889.6323064452,7120957.354694845,intrusive,background,0.2333996946332596,0.0,0.0436603893388605,0.18386058511386522,0.8605051777184415,44.52270411956727,6.6390410639183655,0.013046288998974559,5.597368728862016,1.6200590173823664,3930.920168875884,0.0,1669.3617352577396,4236.65999519592,2151.9456058858577,False,False,False,False,False,False,True,False,False,False,44.52270411956727,6.6390410639183655,0.013046288998974559,5.597368728862016,1.6200590173823664,3930.920168875884,1544.0017043669054,1669.3617352577396,4236.65999519592,2151.9456058858577
GEO_00075,366732.4027942886,7130540.728421169,volcanic,background,0.014341461669582691,0.0,0.0,0.7554859343558264,0.022896114143930748,36.84078460756379,3.725596905100362,0.0,4.847330074094231,0.0,5101.799156462062,4791.207065141493,1525.445196569863,4117.587371810337,1321.1433878195912,False,False,True,False,True,False,False,False,False,False,36.84078460756379,3.725596905100362,0.00960644466015708,4.847330074094231,1.026993055258068,5101.799156462062,4791.207065141493,1525.445196569863,4117.587371810337,1321.1433878195912
GEO_00076,410789.79368991964,7117663.118744788,intrusive,background,0.03347272270377739,0.11855918544704938,0.13524618619203282,0.29218415075241777,0.7241820785216521,33.96726202927824,3.9041401311806085,0.0,7.110979907903414,1.4200853602299444,3900.614219775267,2402.5743426031045,2452.4764991191055,3993.197922462126,2232.256648863559,False,False,True,False,False,False,False,False,False,False,33.96726202927824,3.9041401311806085,0.009995796799543816,7.110979907903414,1.4200853602299444,3900.614219775267,2402.5743426031045,2452.4764991191055,3993.197922462126,2232.256648863559
GEO_00077,369940.845562793,7119817.731436496,volcanic,background,0.046870366696259505,0.0,0.0,0.8348853215607274,0.0,43.49288997888261,0.0,0.013192464869696033,8.191948073737201,1.3144590685290436,4391.550608700495,4314.424656773895,1974.3423067670096,3676.5958160607292,1434.6499740023944,False,True,False,False,False,False,False,False,False,False,43.49288997888261,3.1575501520391516,0.013192464869696033,8.191948073737201,1.3144590685290436,4391.550608700495,4314.424656773895,1974.3423067670096,3676.5958160607292,1434.6499740023944
GEO_00078,356845.73855892464,7148397.168874021,intrusive,background,0.0,0.02369426098663019,0.00417311037838314,0.24726609683784959,0.7705733844345635,34.09994587273263,3.5913210409684773,0.013646316832298822,5.996907273857651,1.4713973052498528,4508.027450031067,2564.3178608794374,1942.8460909828045,4430.888227206009,1768.6900892839997,False,False,False,False,False,False,False,False,False,False,34.09994587273263,3.5913210409684773,0.013646316832298822,5.996907273857651,1.4713973052498528,4508.027450031067,2564.3178608794374,1942.8460909828045,4430.888227206009,1768.6900892839997
GEO_00079,399444.53778544726,7173869.008860941,volcanic,background,0.06346847699637286,0.01787106565464229,0.054426595560738686,0.7870042099375908,0.0,32.61792561196394,3.663189673019683,0.01440615526674315,6.743552595027034,0.0,5360.735449123905,3205.7782270145194,2213.2829291444905,3103.501796785853,1487.8460309858197,False,False,False,False,True,False,False,False,False,False,32.61792561196394,3.663189673019683,0.01440615526674315,6.743552595027034,1.1480005114008207,5360.735449123905,3205.7782270145194,2213.2829291444905,3103.501796785853,1487.8460309858197
GEO_00080,392957.46648258687,7151644.776191496,intrusive,anomalous,0.8470974460396884,0.31161025286768007,0.7613878419906448,0.22593194122896795,0.608065998064263,110.59408215518057,10.265114554995336,0.048258754207723166,7.666104480809103,2.4448889510829876,5756.734437970334,2785.596185361868,1930.0636851336035,4167.43014188227,2713.6659769551993,False,False,False,False,False,False,False,False,False,False,110.59408215518057,10.265114554995336,0.048258754207723166,7.666104480809103,2.4448889510829876,5756.734437970334,2785.596185361868,1930.0636851336035,4167.43014188227,2713.6659769551993
GEO_00081,400762.1368972221,7142808.082535433,volcanic,anomalous,0.9360314749337864,0.2898103556994205,0.5030839780124505,0.6295807060943075,0.041254687551941616,126.70424525172537,10.774399415950697,0.03460146054523245,9.353979757230393,1.831038827549216,5720.469436483213,3564.7861966167866,2126.315356195063,0.0,1477.9721411995597,False,False,False,False,False,False,False,False,True,False,126.70424525172537,10.774399415950697,0.03460146054523245,9.353979757230393,1.831038827549216,5720.469436483213,3564.7861966167866,2126.315356195063,2436.160031477752,1477.9721411995597
GEO_00082,363949.9286953111,7112880.97793808,sedimentary,background,0.15064238164191124,0.08858647601748712,0.07378783373443873,0.0,0.11460879981039963,52.58825637265209,4.804161379274091,0.01823294587485075,0.0,1.5924641915914441,0.0,2223.9422491006344,3091.1963898795116,3083.042917932178,1593.1912659947684,False,False,False,True,False,True,False,False,False,False,52.58825637265209,4.804161379274091,0.01823294587485075,4.633458610610461,1.5924641915914441,2642.2968836589707,2223.9422491006344,3091.1963898795116,3083.042917932178,1593.1912659947684
GEO_00083,369853.1591885162,7100503.920930354,sedimentary,background,0.17070706821847859,0.0,0.0,0.0,0.24894939274005567,35.66972578728491,4.146244331457041,0.012285732628487122,6.211995148753703,1.7042022599847728,3174.548433169262,0.0,3478.066190800092,2756.9370593943777,1263.1242511349985,False,False,False,False,False,False,True,False,False,False,35.66972578728491,4.146244331457041,0.012285732628487122,6.211995148753703,1.7042022599847728,3174.548433169262,1694.3467658002478,3478.066190800092,2756.9370593943777,1263.1242511349985
GEO_00084,404785.83877115196,7168393.693970822,volcanic,background,0.2785951737786747,0.3480028368068643,0.2464778561279121,0.6150291637596443,0.0,,4.585708986396387,0.025669221442641037,7.513974604556108,2.548510596655579,6881.861309299739,2978.670882724817,2106.8140321231763,0.0,1444.4650809615998,False,False,False,False,False,False,False,False,True,False,55.61750201126903,4.585708986396387,0.025669221442641037,7.513974604556108,2.548510596655579,6881.861309299739,2978.670882724817,2106.8140321231763,1856.9026784284995,1444.4650809615998
GEO_00085,356469.7317000726,7168626.736861794,intrusive,background,0.02566842869694613,0.0,0.09520088107471862,0.31900738681335394,0.6284754799424821,35.378499461360505,3.6980024232835986,0.014352918730259021,0.0,1.5162347759413768,4531.154361916458,2612.033499290363,0.0,4675.124121219682,1973.231505473208,False,False,False,True,False,False,False,True,False,False,35.378499461360505,3.6980024232835986,0.014352918730259021,3.6625542325981835,1.5162347759413768,4531.154361916458,2612.033499290363,1473.705215765832,4675.124121219682,1973.231505473208
GEO_00086,420005.8880604901,7169788.172935119,volcanic,background,0.12059399976110911,0.1128776521059725,0.0,0.7645982465469894,0.22543511613811884,39.57262956588899,5.137368690873618,0.01179375001325252,0.0,1.6105745405308522,5960.407696250269,3380.9933380508614,1873.875532318811,2862.91928044078,1615.7855228927897,False,False,False,True,False,False,False,False,False,False,39.57262956588899,5.137368690873618,0.01179375001325252,3.8239139605701684,1.6105745405308522,5960.407696250269,3380.9933380508614,1873.875532318811,2862.91928044078,1615.7855228927897
GEO_00087,384295.5505231994,7113998.742225569,volcanic,background,0.0,0.0,0.04939226365389342,0.6217386132735894,0.06107405257048415,37.16224776190998,0.0,0.01393839404584798,5.326847235708618,1.5193962944395232,5230.36155334247,3207.29798618536,2453.7975367646704,3505.3187560877814,1764.314890148746,False,True,False,False,False,False,False,False,False,False,37.16224776190998,3.435013494619032,0.01393839404584798,5.326847235708618,1.5193962944395232,5230.36155334247,3207.29798618536,2453.7975367646704,3505.3187560877814,1764.314890148746
GEO_00088,399471.53563179023,7102100.2814533925,sedimentary,background,0.0,0.0,0.13751905171720927,0.0,0.32248686081854117,42.645054638310896,4.012893026609307,0.012897841164034245,6.264375717825838,1.497624822022494,4431.213128677889,2079.006344578599,3640.6042515604495,3983.8814237225065,1512.6664408985855,False,False,False,False,False,False,False,False,False,False,42.645054638310896,4.012893026609307,0.012897841164034245,6.264375717825838,1.497624822022494,4431.213128677889,2079.006344578599,3640.6042515604495,3983.8814237225065,1512.6664408985855
GEO_00089,375048.4403348096,7138213.551337889,volcanic,halo,0.416788646368973,0.16058727135541284,0.2975402905211797,0.6774057409673688,0.0,73.71885013043148,7.207496061818314,0.013844843075881188,8.271891120559598,1.4555134475639668,5216.844067107934,3798.781844011462,1802.0686170970764,3158.440257844792,1272.327667732231,False,False,False,False,False,False,False,False,False,False,73.71885013043148,7.207496061818314,0.013844843075881188,8.271891120559598,1.4555134475639668,5216.844067107934,3798.781844011462,1802.0686170970764,3158.440257844792,1272.327667732231
GEO_00090,364317.0284234294,7136198.019981909,intrusive,background,0.06907799526153399,0.0,0.0420550322553339,0.1741896512908095,0.7464253358780528,30.172308097057172,6.401910150895978,0.010570130228494623,0.0,1.2855135429808395,5671.9070403926835,1742.7908493339621,2310.58928989743,4011.904206443979,2484.4149530827845,False,False,False,True,False,False,False,False,False,False,30.172308097057172,6.401910150895978,0.010570130228494623,4.543141297572717,1.2855135429808395,5671.9070403926835,1742.7908493339621,2310.58928989743,4011.904206443979,2484.4149530827845
GEO_00091,350776.9702236362,7140982.554346112,sedimentary,background,0.08215793113759076,0.06396160910293897,0.19158904174277558,0.06406676415666687,0.19919966014142512,39.12559857112791,5.099370110119972,0.011304201910151544,8.672441968386252,1.3730976051129553,3152.4437881767667,2200.516339282301,,3805.697406982135,1921.8041695869567,False,False,False,False,False,False,False,False,False,False,39.12559857112791,5.099370110119972,0.011304201910151544,8.672441968386252,1.3730976051129553,3152.4437881767667,2200.516339282301,4100.117773619923,3805.697406982135,1921.8041695869567
GEO_00092,366803.43667587626,7157362.413358182,intrusive,background,0.0,0.07440622124422534,0.0,0.21402358851735365,0.948184579071698,32.4544997140742,5.808715317335251,0.013990907608965352,5.206115414031986,1.3912171195948988,3715.4906854841947,2277.352634454422,2000.6355027189763,4732.830762303727,2701.907094620866,False,False,False,False,False,False,False,False,False,False,32.4544997140742,5.808715317335251,0.013990907608965352,5.206115414031986,1.3912171195948988,3715.4906854841947,2277.352634454422,2000.6355027189763,4732.830762303727,2701.907094620866
GEO_00093,419600.05430173216,7169105.020780294,sedimentary,background,0.00658862183083922,0.025292469331554338,0.11646684058610657,0.0,0.2679846450112694,40.192084072860396,4.616918646257558,0.015022514343835941,0.0,1.2677851944197664,3383.803146201813,1857.0544410425991,3024.7299913832703,3000.0191839800923,1931.4290399112815,False,False,False,True,False,False,False,False,False,False,40.192084072860396,4.616918646257558,0.015022514343835941,3.4143260638469313,1.2677851944197664,3383.803146201813,1857.0544410425991,3024.7299913832703,3000.0191839800923,1931.4290399112815
GEO_00094,427826.3841918047,7139425.152715482,intrusive,background,0.0,0.0,0.05115921558446335,0.16346802068118094,0.7602400659985615,43.01460175566092,3.6097415380258036,0.012917666987699522,0.0,1.514826702303072,5572.5338475756735,2721.6308667381018,1652.469920908335,3973.3069412096615,2310.1016369272097,False,False,False,True,False,False,False,False,False,False,43.01460175566092,3.6097415380258036,0.012917666987699522,3.856944599971421,1.514826702303072,5572.5338475756735,2721.6308667381018,1652.469920908335,3973.3069412096615,2310.1016369272097
GEO_00095,385343.3874552882,7162067.574394518,intrusive,background,0.10929456919886972,0.1037567345748786,0.05360463378571044,0.28532843261294605,0.7461124183177025,49.553519978180596,5.249444194066315,0.014327866431378183,7.031570176000389,1.27831941596541,3056.8670857439824,2274.880574476461,1787.0273016059652,4812.863905036364,2426.357217218397,False,False,False,False,False,False,False,False,False,False,49.553519978180596,5.249444194066315,0.014327866431378183,7.031570176000389,1.27831941596541,3056.8670857439824,2274.880574476461,1787.0273016059652,4812.863905036364,2426.357217218397
GEO_00096,380299.9595847403,7100449.240809162,intrusive,background,0.040118229148824194,0.25103199117170344,0.08686632112802262,0.4421242018746061,0.756746476029303,63.98016499383175,4.211415377793699,0.013195678301520757,9.934559628967571,1.828533919283845,6967.861994835747,3975.8402616604612,2343.0706928168147,5287.223891402376,1863.1452152912823,False,False,False,False,False,False,False,False,False,False,63.98016499383175,4.211415377793699,0.013195678301520757,9.934559628967571,1.828533919283845,6967.861994835747,3975.8402616604612,2343.0706928168147,5287.223891402376,1863.1452152912823
GEO_00097,372075.766501452,7116979.511728826,intrusive,background,0.0,0.061782771287643014,0.0,0.2939835901792482,0.8567580859029991,42.755391328831955,4.627291963121604,0.01342642180856175,7.219419793757527,1.5220773461599442,3771.01644402358,2339.39418416971,1652.8515523455171,5791.389971137321,2604.665684391395,False,False,False,False,False,False,False,False,False,False,42.755391328831955,4.627291963121604,0.01342642180856175,7.219419793757527,1.5220773461599442,3771.01644402358,2339.39418416971,1652.8515523455171,5791.389971137321,2604.665684391395
GEO_00098,427288.3287387553,7119731.9649173375,intrusive,background,0.0,0.07644620656393548,0.0,0.11297822276651234,0.7550124937686677,34.43851521425579,4.031188457972796,0.011900369049202998,5.04016290650668,1.5372854982407747,3298.710616980032,2339.1419138368638,1811.204785892597,5001.562452666919,2925.051026880479,False,False,False,False,False,False,False,False,False,False,34.43851521425579,4.031188457972796,0.011900369049202998,5.04016290650668,1.5372854982407747,3298.710616980032,2339.1419138368638,1811.204785892597,5001.562452666919,2925.051026880479
GEO_00099,354656.2084212675,7131168.23877425,intrusive,background,0.1832114991396272,0.005511470585508369,0.0,0.15680896555360208,0.7579022745811675,46.720750248834975,5.550723072280588,0.015974297878398377,5.134617476329692,1.3822889694986198,4416.808109217729,1799.1730922642096,1702.3626655097546,6690.948652539967,2529.047069556881,False,False,False,False,False,False,False,False,False,False,46.720750248834975,5.550723072280588,0.015974297878398377,5.134617476329692,1.3822889694986198,4416.808109217729,1799.1730922642096,1702.3626655097546,6690.948652539967,2529.047069556881
GEO_00100,382698.7119089484,7168920.535166353,sedimentary,background,0.07806329539729219,0.0038020759107567246,0.0,0.00993360819494991,0.33860715691052534,38.979145537015654,4.895093066867443,0.012027444718273038,5.25055450866651,1.3237333062988217,4529.517101646655,2759.777976606045,3243.1510185031602,3621.1650218548552,1925.254338257256,False,False,False,False,False,False,False,False,False,False,38.979145537015654,4.895093066867443,0.012027444718273038,5.25055450866651,1.3237333062988217,4529.517101646655,2759.777976606045,3243.1510185031602,3621.1650218548552,1925.254338257256
GEO_00101,363490.3075622789,7113933.61537902,sedimentary,background,0.0,0.1770462661291824,0.10078248718715384,0.0,0.3007568387987324,0.0,4.067742260979282,0.01603442694655355,8.775707204341051,2.5923942828176134,3647.6517762880935,2071.4485966901625,4189.830013935636,3853.5643421912864,2160.2732437467403,True,False,False,False,False,False,False,False,False,False,28.797207777232767,4.067742260979282,0.01603442694655355,8.775707204341051,2.5923942828176134,3647.6517762880935,2071.4485966901625,4189.830013935636,3853.5643421912864,2160.2732437467403
GEO_00102,369211.524672135,7166813.52417679,sedimentary,background,0.21062717878026702,0.0,0.0,0.008068846486730646,0.2832112796426134,45.33946716020406,3.795126656146745,0.012318281050432102,0.0,1.4360517692384933,4731.551000403412,2296.841404588355,3296.485051699082,2530.3644670091016,1703.2406579997662,False,False,False,True,False,False,False,False,False,False,45.33946716020406,3.795126656146745,0.012318281050432102,4.216400979245469,1.4360517692384933,4731.551000403412,2296.841404588355,3296.485051699082,2530.3644670091016,1703.2406579997662
GEO_00103,412400.62850673695,7112701.435911033,volcanic,background,0.046157666679991105,0.0,0.0,0.8865992622804976,0.20075995963882687,32.14796326407925,3.698970043540242,0.01198410511995109,8.511531029121667,1.284467948082248,5579.019193967092,3085.7488247483816,2599.902224007278,2878.3013143406365,0.0,False,False,False,False,False,False,False,False,False,True,32.14796326407925,3.698970043540242,0.01198410511995109,8.511531029121667,1.284467948082248,5579.019193967092,3085.7488247483816,2599.902224007278,2878.3013143406365,1140.7086805709416
GEO_00104,366301.407692449,7112555.547695847,intrusive,background,0.030984863103682102,0.15741444998297674,0.02692550401609624,0.14404368341208607,0.7434161123408473,32.49734591847688,4.723919993570174,0.010693493258864846,6.730308444789063,1.2155918155594523,5037.620817462853,1828.8711679589724,1864.165794053523,3836.2011332014868,2156.6768029494892,False,False,False,False,False,False,False,False,False,False,32.49734591847688,4.723919993570174,0.010693493258864846,6.730308444789063,1.2155918155594523,5037.620817462853,1828.8711679589724,1864.165794053523,3836.2011332014868,2156.6768029494892
GEO_00105,394164.07638092974,7128939.542897976,intrusive,background,0.05881156265265636,0.0,0.21614584913280224,0.14963212280540766,0.6396553245792581,40.81602846724784,,0.011709381288755833,7.144846502942951,2.1539540126289,4941.803638910737,2283.3095250872398,1968.4673911382433,3448.862394528258,1871.3367074278597,False,False,False,False,False,False,False,False,False,False,40.81602846724784,4.068555367168059,0.011709381288755833,7.144846502942951,2.1539540126289,4941.803638910737,2283.3095250872398,1968.4673911382433,3448.862394528258,1871.3367074278597
GEO_00106,379359.5313641334,7138117.441535805,intrusive,background,0.5162829380357987,0.0,0.16367664706499718,0.238841009403962,0.590181653877831,56.78157145547722,8.171614558114719,0.018494459832571346,5.388111952756577,2.080328725502493,4427.711294774738,2809.014231587578,2086.9332926977227,4213.366900637703,2366.7246621674876,False,False,False,False,False,False,False,False,False,False,56.78157145547722,8.171614558114719,0.018494459832571346,5.388111952756577,2.080328725502493,4427.711294774738,2809.014231587578,2086.9332926977227,4213.366900637703,2366.7246621674876
GEO_00107,390582.53771138855,7168735.880426534,intrusive,background,0.11101236005150102,0.11086196121982106,0.032850739529343885,0.24729554551371136,0.7464486645535693,0.0,5.000669303275557,0.016578607999718383,8.630843413185028,1.4893668770562174,5546.938212057682,2826.988837034986,1805.8384559979952,3440.672629326692,2526.084870976733,True,False,False,False,False,False,False,False,False,False,29.96567604782309,5.000669303275557,0.016578607999718383,8.630843413185028,1.4893668770562174,5546.938212057682,2826.988837034986,1805.8384559979952,3440.672629326692,2526.084870976733
GEO_00108,376675.02373570285,7147225.674217605,intrusive,halo,0.45720815868143444,0.17251066536147272,0.27776438743694193,0.26410030528246875,0.7771284573071006,59.119710288302514,9.057557887381039,0.02213133470580155,5.6247448573847585,1.5287805332894449,4972.043565675772,3113.3185602491603,0.0,5077.38138160309,2016.3484364174994,False,False,False,False,False,False,False,True,False,False,59.119710288302514,9.057557887381039,0.02213133470580155,5.6247448573847585,1.5287805332894449,4972.043565675772,3113.3185602491603,1232.5863134996735,5077.38138160309,2016.3484364174994
GEO_00109,372617.73392863024,7123175.923685903,intrusive,background,0.21409508402131,0.2015381456226276,0.0917399277262962,0.32321044391463344,0.8511322551709326,43.72438368230078,4.829364872989707,0.019538606315770115,7.723095960890628,2.3380501101288105,5764.833270817315,2270.277600200398,0.0,4619.557688027992,2362.1852308031607,False,False,False,False,False,False,False,True,False,False,43.72438368230078,4.829364872989707,0.019538606315770115,7.723095960890628,2.3380501101288105,5764.833270817315,2270.277600200398,1320.3299762186894,4619.557688027992,2362.1852308031607
GEO_00110,372546.42410441657,7112189.55359542,sedimentary,background,0.0,0.2242656077591392,0.0,0.0,0.058928847542284,34.22873557514441,0.0,0.012137307492672582,8.397114406817112,1.8271755833481897,3262.3902257542595,2177.061270714362,2992.870073636255,3131.0304407811805,1678.903036002164,False,True,False,False,False,False,False,False,False,False,34.22873557514441,3.302593554427245,0.012137307492672582,8.397114406817112,1.8271755833481897,3262.3902257542595,2177.061270714362,2992.870073636255,3131.0304407811805,1678.903036002164
GEO_00111,356830.503369703,7145713.647567685,volcanic,background,0.20750987917163152,0.0,0.08767014494659646,0.7960706620725869,0.0,41.29713255223117,3.706719044361452,0.014203028724209765,5.252736992380091,1.871358297605084,5934.144469032254,3269.73119658466,1729.767887082598,0.0,1177.0455540883324,False,False,False,False,False,False,False,False,True,False,41.29713255223117,3.706719044361452,0.014203028724209765,5.252736992380091,1.871358297605084,5934.144469032254,3269.73119658466,1729.767887082598,2009.8033094960906,1177.0455540883324
GEO_00112,388545.0924624548,7161568.8381334655,volcanic,background,0.3939211967087794,0.12143678145119778,0.26941449556915853,0.7121615746002045,0.0,60.83735671568882,4.92426582145549,0.020087610711326705,7.941745279790599,1.7546618512663261,5339.374367127865,2979.1631417838853,2434.8435395866654,2669.4811076483556,1255.3368901753554,False,False,False,False,False,False,False,False,False,False,60.83735671568882,4.92426582145549,0.020087610711326705,7.941745279790599,1.7546618512663261,5339.374367127865,2979.1631417838853,2434.8435395866654,2669.4811076483556,1255.3368901753554
GEO_00113,420667.4315611643,7135355.980336886,volcanic,background,0.054093725580679125,0.0010578789992399078,0.11364738963760537,0.731335813441645,0.0,33.49263652842165,4.988333285043139,0.0,6.885893422007907,1.5947777857736785,7758.507872011495,3783.646591612332,3146.985953946263,3442.485999456335,1174.9119797976186,False,False,True,False,False,False,False,False,False,False,33.49263652842165,4.988333285043139,0.008447440298218497,6.885893422007907,1.5947777857736785,7758.507872011495,3783.646591612332,3146.985953946263,3442.485999456335,1174.9119797976186
GEO_00114,425778.2212808017,7118088.000327957,intrusive,background,0.0,0.040388405236763666,0.0,0.08002428685619742,0.6100227741268069,0.0,4.201361373199551,0.012570070275244071,6.123596765758871,1.70073713411852,4713.896033200731,0.0,1841.3674373991917,4185.872319021246,2364.7288414142263,True,False,False,False,False,False,True,False,False,False,25.852388945217374,4.201361373199551,0.012570070275244071,6.123596765758871,1.70073713411852,4713.896033200731,1379.2978358893704,1841.3674373991917,4185.872319021246,2364.7288414142263
GEO_00115,352190.6977541695,7124195.521681469,volcanic,background,0.19375576310700723,0.0,0.0,0.6114958000148827,0.0,37.12336464798654,5.676856721677925,0.013712054223663702,6.974730181758605,1.212143807434887,5165.575647760928,2512.075109294274,1735.1895034905306,2833.0708387252616,1219.7209148338648,False,False,False,False,False,False,False,False,False,False,37.12336464798654,5.676856721677925,0.013712054223663702,6.974730181758605,1.212143807434887,5165.575647760928,2512.075109294274,1735.1895034905306,2833.0708387252616,1219.7209148338648
GEO_00116,423420.1795602045,7136052.578249838,intrusive,background,0.04085308255705529,0.009702486402104043,0.006261544889564057,0.20781668428305167,0.8210059258670873,37.17960636661367,4.925414405278531,0.011711118268291727,5.5836839748106595,0.0,,2249.716830634337,1659.5549927369982,5376.761683854496,2747.556690098248,False,False,False,False,True,False,False,False,False,False,37.17960636661367,4.925414405278531,0.011711118268291727,5.5836839748106595,1.1226893622562557,3840.0489788357736,2249.716830634337,1659.5549927369982,5376.761683854496,2747.556690098248
GEO_00117,359721.96235883277,7169853.468345955,sedimentary,background,0.05930284444647945,0.03138400635353466,0.0,0.057336670783081405,0.17569847694735335,30.977748103383558,3.753833581641405,0.011959540888395048,5.781132988205909,1.8196648727936855,3626.317715396515,1865.8679129514308,3719.0283208087926,3661.4453405638037,1886.0606101035985,False,False,False,False,False,False,False,False,False,False,30.977748103383558,3.753833581641405,0.011959540888395048,5.781132988205909,1.8196648727936855,3626.317715396515,1865.8679129514308,3719.0283208087926,3661.4453405638037,1886.0606101035985
GEO_00118,409827.8207828647,7172772.039084942,sedimentary,background,0.0,0.13241805511890925,0.04368356112201437,0.0,0.4352100223977309,0.0,3.7971652922002535,0.012819288874288117,6.670990317831782,0.0,3919.8045598434896,2562.63031200695,3833.0825413007974,3658.5602601067526,1539.9591202583892,True,False,False,False,True,False,False,False,False,False,28.045759337207407,3.7971652922002535,0.012819288874288117,6.670990317831782,1.1775074042074927,3919.8045598434896,2562.63031200695,3833.0825413007974,3658.5602601067526,1539.9591202583892
GEO_00119,421721.6593639756,7108436.758773965,volcanic,background,0.058304841436269725,0.0,0.0,0.6024981086829824,0.07289459859713159,0.0,3.9198992974867033,0.0,0.0,0.0,5593.500403683052,3604.9846651029075,1989.6678431471287,3414.1107009314183,1427.6922087484593,True,False,True,True,True,False,False,False,False,False,29.690500467396973,3.9198992974867033,0.010194874344193614,4.742121746970568,0.9985636724197978,5593.500403683052,3604.9846651029075,1989.6678431471287,3414.1107009314183,1427.6922087484593
GEO_00120,363434.3839949725,7105735.573715695,intrusive,background,0.0546647690789668,0.027251222512099278,0.0,0.1730996996110356,0.6675328088026737,46.996399571476964,4.337383029979479,0.011820189765083542,0.0,1.360164684545934,3714.2157147066737,2058.832420065437,2413.0160435639673,4869.92094731033,2615.7413882084793,False,False,False,True,False,False,False,False,False,False,46.996399571476964,4.337383029979479,0.011820189765083542,4.52137339138905,1.360164684545934,3714.2157147066737,2058.832420065437,2413.0160435639673,4869.92094731033,2615.7413882084793
GEO_00121,376517.0575413449,7122836.7431227,volcanic,background,0.19160470476234825,0.0,0.0,0.859876883329096,0.0,44.36411437237578,,0.013388561142582555,6.496007337160249,0.0,5847.438601710128,3755.10183997534,2549.430651930953,2970.138863658558,1512.1976681000945,False,False,False,False,True,False,False,False,False,False,44.36411437237578,3.839479508356983,0.013388561142582555,6.496007337160249,1.148524175073016,5847.438601710128,3755.10183997534,2549.430651930953,2970.138863658558,1512.1976681000945
GEO_00122,380252.5300492642,7100135.790653089,intrusive,background,0.0,0.0,0.009525003655230941,0.1025057586620094,0.6045038760305643,36.921375634986376,3.915872044765409,0.011437170005679466,0.0,1.2298452427168953,4255.245457541976,2310.4467775826074,1960.818044781812,4179.473013575775,2446.7166739269446,False,False,False,True,False,False,False,False,False,False,36.921375634986376,3.915872044765409,0.011437170005679466,4.35489508780934,1.2298452427168953,4255.245457541976,2310.4467775826074,1960.818044781812,4179.473013575775,2446.7166739269446
GEO_00123,377747.91661393526,7141939.499071784,sedimentary,background,0.1599587586089039,0.04077569196662599,0.25335890153283036,0.017486123034694552,0.41577188712155316,49.250889001465644,4.865688533503652,0.0,10.40495142975341,2.134214049733268,3403.6731869846653,2669.59593118505,3351.563482341795,4674.636865097297,1646.0336843178438,False,False,True,False,False,False,False,False,False,False,49.250889001465644,4.865688533503652,0.010188955598424851,10.40495142975341,2.134214049733268,3403.6731869846653,2669.59593118505,3351.563482341795,4674.636865097297,1646.0336843178438
GEO_00124,391300.45608922903,7176572.171080772,intrusive,background,0.0,0.09346586492793871,0.0,0.2501692727006682,0.7200449466882253,33.271079778884264,3.934586013360544,0.013846574050429121,7.295109719483817,1.5426597399173116,0.0,2466.443017734005,1586.3034804597173,5900.453501947145,2120.594134670984,False,False,False,False,False,True,False,False,False,False,33.271079778884264,3.934586013360544,0.013846574050429121,7.295109719483817,1.5426597399173116,2843.316396903289,2466.443017734005,1586.3034804597173,5900.453501947145,2120.594134670984
GEO_00125,350719.52218970645,7161238.532756392,volcanic,background,0.0,0.0,0.0,0.8332806648110139,0.0,0.0,3.6116243121545573,0.0,5.984779714861649,0.0,6494.806498457689,2804.6496358223226,2649.129660953486,2972.792537405506,1531.7499526952158,True,False,True,False,True,False,False,False,False,False,22.824492913264304,3.6116243121545573,0.008842587738925418,5.984779714861649,1.0885344526280065,6494.806498457689,2804.6496358223226,2649.129660953486,2972.792537405506,1531.7499526952158
GEO_00126,383814.2563585907,7124944.666313387,sedimentary,background,0.2074660658472401,0.05422773574781696,0.22925126544768049,0.06269089336771703,0.27102360738223935,44.81200374950321,7.113221383566533,0.013827918533403483,,1.4082012591884996,4989.64862299051,0.0,2644.804801807386,3795.756629558705,1486.0478097413131,False,False,False,False,False,False,True,False,False,False,44.81200374950321,7.113221383566533,0.013827918533403483,6.914382470839804,1.4082012591884996,4989.64862299051,1619.0523505533206,2644.804801807386,3795.756629558705,1486.0478097413131
GEO_00127,420212.61836092937,7101545.223538476,intrusive,background,0.0005275304020844439,0.16252757686378785,0.08199816930377278,0.21509428932930907,0.7138477922651806,0.0,4.588231752020668,0.012667599880000418,0.0,1.6351724230231572,3807.9965012207795,1927.4959242871173,2143.154675948732,,2945.8096979348447,True,False,False,True,False,False,False,False,False,False,28.368995362657493,4.588231752020668,0.012667599880000418,4.349915075362449,1.6351724230231572,3807.9965012207795,1927.4959242871173,2143.154675948732,4855.590089529803,2945.8096979348447
GEO_00128,356992.41222819785,7151825.886677951,sedimentary,background,0.03286882608391907,0.030703131444810648,0.048802036997821874,0.07819009484436501,0.12923705903304383,31.635254017057562,0.0,0.01854976082278963,6.643033016336796,1.5733278990149757,3264.334253054551,1935.6937027262677,4014.600095485573,0.0,1161.7429474834387,False,True,False,False,False,False,False,False,True,False,31.635254017057562,3.278812972582974,0.01854976082278963,6.643033016336796,1.5733278990149757,3264.334253054551,1935.6937027262677,4014.600095485573,1849.3640312833625,1161.7429474834387
GEO_00129,388726.785396643,7158978.401754144,intrusive,halo,0.5115361883682771,0.07741002794383792,0.187493086621832,0.371487265063952,0.7394752519787903,70.79079288196648,5.366182070542493,0.022128564265346432,5.912388431228269,0.0,4661.937710640169,2599.91673759177,1876.3639085685952,4869.5864905754825,1765.4887950945333,False,False,False,False,True,False,False,False,False,False,70.79079288196648,5.366182070542493,0.022128564265346432,5.912388431228269,1.0602042821855575,4661.937710640169,2599.91673759177,1876.3639085685952,4869.5864905754825,1765.4887950945333
GEO_00130,388498.2181872424,7169246.1695148805,sedimentary,background,0.2647741316694052,0.08484557458564515,0.11044825306359451,0.0,0.29880211282171953,42.858140800370506,5.646651925505772,0.015925159016027722,,2.416514997290212,3391.91253958494,1754.9460399160841,3796.947629402702,3309.9626355051437,1970.207068254025,False,False,False,False,False,False,False,False,False,False,42.858140800370506,5.646651925505772,0.015925159016027722,6.330854043669963,2.416514997290212,3391.91253958494,1754.9460399160841,3796.947629402702,3309.9626355051437,1970.207068254025
GEO_00131,412605.7192255892,7168844.169411609,sedimentary,background,0.14869803389274083,0.3493109195339845,0.0897361813863314,0.0,0.2994782076839336,39.070135752941965,6.218421349962011,0.01507945964412415,8.078926330133092,2.2842504746853334,3706.6440097322525,2321.187471446446,3924.229534791052,4069.0290047873914,1340.2754741940112,False,False,False,False,False,False,False,False,False,False,39.070135752941965,6.218421349962011,0.01507945964412415,8.078926330133092,2.2842504746853334,3706.6440097322525,2321.187471446446,3924.229534791052,4069.0290047873914,1340.2754741940112
GEO_00132,427164.7660110713,7158723.573173652,volcanic,background,0.0,0.015721047008330873,0.06353236129737161,0.5827932817696293,0.0,39.261328558676965,3.6819437902236363,0.011851552653613246,4.822370593939871,1.49870646403803,6078.884291728947,3306.598094812452,2231.4702995854705,3080.3438078117397,1308.6968082976798,False,False,False,False,False,False,False,False,False,False,39.261328558676965,3.6819437902236363,0.011851552653613246,4.822370593939871,1.49870646403803,6078.884291728947,3306.598094812452,2231.4702995854705,3080.3438078117397,1308.6968082976798
GEO_00133,406567.71533084346,7144139.364696639,volcanic,halo,0.4873173303772179,0.15656507324247293,0.33048412279216727,0.7025250218721273,0.0,75.57941731277893,6.249420242657997,0.020287612816269767,7.7714456513006525,1.9243555299354147,8296.055265278148,4179.640806656316,2129.9252816980525,2605.3255047326384,1507.2975753340056,False,False,False,False,False,False,False,False,False,False,75.57941731277893,6.249420242657997,0.020287612816269767,7.7714456513006525,1.9243555299354147,8296.055265278148,4179.640806656316,2129.9252816980525,2605.3255047326384,1507.2975753340056
GEO_00134,371898.9376732397,7130527.054244247,sedimentary,background,0.1059641155168775,0.1443839559941984,0.25934742159824253,0.0,0.24061072260361988,34.596819367172934,3.6655137014368604,0.0,8.701787032385692,1.9589377389955223,3229.306151285158,2059.6347948187777,3734.659434356738,4534.011588681701,2180.241801059326,False,False,True,False,False,False,False,False,False,False,34.596819367172934,3.6655137014368604,0.010000424951294393,8.701787032385692,1.9589377389955223,3229.306151285158,2059.6347948187777,3734.659434356738,4534.011588681701,2180.241801059326
GEO_00135,403609.06403758866,7126314.002587811,intrusive,background,0.1279412016863929,0.0,0.09441396541943134,0.26044276569785335,0.7133569224884898,34.67204963899586,5.2556917585138105,0.0,5.5237605572521105,1.3757551871285119,4183.014374799774,2001.0908614779303,1807.1885745179331,6550.3976101000635,2091.4779948028768,False,False,True,False,False,False,False,False,False,False,34.67204963899586,5.2556917585138105,0.009624173750305883,5.5237605572521105,1.3757551871285119,4183.014374799774,2001.0908614779303,1807.1885745179331,6550.3976101000635,2091.4779948028768
GEO_00136,377802.78421985905,7163152.038886747,volcanic,background,0.051779436322922076,0.0,0.0,0.8065800128696793,0.0,35.824555439536645,4.666935110948261,0.013736390848727426,5.176469132233702,1.7716535522561319,7724.709034825151,3847.0281837951443,2274.451762348631,2965.457517436617,1501.1742260017136,False,False,False,False,False,False,False,False,False,False,35.824555439536645,4.666935110948261,0.013736390848727426,5.176469132233702,1.7716535522561319,7724.709034825151,3847.0281837951443,2274.451762348631,2965.457517436617,1501.1742260017136
GEO_00137,411450.22688439273,7148007.839466554,intrusive,halo,0.36620530773726956,0.37984387072130527,0.3174774225750966,0.2678017442965569,0.85190403004585,62.70512401548641,8.261884001219364,0.016588602093737415,11.2647860074192,2.0357224892802215,6095.945877876784,3070.004317959596,1883.8179708853254,4818.953985184317,2482.920037656289,False,False,False,False,False,False,False,False,False,False,62.70512401548641,8.261884001219364,0.016588602093737415,11.2647860074192,2.0357224892802215,6095.945877876784,3070.004317959596,1883.8179708853254,4818.953985184317,2482.920037656289
GEO_00138,404061.7133001989,7173400.941699875,intrusive,background,0.0,0.058934245911249114,0.16222373582756855,0.45754574646276325,0.7904572179022828,0.0,4.201200239593661,0.013646469129108066,5.906115573560976,0.0,5019.146401816404,2344.8173514363148,2014.2195286928861,5234.272298501622,2958.4959657861805,True,False,False,False,True,False,False,False,False,False,29.416805237490223,4.201200239593661,0.013646469129108066,5.906115573560976,1.1497395318231467,5019.146401816404,2344.8173514363148,2014.2195286928861,5234.272298501622,2958.4959657861805
GEO_00139,428202.56224218075,7161216.514854153,intrusive,background,0.08474237724523233,0.010230680720993104,0.11998015563706238,0.23573788450816388,0.6939028539108386,47.39642871148845,4.033454121854104,0.0,5.668988481201573,1.3141144337757198,4954.669820199815,2702.517587971906,1805.6180753532985,,2685.140247220197,False,False,True,False,False,False,False,False,False,False,47.39642871148845,4.033454121854104,0.007730390045261933,5.668988481201573,1.3141144337757198,4954.669820199815,2702.517587971906,1805.6180753532985,4424.784497852614,2685.140247220197
GEO_00140,419336.78316756967,7118849.215553656,intrusive,background,0.045266140568657444,0.13619584251368344,0.0,0.13124521260913058,0.8078571262359963,31.184130150838282,0.0,0.013879579322136558,6.666391387850225,1.4286857172371794,4955.414747167164,2152.9680144288195,1626.0180087761307,4842.911878271323,3358.857872770126,False,True,False,False,False,False,False,False,False,False,31.184130150838282,3.0815786436660657,0.013879579322136558,6.666391387850225,1.4286857172371794,4955.414747167164,2152.9680144288195,1626.0180087761307,4842.911878271323,3358.857872770126
GEO_00141,353688.6411716757,7109522.4142046785,sedimentary,background,0.025406428025862224,0.017119920547112703,0.0,0.017004169577637913,0.12042101121689587,0.0,4.495266624378691,0.0,6.335430646157405,1.2596103683616,3403.91637300523,2288.2036016126494,5450.216460135182,0.0,1403.4013109741945,True,False,True,False,False,False,False,False,True,False,28.11516356415599,4.495266624378691,0.009173786249246415,6.335430646157405,1.2596103683616,3403.91637300523,2288.2036016126494,5450.216460135182,2315.8711208079717,1403.4013109741945
GEO_00142,373225.89704701054,7100708.2088476075,sedimentary,background,0.0,0.1297025915814337,0.0,0.09301245533139552,0.143566540390777,0.0,4.650623746008376,0.012528913469699242,5.47888893496049,1.8097805562259892,4317.178900144105,2091.2776210096654,4070.6959187521425,3420.2891136130374,1762.3612501982543,True,False,False,False,False,False,False,False,False,False,28.527839800769392,4.650623746008376,0.012528913469699242,5.47888893496049,1.8097805562259892,4317.178900144105,2091.2776210096654,4070.6959187521425,3420.2891136130374,1762.3612501982543
GEO_00143,418991.2878151264,7106163.038420964,intrusive,background,0.08064574315326116,0.0,0.0,0.11565302728086838,0.9349299288401237,30.12255721502533,5.426114167712385,0.014193529353564337,0.0,2.543814295204722,5133.802116444762,2280.8451244476464,1671.4221211493896,4770.107100217328,2685.88900428134,False,False,False,True,False,False,False,False,False,False,30.12255721502533,5.426114167712385,0.014193529353564337,4.665045378595623,2.543814295204722,5133.802116444762,2280.8451244476464,1671.4221211493896,4770.107100217328,2685.88900428134
GEO_00144,398067.8267232612,7129053.71992915,volcanic,background,0.12786215594628672,0.0,0.2029793542162332,0.742695955652908,0.0,45.11089518527814,0.0,0.0,7.203781326611214,0.0,8570.368016210103,3396.696958158178,1614.9335185683335,2537.9977972468123,1867.930106722085,False,True,True,False,True,False,False,False,False,False,45.11089518527814,3.346858274581259,0.01030340779238023,7.203781326611214,1.0598672088958414,8570.368016210103,3396.696958158178,1614.9335185683335,2537.9977972468123,1867.930106722085
GEO_00145,377540.63667880726,7173976.678494606,volcanic,background,0.0027082270864950235,0.0,0.0634758872898498,0.8575491277847865,0.051795064475111376,35.247385206484786,0.0,0.013998594374888802,6.070773021732492,1.2027200624582985,5049.48350069517,2875.052995052587,2158.4117492088712,3360.5035836259594,1844.8512943885012,False,True,False,False,False,False,False,False,False,False,35.247385206484786,3.0852958000259227,0.013998594374888802,6.070773021732492,1.2027200624582985,5049.48350069517,2875.052995052587,2158.4117492088712,3360.5035836259594,1844.8512943885012
GEO_00146,354448.20614311565,7125981.672018879,sedimentary,background,0.07116104858791236,0.01062187997252168,0.09202778855910965,0.01984294506641333,0.16962688758723118,49.42443114812803,4.943313702793431,0.0,5.098725613765309,1.507361146993321,3612.7522253443717,2078.3597382935595,3224.580934849284,3287.6354355345848,,False,False,True,False,False,False,False,False,False,False,49.42443114812803,4.943313702793431,0.009260828402947528,5.098725613765309,1.507361146993321,3612.7522253443717,2078.3597382935595,3224.580934849284,3287.6354355345848,1858.8533514757903
GEO_00147,411029.81359856785,7102436.153698304,sedimentary,background,0.0,0.0,0.07801542515154444,0.17414207202758325,0.16415456651297242,37.36663966318062,0.0,0.0,0.0,0.0,4935.713124820984,2275.4717377146408,5600.749793142637,3702.6937122895706,1691.8275069807503,False,True,True,True,True,False,False,False,False,False,37.36663966318062,2.9404357749870855,0.010274164199286765,4.5343605377903415,1.009083667348996,4935.713124820984,2275.4717377146408,5600.749793142637,3702.6937122895706,1691.8275069807503
GEO_00148,350121.5030191244,7167777.655693262,intrusive,background,0.0,0.02408159287429818,0.005801442612789884,0.10531006870047058,0.6337679751019291,30.431192201790473,3.672958790153282,0.013124574120672996,5.189250865171778,,4677.25770771841,2602.9992270313496,1931.2316639139033,3613.392964721253,2714.8025000756816,False,False,False,False,False,False,False,False,False,False,30.431192201790473,3.672958790153282,0.013124574120672996,5.189250865171778,1.8516729326782542,4677.25770771841,2602.9992270313496,1931.2316639139033,3613.392964721253,2714.8025000756816
GEO_00149,357427.48313913087,7136167.608042574,sedimentary,background,0.1266579529181718,0.0,0.13249200412569165,0.0532640244965763,0.08142861688431235,37.068990304246334,4.36944489342483,0.014735839204677222,5.341931372782259,1.2645707287579309,3093.9295320469746,2566.910856579708,4854.90508710639,2715.591628581597,1823.6140548694784,False,False,False,False,False,False,False,False,False,False,37.068990304246334,4.36944489342483,0.014735839204677222,5.341931372782259,1.2645707287579309,3093.9295320469746,2566.910856579708,4854.90508710639,2715.591628581597,1823.6140548694784
GEO_00150,429480.3327844512,7142612.185682218,volcanic,background,0.0,0.0,0.025907636365122534,0.5383058947486775,0.12460850281532534,48.27138998056233,5.298062241309174,0.01373379235261763,4.998314390761002,0.0,4585.9959507187095,3368.811214323273,2674.327312673278,4173.329445670329,1491.4375189822322,False,False,False,False,True,False,False,False,False,False,48.27138998056233,5.298062241309174,0.01373379235261763,4.998314390761002,1.063538424254378,4585.9959507187095,3368.811214323273,2674.327312673278,4173.329445670329,1491.4375189822322
GEO_00151,412081.0461782951,7151127.179184374,intrusive,background,0.2307291562085588,0.31266289752954857,0.02321018532236216,0.08140049937340627,0.9705200158167626,50.371918986420184,5.562765581017309,0.013622469334863621,7.464862899061622,2.3896470275584356,4592.612287095477,2247.336845467706,1914.0659828788998,8054.524692657998,3143.4099383168264,False,False,False,False,False,False,False,False,False,False,50.371918986420184,5.562765581017309,0.013622469334863621,7.464862899061622,2.3896470275584356,4592.612287095477,2247.336845467706,1914.0659828788998,8054.524692657998,3143.4099383168264
GEO_00152,419461.6690340998,7107967.864649872,intrusive,background,0.0,0.0,0.0,0.10757434075755604,0.8167211188036811,32.58264448276141,0.0,0.0,6.100370482967085,1.2712778492375751,4393.846203127772,2051.959426392178,3132.73312685911,4482.087840981543,3019.3824690998763,False,True,True,False,False,False,False,False,False,False,32.58264448276141,3.4719123586903313,0.010267138144894139,6.100370482967085,1.2712778492375751,4393.846203127772,2051.959426392178,3132.73312685911,4482.087840981543,3019.3824690998763
GEO_00153,388172.66012693825,7141578.938599722,intrusive,halo,0.8319461148632386,0.0,0.451010480983664,0.3495041263622458,0.8068575567114983,101.00528289862874,12.248128063723895,0.03099005788912821,6.4368740461440925,0.0,6760.441401540825,3033.6555744830525,1687.5000300729755,4375.9521622474,3013.032491745421,False,False,False,False,True,False,False,False,False,False,101.00528289862874,12.248128063723895,0.03099005788912821,6.4368740461440925,1.023091316630804,6760.441401540825,3033.6555744830525,1687.5000300729755,4375.9521622474,3013.032491745421
GEO_00154,363507.891233786,7123088.462804307,sedimentary,background,0.0,0.0,0.03244842676143329,0.02757396208167874,0.14324762699431925,0.0,4.3144255681718375,0.0,5.712211337529493,1.5861947611106808,3500.8065375348956,2118.764204411129,3781.4575210647836,4254.39692648088,1891.0346314393425,True,False,True,False,False,False,False,False,False,False,29.504350919594323,4.3144255681718375,0.008970455524498426,5.712211337529493,1.5861947611106808,3500.8065375348956,2118.764204411129,3781.4575210647836,4254.39692648088,1891.0346314393425
GEO_00155,392718.18569161324,7119580.272297485,volcanic,background,0.055835255956939764,0.0,0.01381052228499486,0.8323664679393381,0.0,37.709604076314726,4.162383686344168,0.011097474053717832,5.159719470096992,1.2509404351095066,5467.947493450994,4379.165184824978,2042.77848393623,2553.243353769714,1153.3510109763183,False,False,False,False,False,False,False,False,False,False,37.709604076314726,4.162383686344168,0.011097474053717832,5.159719470096992,1.2509404351095066,5467.947493450994,4379.165184824978,2042.77848393623,2553.243353769714,1153.3510109763183
GEO_00156,384066.5501461242,7102158.990738602,intrusive,background,0.0,0.13240178533673566,0.0,0.16597214320150594,0.9021296361681534,32.412049866964374,4.7610469703468175,0.011146292213812312,5.3450942763377745,1.6081076093983546,4761.149938106023,1868.7285913392916,1715.6697839662352,3441.9491331049944,4065.255520069278,False,False,False,False,False,False,False,False,False,False,32.412049866964374,4.7610469703468175,0.011146292213812312,5.3450942763377745,1.6081076093983546,4761.149938106023,1868.7285913392916,1715.6697839662352,3441.9491331049944,4065.255520069278
GEO_00157,363042.3677284146,7138692.580714046,volcanic,background,0.04599983810293092,0.0,0.1278117014693053,0.5354497135698141,0.2633095834585368,0.0,0.0,0.012053166008388206,5.22489817147324,1.5383863208238602,4404.733839303027,3017.033933944888,2072.7312865818217,3762.5391173459134,2315.7304849846837,True,True,False,False,False,False,False,False,False,False,29.955455236826996,3.2458121010679255,0.012053166008388206,5.22489817147324,1.5383863208238602,4404.733839303027,3017.033933944888,2072.7312865818217,3762.5391173459134,2315.7304849846837
GEO_00158,363270.2056960572,7103635.436170604,volcanic,background,0.06271197344752225,0.0,0.0,0.7813234954780219,0.07103351841041099,35.39222079111388,0.0,0.012726930985617481,0.0,1.5861330826903708,6075.804425479413,3645.7485234750634,1579.3022846318397,0.0,1257.4381063396459,False,True,False,True,False,False,False,False,True,False,35.39222079111388,3.4072879870653696,0.012726930985617481,4.768828403064391,1.5861330826903708,6075.804425479413,3645.7485234750634,1579.3022846318397,2329.3295705769056,1257.4381063396459
GEO_00159,370652.01346606575,7106969.131088471,sedimentary,background,0.060818645244427226,0.0,0.0,0.0,0.24112435606981245,35.215932833416346,0.0,0.010703150080693724,5.642703040087865,0.0,4270.529844387106,2071.8708856470666,4557.679821620689,2972.3169422914484,1728.2126075508247,False,True,False,False,True,False,False,False,False,False,35.215932833416346,2.810967188436717,0.010703150080693724,5.642703040087865,1.1959548061075944,4270.529844387106,2071.8708856470666,4557.679821620689,2972.3169422914484,1728.2126075508247
GEO_00160,425447.3255892615,7147737.727977094,volcanic,background,0.016545022905090603,0.020628297838662494,0.03075882548570906,0.5514349936435223,0.11278866225273983,0.0,0.0,0.013531617689620702,5.196901006800172,1.2453692415094049,4051.750266382116,4063.2526797364803,2520.046821556346,3124.603662409897,1542.6275631597168,True,True,False,False,False,False,False,False,False,False,20.552279565816924,3.2701479382442398,0.013531617689620702,5.196901006800172,1.2453692415094049,4051.750266382116,4063.2526797364803,2520.046821556346,3124.603662409897,1542.6275631597168
GEO_00161,428944.5553478097,7150239.246295949,sedimentary,background,0.029556945607465537,0.04128669027955683,0.05627584745246779,0.071775886927554,0.2152894161754919,34.600560403489524,0.0,0.012452101439491978,5.2233704718073435,1.2099432680974112,4648.160215011269,2097.9408434600246,2883.626117251498,3666.6242129462566,1559.240666447029,False,True,False,False,False,False,False,False,False,False,34.600560403489524,3.044750810535943,0.012452101439491978,5.2233704718073435,1.2099432680974112,4648.160215011269,2097.9408434600246,2883.626117251498,3666.6242129462566,1559.240666447029
GEO_00162,406293.3131888412,7168984.367205466,volcanic,background,0.29887409422715494,0.2715659717968685,0.14262149677453045,0.7977723147571473,0.0,53.65633627714753,5.009371944665186,0.01976865376851793,8.240199217325427,1.5295006641298734,8860.33285676149,3770.5056007144963,0.0,3539.166091880462,0.0,False,False,False,False,False,False,False,True,False,True,53.65633627714753,5.009371944665186,0.01976865376851793,8.240199217325427,1.5295006641298734,8860.33285676149,3770.5056007144963,1339.329579984694,3539.166091880462,1035.6900788891126
GEO_00163,407852.5930696762,7173292.2593414495,volcanic,background,0.0003249328457861772,0.006117835833216678,0.057149855933921884,0.6232267293407853,0.0,35.81430694097256,4.824760229202866,0.0,5.416406879552564,1.665113729163615,5954.289381544391,3486.767260034252,1968.1293855689312,2980.902451633245,0.0,False,False,True,False,False,False,False,False,False,True,35.81430694097256,4.824760229202866,0.010482124858901992,5.416406879552564,1.665113729163615,5954.289381544391,3486.767260034252,1968.1293855689312,2980.902451633245,947.4837247421112
GEO_00164,408599.82457937347,7139489.07969554,sedimentary,background,0.285986375915095,0.18578544733843744,0.13477039596004436,0.012220065487913486,0.17344164011084218,45.88907800270787,5.1018604438149975,0.019200895332169413,7.678291376390057,1.292037741638509,3257.08232858134,0.0,3323.06815684306,4235.642290117865,1577.9228771319117,False,False,False,False,False,False,True,False,False,False,45.88907800270787,5.1018604438149975,0.019200895332169413,7.678291376390057,1.292037741638509,3257.08232858134,1327.3207081664298,3323.06815684306,4235.642290117865,1577.9228771319117
GEO_00165,391391.64148116444,7165864.973795902,intrusive,background,0.047694488024054016,0.09558172477405084,0.018230559904237234,0.3006759031633901,0.7100207333264119,30.21707219042078,4.480266606106892,0.011986446229388027,4.840332754553269,1.2442923450701238,4122.185063271402,2835.0726849592156,1681.7389046204953,3793.5837505926693,1729.3617138246918,False,False,False,False,False,False,False,False,False,False,30.21707219042078,4.480266606106892,0.011986446229388027,4.840332754553269,1.2442923450701238,4122.185063271402,2835.0726849592156,1681.7389046204953,3793.5837505926693,1729.3617138246918
GEO_00166,364194.1046604294,7114333.818793542,intrusive,background,0.11220416036589298,0.0,0.0,0.15712470113410565,0.5106820689436677,36.982316217270714,3.691004573931478,0.01675676256369791,5.408347298896269,0.0,5003.754285197704,2297.815098078649,1791.5746782245244,3946.503870200721,1701.7141515620208,False,False,False,False,True,False,False,False,False,False,36.982316217270714,3.691004573931478,0.01675676256369791,5.408347298896269,0.7491965836742108,5003.754285197704,2297.815098078649,1791.5746782245244,3946.503870200721,1701.7141515620208
GEO_00167,420211.69655420556,7143216.3185739955,volcanic,background,0.03970447474924658,0.0,0.0,0.6190019805605814,0.0,0.0,0.0,0.01086303718460462,5.687335053036776,1.8581234488853933,5482.579831855061,3581.348383204829,2374.214659161817,2511.7523933506786,0.0,True,True,False,False,False,False,False,False,False,True,28.61111708856015,3.2457079485511504,0.01086303718460462,5.687335053036776,1.8581234488853933,5482.579831855061,3581.348383204829,2374.214659161817,2511.7523933506786,1090.5221138727052
GEO_00168,420431.2284599671,7174115.350897988,sedimentary,background,0.0,0.0,0.10565863039218702,0.024858131411304923,0.2824233946806951,0.0,4.996131283733618,0.0,6.043985601616089,0.0,5903.040163941873,0.0,2714.462038062144,3105.157628736099,1338.8814694269158,True,False,True,False,True,False,True,False,False,False,28.420047745107198,4.996131283733618,0.008419504168407666,6.043985601616089,1.1321661832067649,5903.040163941873,1553.997905038946,2714.462038062144,3105.157628736099,1338.8814694269158
GEO_00169,406762.76422316657,7105165.757950029,volcanic,background,0.0,0.0,0.0,0.8565080460959286,0.09832565104815388,37.11233029860854,4.3289752140419955,0.01295328165283323,7.839624539827361,0.0,6151.9995241315055,3477.20361475926,1845.7024559650074,3296.6601925351183,2109.2348247919194,False,False,False,False,True,False,False,False,False,False,37.11233029860854,4.3289752140419955,0.01295328165283323,7.839624539827361,1.1174065186683952,6151.9995241315055,3477.20361475926,1845.7024559650074,3296.6601925351183,2109.2348247919194
GEO_00170,424674.3045725669,7163133.622417453,intrusive,background,0.11520211716174049,0.0,0.1278570951354891,0.15422387955686423,0.8336061603674839,33.37116270652443,7.274296682309345,0.013031302111969768,5.098365329989453,0.0,4766.458657228579,2281.5571741560593,1794.3114739675016,4172.764606566279,2457.215868244583,False,False,False,False,True,False,False,False,False,False,33.37116270652443,7.274296682309345,0.013031302111969768,5.098365329989453,1.0773529573928131,4766.458657228579,2281.5571741560593,1794.3114739675016,4172.764606566279,2457.215868244583
GEO_00171,428399.8528319539,7112859.394176654,volcanic,background,0.01709100728309977,0.0,0.0,0.7771639527328147,0.0,31.32488378065781,3.7950855134747687,0.0,5.664589382436508,1.5988888094479685,6648.179018155437,2770.0994291145103,,3108.698296262086,1633.4300983426667,False,False,True,False,False,False,False,False,False,False,31.32488378065781,3.7950855134747687,0.007986073554684694,5.664589382436508,1.5988888094479685,6648.179018155437,2770.0994291145103,2130.427385262682,3108.698296262086,1633.4300983426667
GEO_00172,390278.0625705691,7103434.222253814,intrusive,background,0.0,0.03089037161700193,0.0,0.3055750003690445,0.6822617343523975,38.52769536706397,5.026045120855333,0.011004199206911374,6.3866224523516,1.3548101465700586,4104.354723306056,1876.133470281592,2021.731942732576,4143.279594945934,1666.5340808424178,False,False,False,False,False,False,False,False,False,False,38.52769536706397,5.026045120855333,0.011004199206911374,6.3866224523516,1.3548101465700586,4104.354723306056,1876.133470281592,2021.731942732576,4143.279594945934,1666.5340808424178
GEO_00173,410605.56055667956,7142905.700796581,sedimentary,halo,0.4487313334304691,0.2571987830380473,0.19005819915361247,0.01838526603777562,0.19596116960833274,79.146534496742,5.90020610494534,0.023023738435614307,8.269816509817908,1.714671126619673,3971.292017084841,2369.1751868589954,2989.764211491342,2581.846607983365,1910.2714624721136,False,False,False,False,False,False,False,False,False,False,79.146534496742,5.90020610494534,0.023023738435614307,8.269816509817908,1.714671126619673,3971.292017084841,2369.1751868589954,2989.764211491342,2581.846607983365,1910.2714624721136
GEO_00174,399329.4818751241,7169824.581638572,sedimentary,background,0.20116719787419807,0.2234627836520937,0.13332307527089146,0.0,0.23324671184000656,48.84818953641639,4.198172629607772,0.019758894409832087,5.9379003388808025,1.7504061894930862,3986.8477855729866,1994.7420132768675,3750.2091024477145,3087.9750973347664,1207.2508340797276,False,False,False,False,False,False,False,False,False,False,48.84818953641639,4.198172629607772,0.019758894409832087,5.9379003388808025,1.7504061894930862,3986.8477855729866,1994.7420132768675,3750.2091024477145,3087.9750973347664,1207.2508340797276
GEO_00175,359191.12545684195,7126651.12712168,intrusive,background,0.05682196134923434,0.05879758406129182,0.10749293281687033,0.1689547564179745,0.7015347361540976,32.94236683170829,4.986878857531114,0.01243324253829271,5.957921783604402,1.3545141448399092,5039.8656363882055,2061.1182010549364,1962.261473380607,4611.888140872043,1942.671918793146,False,False,False,False,False,False,False,False,False,False,32.94236683170829,4.986878857531114,0.01243324253829271,5.957921783604402,1.3545141448399092,5039.8656363882055,2061.1182010549364,1962.261473380607,4611.888140872043,1942.671918793146
GEO_00176,375279.07840989047,7118243.54223623,intrusive,background,0.0,0.11332802449842906,0.0,0.31534401562533465,0.8614147943696422,38.25616125134024,4.720241321569109,0.013598026843247325,4.927133973767349,1.8908245100438532,4092.319914511206,2508.0503396619893,2066.1945304242454,5606.98623266689,2308.261683149896,False,False,False,False,False,False,False,False,False,False,38.25616125134024,4.720241321569109,0.013598026843247325,4.927133973767349,1.8908245100438532,4092.319914511206,2508.0503396619893,2066.1945304242454,5606.98623266689,2308.261683149896
GEO_00177,355418.7118023918,7125004.2234103605,sedimentary,background,0.0,0.2181504493935055,0.0,0.0,0.13103727416811822,34.96852920269014,3.7680773481394736,0.013234240780839908,7.130121605838446,1.4352109498414618,3585.3756135052136,2463.540947293996,2875.7970466546276,0.0,1892.812218613181,False,False,False,False,False,False,False,False,True,False,34.96852920269014,3.7680773481394736,0.013234240780839908,7.130121605838446,1.4352109498414618,3585.3756135052136,2463.540947293996,2875.7970466546276,2376.9825618734226,1892.812218613181
GEO_00178,420949.69424889813,7118174.386272793,sedimentary,background,0.0,0.1215641652822237,0.03149964429719948,0.0,0.0,0.0,0.0,0.010915921313992603,6.620833686967651,1.4291307229455845,3947.6883190890626,1814.464617655114,2806.3770726205285,4537.993584381392,1358.954879513209,True,True,False,False,False,False,False,False,False,False,25.91776598105772,3.4277124581456797,0.010915921313992603,6.620833686967651,1.4291307229455845,3947.6883190890626,1814.464617655114,2806.3770726205285,4537.993584381392,1358.954879513209
GEO_00179,351765.63190999354,7141465.094943363,intrusive,background,0.007015141918489808,0.058902138883061,0.0,0.2825932964361987,0.8197111185772228,36.23350714682011,0.0,0.0,5.352831749624125,1.703730530870661,3693.3251037989544,2677.421927947822,1796.2559939274659,4120.763753553939,2806.7728391452383,False,True,True,False,False,False,False,False,False,False,36.23350714682011,3.446753644867265,0.010253822877365386,5.352831749624125,1.703730530870661,3693.3251037989544,2677.421927947822,1796.2559939274659,4120.763753553939,2806.7728391452383
GEO_00180,392982.9362723524,7108493.291287078,intrusive,background,0.0,0.0,0.010173206519146449,0.17342454102533317,0.8422271789401511,34.88398850083738,3.590468644553208,0.01244627103313061,0.0,1.4725709593135083,3970.5665269435385,3395.03909394436,2048.949266891944,6930.507478977799,2797.198666955106,False,False,False,True,False,False,False,False,False,False,34.88398850083738,3.590468644553208,0.01244627103313061,4.3373260807142815,1.4725709593135083,3970.5665269435385,3395.03909394436,2048.949266891944,6930.507478977799,2797.198666955106
GEO_00181,364208.96851925843,7114259.63638323,volcanic,background,0.0,0.0,0.0,0.6873598606981783,0.0,30.82086879599395,4.172066901907326,0.0,0.0,1.3210114858277833,7220.3075307867675,3942.5300429877357,1620.7760744503528,0.0,1405.415216296535,False,False,True,True,False,False,False,False,True,False,30.82086879599395,4.172066901907326,0.008508038010409055,4.389389782599739,1.3210114858277833,7220.3075307867675,3942.5300429877357,1620.7760744503528,2054.7563176479516,1405.415216296535
GEO_00182,361759.59274917253,7162280.228179473,intrusive,background,0.09970010964120805,0.07033448959214958,0.11706925627368471,0.44841351888800124,0.8564701651434085,0.0,3.9674926552357292,0.011533894839322451,5.087840041963269,1.2418819801278689,4670.204056083665,3296.3483214741077,1743.4559244427803,4765.5230009723045,2780.4137745423122,True,False,False,False,False,False,False,False,False,False,29.327180327727408,3.9674926552357292,0.011533894839322451,5.087840041963269,1.2418819801278689,4670.204056083665,3296.3483214741077,1743.4559244427803,4765.5230009723045,2780.4137745423122
GEO_00183,363267.55840518797,7117664.924064837,intrusive,background,0.04974657762717974,0.1440597496170405,0.10108336925011574,0.28417385099485826,0.8719670466987153,39.45558329142684,4.5045409477805585,0.011425335027583042,6.534612987039041,1.202593355250202,4318.930926585313,3065.9200288035686,2106.495736439669,2781.213144226854,2858.332291800158,False,False,False,False,False,False,False,False,False,False,39.45558329142684,4.5045409477805585,0.011425335027583042,6.534612987039041,1.202593355250202,4318.930926585313,3065.9200288035686,2106.495736439669,2781.213144226854,2858.332291800158
GEO_00184,420156.3183127121,7153765.96519778,volcanic,background,0.0,0.12347573639488955,0.0,0.4976192229930879,0.0,36.25976278755622,0.0,0.013831294623915016,7.123379749252471,1.4912861601176226,4644.196332399065,2331.3036272647546,2378.299952799665,0.0,1416.5907338631735,False,True,False,False,False,False,False,False,True,False,36.25976278755622,3.416414598517828,0.013831294623915016,7.123379749252471,1.4912861601176226,4644.196332399065,2331.3036272647546,2378.299952799665,1982.2547507874608,1416.5907338631735
GEO_00185,389557.61004632467,7135829.789068796,intrusive,halo,0.5779673523614967,0.015788913986113255,0.28064428667331687,0.20846005607029583,0.7930566489255381,70.76157044839594,8.369317021315846,0.018436508832645672,5.775968818102879,0.0,3708.570111344456,3117.6679741911325,1757.2273204760675,5823.7570382750355,2880.2046660423953,False,False,False,False,True,False,False,False,False,False,70.76157044839594,8.369317021315846,0.018436508832645672,5.775968818102879,1.161914909277423,3708.570111344456,3117.6679741911325,1757.2273204760675,5823.7570382750355,2880.2046660423953
GEO_00186,377272.0396267312,7108841.733930942,intrusive,background,0.10449253205646537,0.057219269854617096,0.0,0.13883851558555635,0.6289195310975466,38.97138065142634,4.915653001758532,0.012743320516467458,6.919464746075406,1.399408724167221,3665.646636541884,2479.044232897399,1840.515574823782,4592.035486901314,1902.6834396084746,False,False,False,False,False,False,False,False,False,False,38.97138065142634,4.915653001758532,0.012743320516467458,6.919464746075406,1.399408724167221,3665.646636541884,2479.044232897399,1840.515574823782,4592.035486901314,1902.6834396084746
GEO_00187,429936.78607053915,7129078.54132752,intrusive,background,0.0,0.0,0.0,0.34863019073241214,0.8215226861836713,32.53006941368485,5.084819841584905,0.013050877400744601,0.0,1.3119209770845486,3675.519231923945,2956.818242055606,1622.6073381491287,3367.0448170952322,,False,False,False,True,False,False,False,False,False,False,32.53006941368485,5.084819841584905,0.013050877400744601,4.469749568587244,1.3119209770845486,3675.519231923945,2956.818242055606,1622.6073381491287,3367.0448170952322,1997.5614592259396
GEO_00188,393677.9916601279,7117402.039224078,volcanic,background,0.2465622661741071,0.0,0.014176911025775488,0.3757118098157946,0.0277725786663949,36.6646606712247,7.392955995310044,0.012656777077351149,6.196444740600812,0.0,4849.051977101117,3263.449717255657,2271.6811408134017,3802.1656685462513,1603.6324571240937,False,False,False,False,True,False,False,False,False,False,36.6646606712247,7.392955995310044,0.012656777077351149,6.196444740600812,1.1693338862333664,4849.051977101117,3263.449717255657,2271.6811408134017,3802.1656685462513,1603.6324571240937
GEO_00189,374266.4900484302,7161695.973811877,intrusive,background,0.0,0.0,0.0,0.3062282098023578,0.8370404070694698,31.503198837919737,4.68884629961506,0.011279567110208376,4.962904374679363,1.9531397248438371,3646.535656839493,1985.2488822453988,1733.7165916955166,5690.399604862511,2318.1326468705292,False,False,False,False,False,False,False,False,False,False,31.503198837919737,4.68884629961506,0.011279567110208376,4.962904374679363,1.9531397248438371,3646.535656839493,1985.2488822453988,1733.7165916955166,5690.399604862511,2318.1326468705292
GEO_00190,379652.1360671722,7171763.279600058,sedimentary,background,0.27940889515786743,0.06860878212298002,0.05971781949918903,0.0052678511257662815,0.1748233049677902,50.297701160236485,4.573803309372726,0.019165340107915523,6.351535956405629,1.4673388281101207,4739.664123932027,1719.169355908659,4466.694990911511,3795.948168973757,1237.9895365554212,False,False,False,False,False,False,False,False,False,False,50.297701160236485,4.573803309372726,0.019165340107915523,6.351535956405629,1.4673388281101207,4739.664123932027,1719.169355908659,4466.694990911511,3795.948168973757,1237.9895365554212
GEO_00191,405669.3502442626,7155033.4146105945,volcanic,anomalous,0.8020416876333859,0.6728846201755492,0.5481184684548472,0.6656832392849455,0.0,106.89136723532818,10.025222738172257,0.036166399476929435,12.141590417422675,3.622231143679718,10085.429210386548,4376.751243073939,2290.8324995998078,3038.0322667007204,1218.8131894356086,False,False,False,False,False,False,False,False,False,False,106.89136723532818,10.025222738172257,0.036166399476929435,12.141590417422675,3.622231143679718,10085.429210386548,4376.751243073939,2290.8324995998078,3038.0322667007204,1218.8131894356086
GEO_00192,359619.725491099,7139731.92405273,sedimentary,background,0.0,0.11827349487126133,0.012833858839343237,0.04167175113193385,0.23015852089075414,38.07868532328794,3.505659852195371,0.012375011684274429,6.515676668492384,1.7870892332673187,4136.201601148035,0.0,3143.079568803725,4022.9740761832422,2006.8862290442912,False,False,False,False,False,False,True,False,False,False,38.07868532328794,3.505659852195371,0.012375011684274429,6.515676668492384,1.7870892332673187,4136.201601148035,1401.820993486044,3143.079568803725,4022.9740761832422,2006.8862290442912
GEO_00193,410657.69505350123,7177831.964412818,sedimentary,background,0.056003525423121966,0.0,0.0,0.17781952991801409,0.44911009679610037,40.93120116577683,5.12561123794852,0.0,5.429549064819982,1.3760837539776138,4789.475756901751,2334.4098212232275,3284.3073875158525,4534.788138271377,1901.5929633450492,False,False,True,False,False,False,False,False,False,False,40.93120116577683,5.12561123794852,0.009693086487662417,5.429549064819982,1.3760837539776138,4789.475756901751,2334.4098212232275,3284.3073875158525,4534.788138271377,1901.5929633450492
GEO_00194,420701.40854791336,7115465.31398209,intrusive,background,0.003736371849453007,0.007078631464578719,0.001992741700633573,0.06821082103162424,0.7965571655575897,37.2626587708068,0.0,0.011491343726256993,6.115230060738626,1.7649144008902227,3874.0282882676693,0.0,0.0,5647.105999337344,2922.049146521144,False,True,False,False,False,False,True,True,False,False,37.2626587708068,3.2453253276333713,0.011491343726256993,6.115230060738626,1.7649144008902227,3874.0282882676693,1592.8314053527029,1466.4885634645748,5647.105999337344,2922.049146521144
GEO_00195,388010.491582163,7106468.645596028,sedimentary,background,0.0,0.0,0.0,0.0,0.09625314241349528,32.04649460437835,0.0,0.01347825457723617,5.003182648967333,1.3384985102555695,0.0,0.0,3594.273159094405,4341.61315030403,1362.5912783446286,False,True,False,False,False,True,True,False,False,False,32.04649460437835,3.2268114459158705,0.01347825457723617,5.003182648967333,1.3384985102555695,2805.6170101679386,1256.824520494146,3594.273159094405,4341.61315030403,1362.5912783446286
GEO_00196,384984.3763972986,7117030.0899921935,sedimentary,background,0.05144392431391397,0.19799833360561267,0.08763220294335167,0.0,0.19896927947684762,0.0,5.123286414776454,0.011585936522645746,4.895304802797689,1.5279054486748171,3918.281090440364,1716.5439434720274,3445.75038869685,3317.5824098028884,1584.0954052627628,True,False,False,False,False,False,False,False,False,False,29.140259337625885,5.123286414776454,0.011585936522645746,4.895304802797689,1.5279054486748171,3918.281090440364,1716.5439434720274,3445.75038869685,3317.5824098028884,1584.0954052627628
GEO_00197,361449.18186150916,7138951.72968957,volcanic,background,0.032976862272766416,0.15465203610397407,0.07666126204290909,0.7043851721446407,0.0,45.99739442647129,3.92144639473016,0.014404490262443828,8.515590572164905,1.5055948896945428,6603.313657670649,,2098.0860228839483,2932.857992499771,1613.3282037871593,False,False,False,False,False,False,False,False,False,False,45.99739442647129,3.92144639473016,0.014404490262443828,8.515590572164905,1.5055948896945428,6603.313657670649,3044.6026290254354,2098.0860228839483,2932.857992499771,1613.3282037871593
GEO_00198,383819.3806727829,7159500.206548118,sedimentary,background,0.0,0.03857650137545193,0.08803793024621234,0.0,0.3321841634239029,39.77230769083697,0.0,0.0,0.0,0.0,3307.3194355642427,1973.1621678442668,2972.3020017584154,4940.489540287825,2164.2040297535827,False,True,True,True,True,False,False,False,False,False,39.77230769083697,3.4595105293446977,0.009614586034778078,4.7777924551834445,1.1844080025485815,3307.3194355642427,1973.1621678442668,2972.3020017584154,4940.489540287825,2164.2040297535827
GEO_00199,411152.9355503331,7107687.29104457,volcanic,background,0.09719074677693795,0.17233434616198498,0.11746299530009136,0.7492590505857661,0.015927739784722814,56.27707141666929,4.491369273130488,0.0160411443653429,6.715330445423355,2.0205903831458745,6515.740958321587,3465.4642191472885,2266.6827074773673,4214.514788752869,1856.0541641696939,False,False,False,False,False,False,False,False,False,False,56.27707141666929,4.491369273130488,0.0160411443653429,6.715330445423355,2.0205903831458745,6515.740958321587,3465.4642191472885,2266.6827074773673,4214.514788752869,1856.0541641696939
GEO_00200,383118.66331487225,7175367.949668215,intrusive,background,0.0,0.0,0.0021973276804520565,0.26643769313435767,0.7210951848972338,33.5250412074215,0.0,0.0,5.4506295335696215,1.3423566864649685,4259.0594500060015,2628.6339716889174,2107.634009591387,3875.0691041376504,2083.4521195315992,False,True,True,False,False,False,False,False,False,False,33.5250412074215,3.0239566746180215,0.00671926831008986,5.4506295335696215,1.3423566864649685,4259.0594500060015,2628.6339716889174,2107.634009591387,3875.0691041376504,2083.4521195315992
GEO_00201,399594.4774912041,7139892.487252151,intrusive,halo,0.6980806936040673,0.22736171271346808,0.4913762084633485,0.21089282359749772,0.7710224844727671,127.10537392798489,14.30766034784384,0.02822279509496788,8.361332094696552,2.0488815723278515,5065.0761164457435,2411.2706804515137,1918.156721449259,6020.60593566199,2313.0099859441975,False,False,False,False,False,False,False,False,False,False,127.10537392798489,14.30766034784384,0.02822279509496788,8.361332094696552,2.0488815723278515,5065.0761164457435,2411.2706804515137,1918.156721449259,6020.60593566199,2313.0099859441975
GEO_00202,353502.35849616956,7164523.334845422,sedimentary,background,0.06525313343915214,0.0,0.0,0.0,0.1309540902175106,40.43092896906463,0.0,0.0133561226495247,5.918215528744171,1.3563224310369253,3965.050035707016,0.0,3077.0819049628053,3027.021925842427,1534.1658512811043,False,True,False,False,False,False,True,False,False,False,40.43092896906463,3.3804467252624595,0.0133561226495247,5.918215528744171,1.3563224310369253,3965.050035707016,1504.8384986550732,3077.0819049628053,3027.021925842427,1534.1658512811043
GEO_00203,367578.0299005701,7155909.410007463,volcanic,background,0.03181420469161746,0.0,0.010057742903906774,0.7709359153628983,0.0513020305637297,35.12791533642317,0.0,0.011846773970592236,5.970160906300664,2.1488774613261445,6117.119949359136,3867.940714846966,2277.791792942974,2970.006201518681,1322.286996861135,False,True,False,False,False,False,False,False,False,False,35.12791533642317,3.4633236324331356,0.011846773970592236,5.970160906300664,2.1488774613261445,6117.119949359136,3867.940714846966,2277.791792942974,2970.006201518681,1322.286996861135
GEO_00204,366306.29714499944,7107231.135915218,volcanic,background,0.0,0.0,0.05679619722325623,0.8492640263915294,0.0,39.502277670144665,3.586675263503963,0.0,5.649949779728788,1.833166635070662,5131.849672810159,3621.253814469578,2312.047484844427,3393.9590435144637,1859.4883627527831,False,False,True,False,False,False,False,False,False,False,39.502277670144665,3.586675263503963,0.010431394922166723,5.649949779728788,1.833166635070662,5131.849672810159,3621.253814469578,2312.047484844427,3393.9590435144637,1859.4883627527831
GEO_00205,428493.88023606426,7166086.349649402,sedimentary,background,0.07969450155013519,0.06435529320811072,0.0,0.12184672062248603,0.15660647529245192,53.66434402314203,3.821715536666685,0.014943671021086496,8.581753091662696,1.8313440692154752,3478.8260231994277,2032.9645464647865,3720.488355861792,3890.5050808668216,1298.8145890024205,False,False,False,False,False,False,False,False,False,False,53.66434402314203,3.821715536666685,0.014943671021086496,8.581753091662696,1.8313440692154752,3478.8260231994277,2032.9645464647865,3720.488355861792,3890.5050808668216,1298.8145890024205
GEO_00206,353563.9905519286,7127067.236350217,intrusive,background,0.0,0.0,0.0,0.2976410892754362,0.774564510332174,39.67348301105506,3.948020109929282,0.012818691994536464,6.423551844425344,1.5122579719384257,5381.406408887027,2573.799775484833,2050.784177637048,5926.41018634436,2233.0106376685167,False,False,False,False,False,False,False,False,False,False,39.67348301105506,3.948020109929282,0.012818691994536464,6.423551844425344,1.5122579719384257,5381.406408887027,2573.799775484833,2050.784177637048,5926.41018634436,2233.0106376685167
GEO_00207,367225.4797279699,7143723.457401989,intrusive,background,0.07740370458495385,0.0,0.0,0.37430122686873746,0.6139661843660664,33.86977427474635,3.64951360370423,0.016706896167127578,4.930073532146455,1.6380622642157543,4766.6388517228315,2947.593506514139,1869.6245480819157,4193.738155972268,2591.349420356071,False,False,False,False,False,False,False,False,False,False,33.86977427474635,3.64951360370423,0.016706896167127578,4.930073532146455,1.6380622642157543,4766.6388517228315,2947.593506514139,1869.6245480819157,4193.738155972268,2591.349420356071
GEO_00208,352511.93871617084,7149840.048233503,volcanic,background,0.0,0.1477965507503652,0.03970193945661788,0.5606417017911524,0.0,35.06584551798337,0.0,0.012534481605500775,5.327206138246309,1.7779241546615487,6131.91226823889,3225.7295204403854,2691.9126639299616,3991.8518745938086,1330.818932225749,False,True,False,False,False,False,False,False,False,False,35.06584551798337,3.1485220633777304,0.012534481605500775,5.327206138246309,1.7779241546615487,6131.91226823889,3225.7295204403854,2691.9126639299616,3991.8518745938086,1330.818932225749
GEO_00209,401162.820135306,7127662.750320049,volcanic,background,0.1829856290754962,0.0,0.10944085867864185,0.7870520728084351,0.0,53.25396369172192,4.39636402645253,0.013959338986725833,5.451428462658778,1.3931770880440755,4931.315992078092,3548.0858686140455,1718.918781494932,3983.3250018104686,1264.618333932483,False,False,False,False,False,False,False,False,False,False,53.25396369172192,4.39636402645253,0.013959338986725833,5.451428462658778,1.3931770880440755,4931.315992078092,3548.0858686140455,1718.918781494932,3983.3250018104686,1264.618333932483
GEO_00210,402253.6337438689,7120308.612282424,sedimentary,background,0.0,0.0,0.007863818135727767,0.04255881808826001,0.35216094112199076,33.31571566460746,0.0,0.0,6.113290777201157,0.0,4030.573603020729,1929.6546475805485,5186.275639647482,4166.765785282848,2094.3871184409404,False,True,True,False,True,False,False,False,False,False,33.31571566460746,3.0438696531179152,0.009973557952596171,6.113290777201157,0.9512547577059131,4030.573603020729,1929.6546475805485,5186.275639647482,4166.765785282848,2094.3871184409404
GEO_00211,377641.72012026224,7132814.293699296,volcanic,background,0.36590476149223916,0.0,0.09588569595707055,0.7023038385778125,0.08961620604176537,59.39602473985481,7.002571208891717,0.013410276310772006,7.725132275924669,1.5948490061339013,4420.996665703644,3727.2167554886905,2156.894945121251,4205.557498291854,1431.0859185581442,False,False,False,False,False,False,False,False,False,False,59.39602473985481,7.002571208891717,0.013410276310772006,7.725132275924669,1.5948490061339013,4420.996665703644,3727.2167554886905,2156.894945121251,4205.557498291854,1431.0859185581442
GEO_00212,352908.3619786483,7158550.214643387,volcanic,background,0.0,0.0,0.051708986897523616,0.8222161947283252,0.010620270087672004,35.09823962360749,4.1170031786723245,0.011130925044459316,7.734294702087939,1.5195398535061928,5579.7163347061605,3989.6142347699356,2129.516289624921,4182.75454085834,1164.3657515579143,False,False,False,False,False,False,False,False,False,False,35.09823962360749,4.1170031786723245,0.011130925044459316,7.734294702087939,1.5195398535061928,5579.7163347061605,3989.6142347699356,2129.516289624921,4182.75454085834,1164.3657515579143
GEO_00213,384800.83554274926,7152227.033596281,intrusive,halo,0.6546726729077186,0.1522147843154964,0.3673185513895674,0.24214576289421716,0.8565835908439399,65.22841322064313,13.96156213822425,0.025257969204262355,9.104849576508652,1.669956458884111,4423.927675091771,2753.5004806893285,2011.5667054083553,4458.803071794906,2004.9815877408219,False,False,False,False,False,False,False,False,False,False,65.22841322064313,13.96156213822425,0.025257969204262355,9.104849576508652,1.669956458884111,4423.927675091771,2753.5004806893285,2011.5667054083553,4458.803071794906,2004.9815877408219
GEO_00214,363706.2907013304,7139182.820724143,intrusive,background,0.0,0.0,0.0,0.22189070995149246,0.8425291488318135,36.53946470793949,5.784548087553169,0.014257263088832656,0.0,1.8065154691725007,3402.9064621962607,2260.366559476646,2003.7595124230618,5009.55140310976,2281.1217997090466,False,False,False,True,False,False,False,False,False,False,36.53946470793949,5.784548087553169,0.014257263088832656,4.479008942898636,1.8065154691725007,3402.9064621962607,2260.366559476646,2003.7595124230618,5009.55140310976,2281.1217997090466
GEO_00215,384137.9388412124,7165192.053846703,sedimentary,background,0.1302353478284863,0.15170589412581864,0.03568056948227376,0.0,0.14304465777209094,39.250879188405584,4.6937760272116416,0.015397464026127109,7.905354381575893,1.9707202978163136,3946.966246642348,1848.409261745327,4147.673382464287,3375.8565556618614,1367.9498711589167,False,False,False,False,False,False,False,False,False,False,39.250879188405584,4.6937760272116416,0.015397464026127109,7.905354381575893,1.9707202978163136,3946.966246642348,1848.409261745327,4147.673382464287,3375.8565556618614,1367.9498711589167
GEO_00216,379824.82020959014,7115429.952691237,sedimentary,background,0.019608635944712578,0.0,0.15424211064185928,0.0,0.09266752470316378,0.0,4.13458642872712,0.013355254965444787,7.126635257851134,0.0,3903.08681627608,0.0,3723.568023722184,3422.8441721999443,1318.2031717964535,True,False,False,False,True,False,True,False,False,False,24.40810801557087,4.13458642872712,0.013355254965444787,7.126635257851134,1.1877660932121945,3903.08681627608,1531.5860978597811,3723.568023722184,3422.8441721999443,1318.2031717964535
GEO_00217,367686.90691781713,7171173.06480487,intrusive,background,0.12703282938652072,0.06854363516107918,0.12318060980861072,0.21389096356361426,0.8777714957033415,46.27300446224336,6.291395771383012,0.016751871044874918,5.4334160352683165,1.5289345766437186,5368.307528483232,2375.8442692972303,1845.5010302737658,4829.355231348555,3228.249814249596,False,False,False,False,False,False,False,False,False,False,46.27300446224336,6.291395771383012,0.016751871044874918,5.4334160352683165,1.5289345766437186,5368.307528483232,2375.8442692972303,1845.5010302737658,4829.355231348555,3228.249814249596
GEO_00218,417331.27559908724,7131696.631656474,volcanic,background,0.04757677360260894,0.16143218628395883,0.0,0.8820909665171442,0.0,35.4019517163176,0.0,0.01575531446169452,11.621951462656773,1.8344099058575691,8283.71513335037,4311.594152278841,2178.6229084725396,2616.109776491671,1541.5090777781995,False,True,False,False,False,False,False,False,False,False,35.4019517163176,2.907862604339636,0.01575531446169452,11.621951462656773,1.8344099058575691,8283.71513335037,4311.594152278841,2178.6229084725396,2616.109776491671,1541.5090777781995
GEO_00219,405409.2039644505,7101720.862940251,volcanic,background,0.24578707521034743,0.0,0.09737596974574787,0.8934614127449245,0.07105865999196584,49.313475553833946,6.105053277867182,0.015356845217976551,6.6019891614222095,0.0,7115.474435922538,4580.940640801528,2403.607824230042,4135.924049134447,1483.6619195304427,False,False,False,False,True,False,False,False,False,False,49.313475553833946,6.105053277867182,0.015356845217976551,6.6019891614222095,0.9887807646847553,7115.474435922538,4580.940640801528,2403.607824230042,4135.924049134447,1483.6619195304427
GEO_00220,387651.6154498216,7142793.655024175,volcanic,anomalous,1.1217406516632398,0.21390684584158717,0.5531184970684389,0.649432062300117,0.0,198.31634644502796,9.870576622885538,0.04908489003228084,9.538876777009426,1.5264423844826231,4361.0021718046255,2842.6553987327607,2120.559815731239,4122.065685909409,1221.897149751779,False,False,False,False,False,False,False,False,False,False,198.31634644502796,9.870576622885538,0.04908489003228084,9.538876777009426,1.5264423844826231,4361.0021718046255,2842.6553987327607,2120.559815731239,4122.065685909409,1221.897149751779
GEO_00221,381974.8250481776,7137829.099496306,volcanic,halo,0.4488045740666008,0.1548133297120723,0.3347241196070685,0.7254998525992895,0.0,,7.087473762337193,0.022593617127281886,6.500995047935245,1.856308563264169,4943.2501377047465,2511.1062648086377,2118.3307423450437,2624.362471038196,0.0,False,False,False,False,False,False,False,False,False,True,73.43002856956369,7.087473762337193,0.022593617127281886,6.500995047935245,1.856308563264169,4943.2501377047465,2511.1062648086377,2118.3307423450437,2624.362471038196,966.9382015640821
GEO_00222,358723.19092744286,7121799.498269829,intrusive,background,0.07462167478547474,0.030325365538539765,0.03472881020611859,0.41133900143589797,0.6288185263901607,47.91820134874674,5.3519242680829535,0.014050494065530878,4.986330012829123,1.266636458701895,3643.5564173960292,2785.6053175569814,1921.5920045257337,4299.689937542806,2877.8657718099057,False,False,False,False,False,False,False,False,False,False,47.91820134874674,5.3519242680829535,0.014050494065530878,4.986330012829123,1.266636458701895,3643.5564173960292,2785.6053175569814,1921.5920045257337,4299.689937542806,2877.8657718099057
GEO_00223,398243.0841394096,7142787.958703265,intrusive,halo,0.6869884291899262,0.3154775813478154,0.3940078857624083,0.15771074414867914,0.8229514664440784,85.39244906152317,9.48525509286453,0.02275275745548546,11.93874934410824,2.446208474889169,3008.2327359412097,0.0,2596.957177165657,6840.724541166635,3085.1279021047653,False,False,False,False,False,False,True,False,False,False,85.39244906152317,9.48525509286453,0.02275275745548546,11.93874934410824,2.446208474889169,3008.2327359412097,1555.1883896239235,2596.957177165657,6840.724541166635,3085.1279021047653
GEO_00224,390332.1559224477,7155986.846517573,intrusive,halo,0.5316651615926229,0.3273667625497562,0.5632282799907431,0.21466771677361898,0.833219848704746,104.37737906706944,6.516160235399961,0.026132000057874034,11.09992911676487,1.9358185877199512,4139.550884301364,2355.0541648207127,1665.5663565669338,6873.656908537482,2624.9761409872403,False,False,False,False,False,False,False,False,False,False,104.37737906706944,6.516160235399961,0.026132000057874034,11.09992911676487,1.9358185877199512,4139.550884301364,2355.0541648207127,1665.5663565669338,6873.656908537482,2624.9761409872403
GEO_00225,422430.48527408385,7174846.0868298,volcanic,background,0.03790385201567936,0.0,0.16995853845943026,0.569673638214998,0.04587601712659922,33.32378963004883,0.0,0.015516471523131042,5.652815836686657,1.5413036757935203,5400.3703077081245,3318.752527329104,2097.761154442368,2821.3520948179294,1596.4630754810835,False,True,False,False,False,False,False,False,False,False,33.32378963004883,2.831564294282041,0.015516471523131042,5.652815836686657,1.5413036757935203,5400.3703077081245,3318.752527329104,2097.761154442368,2821.3520948179294,1596.4630754810835
GEO_00226,427512.79350064613,7102844.852805952,intrusive,background,0.0857067963338804,0.0,0.0030588032132844003,0.41919393698311874,0.8359474919164149,32.938087227682495,5.186538003256072,0.013335208071135193,6.527129494619672,0.0,7391.027904828635,2924.522766697295,1633.515287983011,3582.8725864882686,2611.2890643105325,False,False,False,False,True,False,False,False,False,False,32.938087227682495,5.186538003256072,0.013335208071135193,6.527129494619672,1.1810419212835228,7391.027904828635,2924.522766697295,1633.515287983011,3582.8725864882686,2611.2890643105325
GEO_00227,414767.6232848821,7146492.028747688,volcanic,background,0.2543019585402441,0.12808639522008403,0.12263347001397808,0.6460202661856944,0.0,48.174848021449655,5.645354336408041,0.012298202848534038,6.654955721373428,1.7146955144811655,6727.511113509115,2403.481557114813,1870.8164172831157,2623.5857912699885,1354.8446048651876,False,False,False,False,False,False,False,False,False,False,48.174848021449655,5.645354336408041,0.012298202848534038,6.654955721373428,1.7146955144811655,6727.511113509115,2403.481557114813,1870.8164172831157,2623.5857912699885,1354.8446048651876
GEO_00228,419335.7009811349,7177064.968707817,volcanic,background,0.0,0.1800694198380633,0.01642176065882326,0.6726951958347794,0.04667376653892019,32.01251097822102,3.8217495444522664,0.011111304799260768,7.52216134347584,1.258262163001011,5486.275336369428,4930.215840088507,1735.5820278793199,4283.085170544994,1788.2722951483318,False,False,False,False,False,False,False,False,False,False,32.01251097822102,3.8217495444522664,0.011111304799260768,7.52216134347584,1.258262163001011,5486.275336369428,4930.215840088507,1735.5820278793199,4283.085170544994,1788.2722951483318
GEO_00229,389663.1781065939,7127748.017185146,sedimentary,background,0.3864392051547532,0.020207833410345183,0.12602042061323807,0.0054498548044339245,0.2664570857187329,52.688187461695804,6.6656639671393325,0.018755317775164343,4.869253085191028,0.0,3620.450812370318,0.0,3875.249048584235,2548.171623929824,2462.891309265687,False,False,False,False,True,False,True,False,False,False,52.688187461695804,6.6656639671393325,0.018755317775164343,4.869253085191028,0.9501108385982734,3620.450812370318,1590.483839066533,3875.249048584235,2548.171623929824,2462.891309265687
GEO_00230,379902.57648251095,7173028.803314679,volcanic,background,0.0,0.10672439948993362,0.05324069869936021,0.6234846009292256,0.0,52.59859130628723,0.0,0.0,6.76964458510289,1.3891236618520701,5298.5026737850485,2399.9054470363526,1577.7129404494124,3305.433464264088,0.0,False,True,True,False,False,False,False,False,False,True,52.59859130628723,3.224391683197872,0.008448712384798536,6.76964458510289,1.3891236618520701,5298.5026737850485,2399.9054470363526,1577.7129404494124,3305.433464264088,1063.9529698216622
GEO_00231,388319.2155010202,7126909.0165679185,intrusive,background,0.15794104720822122,0.025964142139021353,0.1521166774535811,0.5136985276460337,0.817703370550972,0.0,5.721617769456557,0.014907906140760175,5.518671974079205,0.0,6985.601619929443,2759.99190779984,2275.5374144457232,3665.8959188427325,1970.9850205759042,True,False,False,False,True,False,False,False,False,False,29.55433911948532,5.721617769456557,0.014907906140760175,5.518671974079205,1.1487854508996327,6985.601619929443,2759.99190779984,2275.5374144457232,3665.8959188427325,1970.9850205759042
GEO_00232,392499.4060184186,7159007.4086873,volcanic,halo,0.47514834472098794,0.31408651854314507,0.23108961848193943,0.8248507181132732,0.03399650506368118,68.77313234362529,8.497936006910571,0.019388851515245085,7.6615559921074,1.7805193559341024,8225.314600898602,3711.062084935855,2307.4445440513873,3616.064293512852,1635.3151989214414,False,False,False,False,False,False,False,False,False,False,68.77313234362529,8.497936006910571,0.019388851515245085,7.6615559921074,1.7805193559341024,8225.314600898602,3711.062084935855,2307.4445440513873,3616.064293512852,1635.3151989214414
GEO_00233,415415.74356059893,7132801.494703315,intrusive,background,0.0,0.05901969019333795,0.0,0.4700762667875845,0.8034857639196035,45.245646061257325,0.0,0.01243210761432066,6.358798994637425,0.0,4989.423867018612,3006.7382728253883,1869.8594235467654,4136.535885822074,3114.575534902799,False,True,False,False,True,False,False,False,False,False,45.245646061257325,3.4107901431156247,0.01243210761432066,6.358798994637425,1.1588406986978852,4989.423867018612,3006.7382728253883,1869.8594235467654,4136.535885822074,3114.575534902799
GEO_00234,362080.5089006725,7150850.064346077,intrusive,background,0.14712852580768196,0.1273724775025476,0.0,0.055562277220499695,0.7310585682451739,42.5265592841259,5.01322349150198,0.01521956427373783,5.92564444797838,1.6398174784301751,4165.784517644172,1799.7155767240401,1819.981204151719,4448.390675685649,2413.7283719711945,False,False,False,False,False,False,False,False,False,False,42.5265592841259,5.01322349150198,0.01521956427373783,5.92564444797838,1.6398174784301751,4165.784517644172,1799.7155767240401,1819.981204151719,4448.390675685649,2413.7283719711945
GEO_00235,398044.7115986528,7153591.574293207,volcanic,anomalous,0.8104181180592891,0.6910465890244575,0.4787260377344103,0.7870946169979802,3.955461484616886e-06,102.92123377333404,9.405145205827905,0.041658012741690696,12.268338512732253,2.6471130004011787,4951.908421017053,4067.705933506382,2278.9381288199884,2557.311276190073,1221.028703914464,False,False,False,False,False,False,False,False,False,False,102.92123377333404,9.405145205827905,0.041658012741690696,12.268338512732253,2.6471130004011787,4951.908421017053,4067.705933506382,2278.9381288199884,2557.311276190073,1221.028703914464
GEO_00236,422479.1826372079,7111531.0872831885,volcanic,background,0.0,0.0,0.0,0.6941209691230452,0.05456357116735423,0.0,0.0,0.0,6.068679864567041,1.2852883808357127,6555.141227765162,3716.6236388701554,2261.211192461166,0.0,1945.6179781936028,True,True,True,False,False,False,False,False,True,False,28.39804444300768,2.998853788025498,0.009088244622802577,6.068679864567041,1.2852883808357127,6555.141227765162,3716.6236388701554,2261.211192461166,2433.5614082890925,1945.6179781936028
GEO_00237,367797.12146978686,7114639.2247833945,intrusive,background,0.056651164230917685,0.0,0.05023182155500165,0.14983360231897422,0.7675754880548566,35.29663687517667,0.0,0.011305763037233504,5.2087178329629085,1.5083696492206558,3359.0846387893034,2309.4591714909943,1751.170799093262,5715.348658177906,2286.0862372149904,False,True,False,False,False,False,False,False,False,False,35.29663687517667,3.0144394329587483,0.011305763037233504,5.2087178329629085,1.5083696492206558,3359.0846387893034,2309.4591714909943,1751.170799093262,5715.348658177906,2286.0862372149904
GEO_00238,373029.0603357759,7141205.755770941,sedimentary,background,0.05052103109675474,0.016747110338597538,0.08417576331487234,0.01992522743466663,0.26372270765485256,39.99207135182088,4.962224582601932,0.0,6.058314937243542,1.3887755250814628,5096.429930373579,2286.260036754299,3065.9868020513254,4898.15187769453,1510.842974710052,False,False,True,False,False,False,False,False,False,False,39.99207135182088,4.962224582601932,0.010266476596658877,6.058314937243542,1.3887755250814628,5096.429930373579,2286.260036754299,3065.9868020513254,4898.15187769453,1510.842974710052
GEO_00239,417377.16801403195,7112737.932105786,intrusive,background,0.0,0.00019592117849453854,0.0,0.4234518763730336,0.6188792820985284,33.15834606250935,4.288686901772796,0.01250051203684317,4.886518144803471,1.3066307701694384,4425.977996275049,2876.491100728625,1711.970189174626,3911.631390487319,1662.7759219863442,False,False,False,False,False,False,False,False,False,False,33.15834606250935,4.288686901772796,0.01250051203684317,4.886518144803471,1.3066307701694384,4425.977996275049,2876.491100728625,1711.970189174626,3911.631390487319,1662.7759219863442
GEO_00240,402149.43149546447,7166332.734723606,sedimentary,halo,0.22561539426570262,0.47353651607720965,0.3509774510008767,0.12943058979819463,0.30209809797892223,68.56702012013272,5.620999892117991,0.026504759065532575,9.398137233776119,1.6583562155897313,3213.662977832679,1763.2667995379106,3949.191026145166,3306.993904554271,1617.414819427848,False,False,False,False,False,False,False,False,False,False,68.56702012013272,5.620999892117991,0.026504759065532575,9.398137233776119,1.6583562155897313,3213.662977832679,1763.2667995379106,3949.191026145166,3306.993904554271,1617.414819427848
GEO_00241,427237.19539145683,7151528.899507694,sedimentary,background,0.0,0.11580594076176531,0.0,0.0,0.12435686620771558,0.0,5.1682783577470275,0.0,6.124738666938881,1.468385551704606,3579.702362410219,1958.1140787033207,3742.2308012614308,5263.428409001604,1831.424179329739,True,False,True,False,False,False,False,False,False,False,26.48880143628182,5.1682783577470275,0.009618247286813295,6.124738666938881,1.468385551704606,3579.702362410219,1958.1140787033207,3742.2308012614308,5263.428409001604,1831.424179329739
GEO_00242,401366.6988281107,7106418.13534892,intrusive,background,0.04213062916103519,0.0,0.11556818472361559,0.6097495603514046,0.861949348948644,38.82621677929249,3.8127522567283187,0.015524902557042548,7.595662908678297,1.2313654448594298,6069.434801241838,2079.871455867356,1714.73233004448,5979.560327735594,1917.7907728999057,False,False,False,False,False,False,False,False,False,False,38.82621677929249,3.8127522567283187,0.015524902557042548,7.595662908678297,1.2313654448594298,6069.434801241838,2079.871455867356,1714.73233004448,5979.560327735594,1917.7907728999057
GEO_00243,425946.63140458206,7169244.1379826665,intrusive,background,0.16976190608602623,0.01859285985225962,0.021738000316720678,0.3792344433737058,0.6084649622266589,47.67215056827592,6.300209751415073,0.0,5.594355218199223,1.8528261755029192,7326.034292827151,2748.643663998138,2641.433331483593,3654.587124166636,1917.727252959069,False,False,True,False,False,False,False,False,False,False,47.67215056827592,6.300209751415073,0.010417138840275043,5.594355218199223,1.8528261755029192,7326.034292827151,2748.643663998138,2641.433331483593,3654.587124166636,1917.727252959069
GEO_00244,416147.8708191258,7163996.703208784,volcanic,background,0.1801552759494132,0.23003599596931007,0.15128511265611902,0.6332691158619587,0.0,48.75631848653988,5.330961133787339,0.017219780585493387,9.589047633436646,2.099437207094441,7350.280052280728,3863.8880375265862,2165.2775002948474,3211.142161292111,1413.5223717322142,False,False,False,False,False,False,False,False,False,False,48.75631848653988,5.330961133787339,0.017219780585493387,9.589047633436646,2.099437207094441,7350.280052280728,3863.8880375265862,2165.2775002948474,3211.142161292111,1413.5223717322142
GEO_00245,403973.4387946909,7168778.533152248,sedimentary,halo,0.3708295012356426,0.40098276049709897,0.09311379179506112,0.0,0.23085662972148405,59.686844542932114,7.62176154513641,0.02882588585389602,12.512889901795868,2.6346713340117747,4658.621186654911,1814.4923106392448,3425.6295646638337,3278.374480803842,1481.9218324754847,False,False,False,False,False,False,False,False,False,False,59.686844542932114,7.62176154513641,0.02882588585389602,12.512889901795868,2.6346713340117747,4658.621186654911,1814.4923106392448,3425.6295646638337,3278.374480803842,1481.9218324754847
GEO_00246,365199.01988806797,7100484.526438228,volcanic,background,0.00020805858211182479,0.0,0.005127350168615275,0.6514342335718284,0.04561110271565112,0.0,4.425050185912419,,4.974135114656549,1.2286154485027945,7510.870298462196,3670.061053531078,2828.381752988089,3166.036458245228,1670.8033912621543,True,False,True,False,False,False,False,False,False,False,22.099867896674734,4.425050185912419,0.00954005298455882,4.974135114656549,1.2286154485027945,7510.870298462196,3670.061053531078,2828.381752988089,3166.036458245228,1670.8033912621543
GEO_00247,367082.65492889413,7107710.69293789,sedimentary,background,0.0,0.1273418587519603,0.0,0.0076265426857753775,0.15841551789245636,39.978162921635864,3.8331002092832756,0.013233030692107177,4.852093240562028,1.3219987387274772,3854.0564157370277,0.0,3742.1830606909316,3461.555760342326,1371.4405668323875,False,False,False,False,False,False,True,False,False,False,39.978162921635864,3.8331002092832756,0.013233030692107177,4.852093240562028,1.3219987387274772,3854.0564157370277,1351.1707624027247,3742.1830606909316,3461.555760342326,1371.4405668323875
GEO_00248,419042.376953127,7112147.557093225,volcanic,background,0.07590716167701723,0.20269818924204322,0.0,0.6639109433775172,0.0,43.44340886123868,4.505843549370172,0.018071941057351475,,1.9444712658035737,5909.243414676723,2628.976369355494,2110.5352742795726,2976.8774571081017,1396.8723615445253,False,False,False,False,False,False,False,False,False,False,43.44340886123868,4.505843549370172,0.018071941057351475,7.529372670499902,1.9444712658035737,5909.243414676723,2628.976369355494,2110.5352742795726,2976.8774571081017,1396.8723615445253
GEO_00249,376713.9145802256,7106937.353012534,volcanic,background,0.017411456961869323,0.0,0.03636211680179063,0.6516881402506955,0.06723385494303223,35.27214255332123,4.510351226967224,0.011429513310539312,4.927767517780787,1.5282511557312544,3770.693032951379,2549.5979471978717,2619.9283403575137,0.0,1514.8057559031527,False,False,False,False,False,False,False,False,True,False,35.27214255332123,4.510351226967224,0.011429513310539312,4.927767517780787,1.5282511557312544,3770.693032951379,2549.5979471978717,2619.9283403575137,2401.525467435755,1514.8057559031527
GEO_00250,404914.8626021378,7151802.555557455,volcanic,anomalous,0.6784423822847945,0.742353349743009,0.43974173207706574,0.8133406176362421,0.1098797470061095,76.03388791757925,9.383765604650984,0.04453682280137594,18.53735021917915,3.432664948497844,8359.867601953601,3155.694596054212,2858.300293974697,2965.4243906333413,1836.5794782249225,False,False,False,False,False,False,False,False,False,False,76.03388791757925,9.383765604650984,0.04453682280137594,18.53735021917915,3.432664948497844,8359.867601953601,3155.694596054212,2858.300293974697,2965.4243906333413,1836.5794782249225
GEO_00251,384830.05750919716,7176929.1207454195,intrusive,background,0.11831493735021335,0.08192109073305576,0.07056333206015496,0.20236311483726593,0.6637489758168875,38.798282895689304,6.0117109451227515,0.014761873241701633,6.519089339332698,1.6829770896706273,4241.542688946358,2375.585230301715,2494.9249604258057,4876.8280429056285,2320.9463381540763,False,False,False,False,False,False,False,False,False,False,38.798282895689304,6.0117109451227515,0.014761873241701633,6.519089339332698,1.6829770896706273,4241.542688946358,2375.585230301715,2494.9249604258057,4876.8280429056285,2320.9463381540763
GEO_00252,386747.90076985775,7158254.076233544,intrusive,background,0.2473760500714482,0.07902100189389606,0.12049501006153394,0.28184484741842697,0.6316084101256098,45.06815187480711,7.050269515305367,0.013454206252630146,6.249161012789145,1.2172957780906635,4063.5926098285768,2449.3731533046694,2084.4466853035938,4267.151945953887,2657.7222799436963,False,False,False,False,False,False,False,False,False,False,45.06815187480711,7.050269515305367,0.013454206252630146,6.249161012789145,1.2172957780906635,4063.5926098285768,2449.3731533046694,2084.4466853035938,4267.151945953887,2657.7222799436963
GEO_00253,350846.0032024206,7104967.045217538,sedimentary,background,0.0,0.21249280804580756,0.0,0.0,0.14326861739845026,0.0,5.647553684855385,0.015128804849799516,7.992937026048712,1.5011992995434178,4456.864673182517,1786.1353058266966,3518.672367486704,3436.2780464336984,1692.0375003400407,True,False,False,False,False,False,False,False,False,False,24.23214531544341,5.647553684855385,0.015128804849799516,7.992937026048712,1.5011992995434178,4456.864673182517,1786.1353058266966,3518.672367486704,3436.2780464336984,1692.0375003400407
GEO_00254,415785.7955874524,7171785.891065207,volcanic,background,0.13100110996393324,0.21034889696233555,0.06659254833998268,0.694047861903027,0.0,45.16953369778009,3.745877030220212,0.01236014762736155,9.471613146106964,2.0209092136767226,6432.34035212182,3764.4215254236847,,0.0,1409.290437527492,False,False,False,False,False,False,False,False,True,False,45.16953369778009,3.745877030220212,0.01236014762736155,9.471613146106964,2.0209092136767226,6432.34035212182,3764.4215254236847,2358.00298908965,2197.0330942865553,1409.290437527492
GEO_00255,374915.9571370469,7127401.999174763,volcanic,background,0.17923320733699755,0.00025223406624105826,0.09264803037427467,0.8391134889841163,0.0,53.10625701893132,4.7687958806852,0.015796506388385142,6.269392205227098,1.3009951127376498,5593.258904793716,3826.3460221725845,2685.4373459919457,0.0,1669.335913389031,False,False,False,False,False,False,False,False,True,False,53.10625701893132,4.7687958806852,0.015796506388385142,6.269392205227098,1.3009951127376498,5593.258904793716,3826.3460221725845,2685.4373459919457,2333.0042353005547,1669.335913389031
GEO_00256,376970.67606411903,7137148.626989995,volcanic,background,0.24299942899255594,0.13180473189051234,0.2623766596825394,0.722893213348583,0.0,36.31744455277686,7.239854595514331,0.016054295561517728,7.30668051844704,1.4995917372806074,7451.178126785389,3157.2099628332553,2806.1029853324853,4618.712530073749,1467.0391712545184,False,False,False,False,False,False,False,False,False,False,36.31744455277686,7.239854595514331,0.016054295561517728,7.30668051844704,1.4995917372806074,7451.178126785389,3157.2099628332553,2806.1029853324853,4618.712530073749,1467.0391712545184
GEO_00257,355728.1520995413,7157438.410901148,intrusive,background,0.06373419094661124,0.0,0.12972541049222422,0.3490404469981149,0.8208638423780886,33.70575230771291,5.631603605132142,0.010898366493229023,5.561517162337643,1.471640523826259,5899.65220379166,2234.7235828484327,2309.309601198827,5387.994532087303,2601.805416378289,False,False,False,False,False,False,False,False,False,False,33.70575230771291,5.631603605132142,0.010898366493229023,5.561517162337643,1.471640523826259,5899.65220379166,2234.7235828484327,2309.309601198827,5387.994532087303,2601.805416378289
GEO_00258,399970.16612004663,7147106.081096281,intrusive,halo,0.8466275422699465,0.21844413759359907,0.554340827536652,0.2639246160942426,0.6730544642050538,139.69832736207067,11.851835347331237,0.03062135843421121,5.895033457454314,0.0,5176.705928483343,2884.6823712538057,1661.7015546566402,4267.836559606824,3339.0058632863875,False,False,False,False,True,False,False,False,False,False,139.69832736207067,11.851835347331237,0.03062135843421121,5.895033457454314,1.1569331345957081,5176.705928483343,2884.6823712538057,1661.7015546566402,4267.836559606824,3339.0058632863875
GEO_00259,412288.97203509824,7169639.55604012,intrusive,background,0.21025969088060847,0.30218323570866323,0.14607075152239057,0.3839473760635289,0.6706138335737216,55.238772042787694,4.0691280111706245,0.020779169191036225,8.12879687891822,2.145199411261029,5007.408317366856,2326.8967799232346,2920.317419515305,2798.9467376467965,1924.2521783182453,False,False,False,False,False,False,False,False,False,False,55.238772042787694,4.0691280111706245,0.020779169191036225,8.12879687891822,2.145199411261029,5007.408317366856,2326.8967799232346,2920.317419515305,2798.9467376467965,1924.2521783182453
GEO_00260,390883.30098273954,7115727.35753096,intrusive,background,0.013836965289666943,0.02016993405604482,0.038959951261011955,0.26824082880025896,0.9081659477258316,43.07648028772115,4.476214816133597,0.012317040319164349,4.805350463385473,1.6108224028565543,3810.7451419218114,1984.1135867215069,1546.0695148462435,6021.801148492121,2630.0272562853156,False,False,False,False,False,False,False,False,False,False,43.07648028772115,4.476214816133597,0.012317040319164349,4.805350463385473,1.6108224028565543,3810.7451419218114,1984.1135867215069,1546.0695148462435,6021.801148492121,2630.0272562853156
GEO_00261,388216.79064656503,7118135.965524946,intrusive,background,0.0,0.18883451188904735,0.04355210852884119,0.3867564679315658,0.863847065312467,38.15071720705683,4.675365972692369,0.012613829806559269,5.642980205622467,1.7512507847999927,5199.479945748566,2170.61176327173,1750.3648367526155,4093.241733334842,1768.4212805351292,False,False,False,False,False,False,False,False,False,False,38.15071720705683,4.675365972692369,0.012613829806559269,5.642980205622467,1.7512507847999927,5199.479945748566,2170.61176327173,1750.3648367526155,4093.241733334842,1768.4212805351292
GEO_00262,411768.57005045156,7110881.123688914,volcanic,background,0.0,0.026844328369170955,0.0,0.5921732751635067,0.17363749703270492,34.945112664252484,4.222106337552811,0.011188644255699359,5.911345566716638,1.434593197406371,6465.942090181983,3617.667362788292,2417.111774625312,2860.4852610935263,1669.00612969489,False,False,False,False,False,False,False,False,False,False,34.945112664252484,4.222106337552811,0.011188644255699359,5.911345566716638,1.434593197406371,6465.942090181983,3617.667362788292,2417.111774625312,2860.4852610935263,1669.00612969489
GEO_00263,357737.8405353165,7120257.176632002,intrusive,background,0.1529493954707312,0.04067259194314485,0.008598056793041528,0.38383498369616953,0.7540516787810436,40.40572856440105,4.180797278572088,0.01457833065427828,0.0,0.0,5579.233200515108,3011.2638148198744,0.0,4837.8450684744685,2415.984157258627,False,False,False,True,True,False,False,True,False,False,40.40572856440105,4.180797278572088,0.01457833065427828,4.276118613859231,1.154163582458078,5579.233200515108,3011.2638148198744,1395.6575911901764,4837.8450684744685,2415.984157258627
GEO_00264,393273.4670312018,7141355.043174153,intrusive,halo,0.781817442555495,0.14967780754515367,0.4983058975387893,0.3173508322980604,0.7402657775343079,101.20467326674965,8.516401983681865,0.026115885760049456,8.317905039684902,2.2099653563099553,5839.7093565448595,2170.654321350904,2189.7361329642254,6554.943383919393,2436.2386354977425,False,False,False,False,False,False,False,False,False,False,101.20467326674965,8.516401983681865,0.026115885760049456,8.317905039684902,2.2099653563099553,5839.7093565448595,2170.654321350904,2189.7361329642254,6554.943383919393,2436.2386354977425
GEO_00265,409910.69257679133,7109013.084726634,sedimentary,background,0.0,0.027893667589763537,0.0,0.0,0.16220052058500217,0.0,4.622615075849945,0.0,5.7462586908003885,1.4866280871069246,3532.62835563677,2003.5416596360103,3914.8686816283694,3743.9254006188985,1610.664923469764,True,False,True,False,False,False,False,False,False,False,26.445230453382315,4.622615075849945,0.010232329103148696,5.7462586908003885,1.4866280871069246,3532.62835563677,2003.5416596360103,3914.8686816283694,3743.9254006188985,1610.664923469764
GEO_00266,379304.616683244,7170324.332063946,intrusive,background,0.12477094768770303,0.0,0.08040192902223309,0.203199126732306,0.6055535794180941,46.147142769183276,5.102636194948794,0.0112682323708714,7.741648386596605,1.4469051608059202,4649.844651470992,2844.6734054738035,1861.2032758272815,3283.1685663188036,1582.855823500507,False,False,False,False,False,False,False,False,False,False,46.147142769183276,5.102636194948794,0.0112682323708714,7.741648386596605,1.4469051608059202,4649.844651470992,2844.6734054738035,1861.2032758272815,3283.1685663188036,1582.855823500507
GEO_00267,420090.4381059621,7164853.779968285,sedimentary,background,0.05504092810333823,0.08425780182036255,0.083961856793021,0.0,0.0,34.19999747531187,4.754131080075106,0.0136268590338153,6.92458809855511,1.3676328829069746,0.0,1914.6421671056094,2492.1674589677045,2546.1986253350365,1483.1144078337663,False,False,False,False,False,True,False,False,False,False,34.19999747531187,4.754131080075106,0.0136268590338153,6.92458809855511,1.3676328829069746,2887.3806817904424,1914.6421671056094,2492.1674589677045,2546.1986253350365,1483.1144078337663
GEO_00268,386545.2142067147,7161239.672091045,intrusive,background,0.17889941991119862,0.0,0.25699027421822757,0.2426393993395532,0.7458165161877114,39.86126892612211,4.006508665592701,0.014390068604692122,6.197970036197029,1.3660051947167946,3183.8276400062787,2674.9865964051864,1772.6439943533726,4851.737346207101,2902.6264251200896,False,False,False,False,False,False,False,False,False,False,39.86126892612211,4.006508665592701,0.014390068604692122,6.197970036197029,1.3660051947167946,3183.8276400062787,2674.9865964051864,1772.6439943533726,4851.737346207101,2902.6264251200896
GEO_00269,359271.71154887584,7176534.125498983,intrusive,background,0.0,0.0,0.0,0.2873800353691033,0.6754784699762032,35.33894658506603,5.206656857243346,0.012432482672006494,4.976245664460136,1.2027341796203863,6053.8083249925985,3657.494152700685,1815.5225206660389,4556.919513980247,2420.342729834037,False,False,False,False,False,False,False,False,False,False,35.33894658506603,5.206656857243346,0.012432482672006494,4.976245664460136,1.2027341796203863,6053.8083249925985,3657.494152700685,1815.5225206660389,4556.919513980247,2420.342729834037
GEO_00270,428151.22511124646,7144886.827740321,intrusive,background,0.0,0.0,0.0,0.21515935367388747,0.8189322025511727,38.41402352142345,0.0,0.012978600367037827,5.740082238643582,1.428854616795996,3959.681862203437,3103.151965033714,1823.0305197928521,6660.072467333351,3391.4556905203767,False,True,False,False,False,False,False,False,False,False,38.41402352142345,3.3016074858709685,0.012978600367037827,5.740082238643582,1.428854616795996,3959.681862203437,3103.151965033714,1823.0305197928521,6660.072467333351,3391.4556905203767
GEO_00271,386472.0586312426,7155424.133695086,intrusive,background,0.41235392962063905,0.07343255473244836,0.33943355140367,0.3733820138677419,0.8536261316206528,58.91169896560648,8.607104556636578,0.022141988108265422,6.310021306951771,0.0,4888.484115669733,2923.709268959341,3052.232838527151,6290.672497841501,3324.7176356112877,False,False,False,False,True,False,False,False,False,False,58.91169896560648,8.607104556636578,0.022141988108265422,6.310021306951771,1.023082041950898,4888.484115669733,2923.709268959341,3052.232838527151,6290.672497841501,3324.7176356112877
GEO_00272,410223.1302876342,7122542.0253206985,intrusive,background,0.012103306030892328,0.0005375027605468589,0.0,0.0496547752045155,0.600099702266087,36.98707854100897,5.189174012348051,0.0,4.9357401769089915,0.0,3181.7031238165278,2102.7345228053373,2731.807326253875,3352.3362724042304,2302.0325124252986,False,False,True,False,True,False,False,False,False,False,36.98707854100897,5.189174012348051,0.010094646186853247,4.9357401769089915,1.1125770097213576,3181.7031238165278,2102.7345228053373,2731.807326253875,3352.3362724042304,2302.0325124252986
GEO_00273,356260.2564644546,7173379.9422784755,sedimentary,background,0.0,0.0,0.0,0.0,0.06488143253362086,34.64190050006073,0.0,0.01119226853499189,0.0,1.7073165294319026,4390.101781560907,1792.5391382887535,3313.1032577304177,2890.150944138,1279.3602455977782,False,True,False,True,False,False,False,False,False,False,34.64190050006073,2.762665748131934,0.01119226853499189,3.852368316663347,1.7073165294319026,4390.101781560907,1792.5391382887535,3313.1032577304177,2890.150944138,1279.3602455977782
GEO_00274,414707.2355003556,7167804.26407292,intrusive,background,0.0,0.3091464079027828,0.13436740162657895,0.13993019372120497,0.7778923132686509,40.46986843034714,3.580599834089682,0.013866314254400913,6.814734964898784,2.3885520004397933,4297.090339029903,2747.2488377473287,1633.56240739317,2908.5644553361217,2769.375794337803,False,False,False,False,False,False,False,False,False,False,40.46986843034714,3.580599834089682,0.013866314254400913,6.814734964898784,2.3885520004397933,4297.090339029903,2747.2488377473287,1633.56240739317,2908.5644553361217,2769.375794337803
GEO_00275,362160.0259102269,7151368.262815678,sedimentary,background,0.0,0.26013666880895436,0.0,0.0,0.3484793085682475,35.91363665384065,4.687642761554653,0.013978911762909016,8.676214440015363,2.132492848731315,3344.4975842975214,0.0,3941.3373511956984,3764.991012726983,1620.0577751510643,False,False,False,False,False,False,True,False,False,False,35.91363665384065,4.687642761554653,0.013978911762909016,8.676214440015363,2.132492848731315,3344.4975842975214,1362.505123794278,3941.3373511956984,3764.991012726983,1620.0577751510643
GEO_00276,359996.50280333246,7115440.445886347,intrusive,background,0.0,0.0,0.06837605472374059,0.35053822410292024,0.9151946719255187,0.0,6.064385131653376,0.011523271399131143,5.722632175791708,0.0,4021.0084864208666,2723.36373753465,1544.5143777838732,6182.243226707386,2490.5809755167447,True,False,False,False,True,False,False,False,False,False,27.215836971232562,6.064385131653376,0.011523271399131143,5.722632175791708,1.1534930393695528,4021.0084864208666,2723.36373753465,1544.5143777838732,6182.243226707386,2490.5809755167447
GEO_00277,372114.9041973584,7146500.142198468,intrusive,background,0.1700467610269419,0.18355168155786183,0.11010528163400084,0.26241702630686403,0.6863745963885666,54.14275275630146,5.281834791441516,0.013415521240503483,10.190599305743184,1.6452879014507398,4015.812205927967,2897.7327239889296,2058.645418836065,4391.502786799266,1600.7079416824627,False,False,False,False,False,False,False,False,False,False,54.14275275630146,5.281834791441516,0.013415521240503483,10.190599305743184,1.6452879014507398,4015.812205927967,2897.7327239889296,2058.645418836065,4391.502786799266,1600.7079416824627
GEO_00278,383976.5913231483,7128969.473003994,intrusive,background,0.1976580507540307,0.13577574248396423,0.12866344242937394,0.4131744150675238,0.7631265919588162,32.77708186084083,6.355589595623766,0.013877116595244357,7.2997703514850105,1.3414629677615233,5073.282041899697,1982.0075173025746,1888.8019729112866,5902.267251549367,2525.0843448158384,False,False,False,False,False,False,False,False,False,False,32.77708186084083,6.355589595623766,0.013877116595244357,7.2997703514850105,1.3414629677615233,5073.282041899697,1982.0075173025746,1888.8019729112866,5902.267251549367,2525.0843448158384
GEO_00279,388822.85426303477,7116064.928321855,volcanic,background,0.13664808298000286,0.0,0.0,0.6773793932032666,0.1525184570562862,37.05222421270457,4.3498582452750885,0.012749859621471633,7.703819971226291,1.393487889510064,5936.890683059819,3046.7214550575086,2294.4133315171216,3528.3834463754015,1322.58862964012,False,False,False,False,False,False,False,False,False,False,37.05222421270457,4.3498582452750885,0.012749859621471633,7.703819971226291,1.393487889510064,5936.890683059819,3046.7214550575086,2294.4133315171216,3528.3834463754015,1322.58862964012
GEO_00280,384263.4022055636,7138270.922930897,volcanic,halo,0.6889231475529162,0.1421657638174366,0.4698119222540462,0.6471899594576874,0.0,69.11610249394214,7.770986252615003,0.030847845457012774,6.4569658101375795,1.476270475466731,7449.332896405378,3174.6026718809358,0.0,4012.1678411792045,1456.8193634135118,False,False,False,False,False,False,False,True,False,False,69.11610249394214,7.770986252615003,0.030847845457012774,6.4569658101375795,1.476270475466731,7449.332896405378,3174.6026718809358,1456.283245732109,4012.1678411792045,1456.8193634135118
GEO_00281,352763.1621339254,7150143.397399024,sedimentary,background,0.005965021051716608,0.0,0.0,0.0,0.10623145431849991,30.333692265425228,3.600301649274896,0.012252944859965375,4.987195096890383,1.8608449591540455,3947.5478528448602,2238.62183745457,3656.785144976276,2860.020183796727,1502.2483804819126,False,False,False,False,False,False,False,False,False,False,30.333692265425228,3.600301649274896,0.012252944859965375,4.987195096890383,1.8608449591540455,3947.5478528448602,2238.62183745457,3656.785144976276,2860.020183796727,1502.2483804819126
GEO_00282,397762.5008313246,7170057.137477839,volcanic,background,0.25602123165311913,0.13029651570775108,0.02911648566627907,0.5634522713156178,0.14382040415722339,64.17849329481015,4.6530855067478205,0.015644693465728794,6.923850600899509,1.3612357859552409,6022.237981568176,2446.419348467735,2177.0619019377764,2696.4087771493623,1417.812073194955,False,False,False,False,False,False,False,False,False,False,64.17849329481015,4.6530855067478205,0.015644693465728794,6.923850600899509,1.3612357859552409,6022.237981568176,2446.419348467735,2177.0619019377764,2696.4087771493623,1417.812073194955
GEO_00283,409356.7419621114,7130693.646424367,volcanic,background,0.2535600688962837,0.16917210144616215,0.0,0.6242542965174018,0.0,43.58901337736958,7.9068209573921004,0.014927669822937348,8.124773538335711,1.7527997574146599,4643.193383430163,3762.519326604517,2036.880492405854,0.0,0.0,False,False,False,False,False,False,False,False,True,True,43.58901337736958,7.9068209573921004,0.014927669822937348,8.124773538335711,1.7527997574146599,4643.193383430163,3762.519326604517,2036.880492405854,2232.5267542659476,979.1364917467225
GEO_00284,428300.3103830761,7115767.20188748,volcanic,background,0.07105784254010146,0.0,0.0,0.7042881821228212,0.0,37.31106917010878,4.105485274901863,0.0,5.5352595569371035,1.2723497810157989,6042.196816540266,2973.7076687507756,2098.9800705462508,2899.2670157748453,1475.225361581966,False,False,True,False,False,False,False,False,False,False,37.31106917010878,4.105485274901863,0.008967942647123828,5.5352595569371035,1.2723497810157989,6042.196816540266,2973.7076687507756,2098.9800705462508,2899.2670157748453,1475.225361581966
GEO_00285,394332.795850062,7124427.064358135,intrusive,background,0.1136280204468966,0.0,0.07403039775472722,0.3541594705187652,0.9193087800319091,47.13975547104268,7.204816096498165,0.0,5.77745600106655,0.0,3702.383157981913,1877.5559784599413,1728.8014004603133,4899.151759622813,2534.271391614758,False,False,True,False,True,False,False,False,False,False,47.13975547104268,7.204816096498165,0.009449231180391317,5.77745600106655,1.1381206096960483,3702.383157981913,1877.5559784599413,1728.8014004603133,4899.151759622813,2534.271391614758
GEO_00286,424549.4777478751,7145839.4657655265,volcanic,background,0.12890009060504298,0.054406947770055544,0.10808009999961797,0.6084300203458637,0.0,41.300746082400956,4.316979240265099,0.014074072923589576,5.91211724306436,1.4817212147484882,5434.057553705865,2831.7770177332304,1569.1429649968973,0.0,1428.5337711088796,False,False,False,False,False,False,False,False,True,False,41.300746082400956,4.316979240265099,0.014074072923589576,5.91211724306436,1.4817212147484882,5434.057553705865,2831.7770177332304,1569.1429649968973,2229.896557543854,1428.5337711088796
GEO_00287,426157.28870470333,7150260.079191996,sedimentary,background,0.1327831809337472,0.08750443518651396,0.0,0.0,0.16699628841831154,31.930737198161403,4.871502083118949,0.012110803157486501,5.129173180106647,1.36934076638249,3596.9866321018208,2612.904405950381,3090.8510048265975,2867.7474794108193,1559.4245764658301,False,False,False,False,False,False,False,False,False,False,31.930737198161403,4.871502083118949,0.012110803157486501,5.129173180106647,1.36934076638249,3596.9866321018208,2612.904405950381,3090.8510048265975,2867.7474794108193,1559.4245764658301
GEO_00288,366991.6278450212,7126746.439941674,intrusive,background,0.06726318954583324,0.018776150227920178,0.031082354640380012,0.09789135699941517,0.8180891490520986,41.84556502936145,4.414301674881005,0.010605809450080288,5.978867001265039,1.4077092294160112,4081.79687443236,0.0,2008.846448513422,4613.3694638306015,2929.349935317851,False,False,False,False,False,False,True,False,False,False,41.84556502936145,4.414301674881005,0.010605809450080288,5.978867001265039,1.4077092294160112,4081.79687443236,1639.5519818394305,2008.846448513422,4613.3694638306015,2929.349935317851
GEO_00289,355310.39349845826,7167256.532479764,intrusive,background,0.0,0.0,0.013255976984624718,0.11523707700251362,0.9117024923034901,31.078921491816562,4.628740182269822,0.0,7.810826699516502,0.0,3213.554100185087,1842.5304945139476,0.0,4353.679434716386,3447.255764038725,False,False,True,False,True,False,False,True,False,False,31.078921491816562,4.628740182269822,0.010374116890711122,7.810826699516502,1.0138725387322765,3213.554100185087,1842.5304945139476,1060.242196050631,4353.679434716386,3447.255764038725
GEO_00290,363572.95177752164,7133855.882372606,volcanic,background,0.04637409442386771,0.07225734476139763,0.0,0.6986939046543852,0.09000784838483478,39.01270076895145,4.637970994374005,0.01178384278773388,5.216792368488051,1.3848406641664446,4292.0959165012355,2423.053864054793,2465.4179339635375,3044.5654426680376,1785.0386812515615,False,False,False,False,False,False,False,False,False,False,39.01270076895145,4.637970994374005,0.01178384278773388,5.216792368488051,1.3848406641664446,4292.0959165012355,2423.053864054793,2465.4179339635375,3044.5654426680376,1785.0386812515615
GEO_00291,409554.67375032365,7144733.721983237,volcanic,background,0.3715962353201697,0.11685686270865729,0.12042990888113181,0.7083804271868192,0.03489942704382937,42.53474800852587,5.622672993242047,0.013321817177045201,8.364489386334826,1.5255198300661277,4676.2784524746485,2783.0726984447106,2548.309022558797,0.0,1313.2298779459788,False,False,False,False,False,False,False,False,True,False,42.53474800852587,5.622672993242047,0.013321817177045201,8.364489386334826,1.5255198300661277,4676.2784524746485,2783.0726984447106,2548.309022558797,2454.17403689311,1313.2298779459788
GEO_00292,370877.52816679433,7164239.142771411,intrusive,background,0.0,0.2688620427484436,0.07550140408606747,0.2860104768188328,0.8035296572979719,33.08462097829004,3.5179827124821217,0.01779523457243153,10.514072324910408,1.6111632972567231,4456.5126360821905,2756.5887618635384,2093.488703901928,5168.473850200431,1982.9206131507597,False,False,False,False,False,False,False,False,False,False,33.08462097829004,3.5179827124821217,0.01779523457243153,10.514072324910408,1.6111632972567231,4456.5126360821905,2756.5887618635384,2093.488703901928,5168.473850200431,1982.9206131507597
GEO_00293,358979.0640648013,7170742.224761966,intrusive,background,0.1597973502581106,0.13259491526501668,0.0,0.2257867996845509,0.8041060446276556,40.260101946362965,3.9667452431661907,0.014045296938440756,6.942193800452008,1.7797404546677964,0.0,2433.489188299528,0.0,4973.522771614997,2589.181323675922,False,False,False,False,False,True,False,True,False,False,40.260101946362965,3.9667452431661907,0.014045296938440756,6.942193800452008,1.7797404546677964,2828.315840493668,2433.489188299528,1452.1415441294168,4973.522771614997,2589.181323675922
GEO_00294,425471.0043842873,7137792.871072157,intrusive,background,0.03609860748304419,0.040378444573156244,0.08938008074879246,0.3584837383239163,0.7902669063655593,36.33957120960042,5.238551346395162,0.012337100598275481,5.044008956184332,1.312641316012895,4852.122948925195,1930.904131638896,1838.2445384398188,4849.406076587374,2011.7866419469535,False,False,False,False,False,False,False,False,False,False,36.33957120960042,5.238551346395162,0.012337100598275481,5.044008956184332,1.312641316012895,4852.122948925195,1930.904131638896,1838.2445384398188,4849.406076587374,2011.7866419469535
GEO_00295,404687.1513775577,7102537.875898802,intrusive,background,0.20034345699953424,0.0,0.0,0.07609528508523808,0.5853194233638714,52.61677583097568,6.2332433621762675,0.014726923670819313,5.315894366950858,1.2556405945055638,4179.492373932315,2270.0219155479244,2147.2499398362265,3596.4801101862267,2286.601857877537,False,False,False,False,False,False,False,False,False,False,52.61677583097568,6.2332433621762675,0.014726923670819313,5.315894366950858,1.2556405945055638,4179.492373932315,2270.0219155479244,2147.2499398362265,3596.4801101862267,2286.601857877537
GEO_00296,426654.37831370917,7160435.654681412,volcanic,background,0.021731878747017708,0.0,0.0,0.6985301528441246,0.04205102139478553,40.94135456728388,0.0,0.011481014905860145,5.437038090195815,1.2883642616720183,6468.785013890942,3230.8840555726765,2326.045720462441,3238.2832312421565,1557.5320279144796,False,True,False,False,False,False,False,False,False,False,40.94135456728388,3.1682076985900607,0.011481014905860145,5.437038090195815,1.2883642616720183,6468.785013890942,3230.8840555726765,2326.045720462441,3238.2832312421565,1557.5320279144796
GEO_00297,376360.78198043804,7112921.045941554,intrusive,background,0.0,0.0,0.14688606679204091,0.31624881984205894,0.6235959146902705,32.734396463244714,3.6582539062957022,0.012274113304100222,5.607388296335852,1.5381070012409839,4138.261025803465,2267.7707491850233,2147.3045076178278,4252.062718993616,2109.1142628954044,False,False,False,False,False,False,False,False,False,False,32.734396463244714,3.6582539062957022,0.012274113304100222,5.607388296335852,1.5381070012409839,4138.261025803465,2267.7707491850233,2147.3045076178278,4252.062718993616,2109.1142628954044
GEO_00298,365380.6629528508,7146507.234777077,intrusive,background,0.1264591754743769,0.0,0.01091684189450727,0.21846932506667732,0.6857095831065423,43.46892308509953,4.660130183152143,0.012854366493341469,5.933671654158844,0.0,4870.337844657874,2328.3109243001977,1783.6413946058492,4262.143159820562,1993.3060201311016,False,False,False,False,True,False,False,False,False,False,43.46892308509953,4.660130183152143,0.012854366493341469,5.933671654158844,1.1050255885339497,4870.337844657874,2328.3109243001977,1783.6413946058492,4262.143159820562,1993.3060201311016
GEO_00299,360943.10147711606,7171575.387260596,sedimentary,background,0.041741369283816054,0.07869812989132113,0.12047380499209281,0.0454174088898838,0.22417850855462107,0.0,4.030400756286934,0.011380971011456378,8.124390021601794,1.8840407801569534,3520.2605585912543,2174.8714877746584,4192.490173265918,3579.9119209295977,1566.0363711812738,True,False,False,False,False,False,False,False,False,False,26.212186962025765,4.030400756286934,0.011380971011456378,8.124390021601794,1.8840407801569534,3520.2605585912543,2174.8714877746584,4192.490173265918,3579.9119209295977,1566.0363711812738
GEO_00300,425470.21570802864,7148699.824915029,sedimentary,background,0.11137869127438987,0.0,0.02078507163410749,0.0,0.198975450779463,36.26819030677804,3.6366531722042272,0.014345810230546808,6.083961423910016,1.3836333239202994,3647.1820655477036,2676.475450617424,3728.7938592886503,4177.929813681157,1266.2193051240886,False,False,False,False,False,False,False,False,False,False,36.26819030677804,3.6366531722042272,0.014345810230546808,6.083961423910016,1.3836333239202994,3647.1820655477036,2676.475450617424,3728.7938592886503,4177.929813681157,1266.2193051240886
GEO_00301,363133.2153167848,7169078.535881588,intrusive,background,0.0,0.021836122692519177,0.0,0.214075703178043,0.7980552678493725,0.0,3.7366968072805853,0.012777655442537427,5.283509796547755,1.7287280257936475,4216.546542091223,2774.6763065014607,1781.6749550375914,5383.3115960788855,2315.3122536557216,True,False,False,False,False,False,False,False,False,False,28.509347304533343,3.7366968072805853,0.012777655442537427,5.283509796547755,1.7287280257936475,4216.546542091223,2774.6763065014607,1781.6749550375914,5383.3115960788855,2315.3122536557216
GEO_00302,414188.1720334233,7133946.022605634,intrusive,background,0.057114614864642546,0.04253178259724345,0.1321884164063728,0.26829789905886503,0.7585735756975518,36.74901597030034,3.8582470824186585,0.0,4.879466996020308,1.487288853264456,4639.667393401609,1860.877396810896,1563.1575710693528,3574.7076932188784,2660.034955721921,False,False,True,False,False,False,False,False,False,False,36.74901597030034,3.8582470824186585,0.00900610708414087,4.879466996020308,1.487288853264456,4639.667393401609,1860.877396810896,1563.1575710693528,3574.7076932188784,2660.034955721921
GEO_00303,366934.64718373155,7108862.727943726,intrusive,background,0.0,0.0,0.13735881925337054,0.18720073537774873,0.8098875429101628,0.0,3.6285305349200963,0.01201816384478304,5.079831587655867,1.4724154069843072,4790.691543037627,2085.890133281606,0.0,4434.124262114582,3620.2388782570415,True,False,False,False,False,False,False,True,False,False,29.727015646684826,3.6285305349200963,0.01201816384478304,5.079831587655867,1.4724154069843072,4790.691543037627,2085.890133281606,1405.1354067293773,4434.124262114582,3620.2388782570415
GEO_00304,419033.5471400046,7134197.330628023,volcanic,background,0.0,0.16524491533835367,0.11426845643982686,0.6993067598768019,0.19634044185236502,0.0,4.784178528804968,0.011438534742227505,5.833574117957002,2.0727899005489894,5289.364992586376,2340.267454332673,1649.680726401901,2866.4761519377707,1426.1904459839836,True,False,False,False,False,False,False,False,False,False,28.4899387118744,4.784178528804968,0.011438534742227505,5.833574117957002,2.0727899005489894,5289.364992586376,2340.267454332673,1649.680726401901,2866.4761519377707,1426.1904459839836
GEO_00305,354533.966183301,7166521.160609171,intrusive,background,0.04424298698011605,0.053322881288783076,0.0,0.3132652610524933,0.6489398484030708,43.31369896648558,5.148365112434503,0.012104299003715365,,1.3159827539169526,3296.4642252255017,2528.5541797659002,1847.3277985670159,4968.1360030444675,2294.881279328972,False,False,False,False,False,False,False,False,False,False,43.31369896648558,5.148365112434503,0.012104299003715365,6.29025889991574,1.3159827539169526,3296.4642252255017,2528.5541797659002,1847.3277985670159,4968.1360030444675,2294.881279328972
GEO_00306,380513.39280118584,7120530.556408033,intrusive,background,0.0,0.05587467306190548,0.07512668966207843,0.14224460051806195,0.8719251380442873,41.08459078749567,4.066113804077028,0.010923873055672237,5.499932078306131,1.2396552608260816,4843.724248608778,2279.583615607134,1512.493214309724,4325.571347315916,3585.356666018893,False,False,False,False,False,False,False,False,False,False,41.08459078749567,4.066113804077028,0.010923873055672237,5.499932078306131,1.2396552608260816,4843.724248608778,2279.583615607134,1512.493214309724,4325.571347315916,3585.356666018893
GEO_00307,382154.4796031542,7176633.782602785,intrusive,background,0.026224763688465297,0.0,0.0,0.3216496672922815,0.9481492916390991,50.839816984808124,5.785048875042455,0.011630453899756763,7.167614930143539,1.334942960283998,3607.6853530230906,2570.00806139504,1597.7601909949562,4828.533711195083,4002.9184863571063,False,False,False,False,False,False,False,False,False,False,50.839816984808124,5.785048875042455,0.011630453899756763,7.167614930143539,1.334942960283998,3607.6853530230906,2570.00806139504,1597.7601909949562,4828.533711195083,4002.9184863571063
GEO_00308,428099.3693174909,7111790.86996795,volcanic,background,0.11012543388365063,0.0,0.0,0.8211511300491889,0.0,41.74207839975426,4.31101990408991,0.014211680657535922,5.063532532554282,1.4073983942525718,5023.412368387952,2922.8409437842856,1954.9927088808954,0.0,0.0,False,False,False,False,False,False,False,False,True,True,41.74207839975426,4.31101990408991,0.014211680657535922,5.063532532554282,1.4073983942525718,5023.412368387952,2922.8409437842856,1954.9927088808954,2418.0267040566405,908.9203189997149
GEO_00309,421818.18651793024,7155776.630887415,volcanic,background,0.0004521344399488897,0.11302718276229343,0.14580217506019638,0.8691702143629673,0.0,31.512070436383276,0.0,0.0,8.248268820072841,1.6885444086477734,7466.0347298235665,3672.884659315221,1788.1725417573566,2534.276697021553,1844.068515805546,False,True,True,False,False,False,False,False,False,False,31.512070436383276,3.05001525716089,0.01039546207089477,8.248268820072841,1.6885444086477734,7466.0347298235665,3672.884659315221,1788.1725417573566,2534.276697021553,1844.068515805546
GEO_00310,380756.14661837026,7163883.126148082,intrusive,background,0.06895896714365493,0.0,0.0,0.22193608131544695,0.749897463521577,0.0,4.194245804438027,0.012225789805490758,0.0,1.5997327709226643,3584.037641407853,2336.415746072307,2451.45488456232,5190.955459901388,2249.698124345088,True,False,False,True,False,False,False,False,False,False,22.2110830081637,4.194245804438027,0.012225789805490758,4.198027216242426,1.5997327709226643,3584.037641407853,2336.415746072307,2451.45488456232,5190.955459901388,2249.698124345088
GEO_00311,383974.6266622795,7119174.439427756,intrusive,background,0.02500670596627086,0.09687997817565995,0.22681088865952886,0.3686102666904672,0.8073752134791657,35.698328544133474,5.682850965810855,0.017062194210769873,7.042831091449923,0.0,4422.490228504331,3154.393510238409,1713.740542111559,4416.481748332141,2147.26884730619,False,False,False,False,True,False,False,False,False,False,35.698328544133474,5.682850965810855,0.017062194210769873,7.042831091449923,1.08996982282838,4422.490228504331,3154.393510238409,1713.740542111559,4416.481748332141,2147.26884730619
GEO_00312,407211.6330944736,7159492.289694123,intrusive,halo,0.5636423685829631,0.5723782980682472,0.2759262164048606,0.0690392368141525,0.6892961717850635,69.69079035348035,9.548957925590559,0.035807338822028426,9.851060539997633,3.1603706504328963,3187.1955985611808,2491.340623503924,2147.239957342913,3498.005346033868,1711.2922228889583,False,False,False,False,False,False,False,False,False,False,69.69079035348035,9.548957925590559,0.035807338822028426,9.851060539997633,3.1603706504328963,3187.1955985611808,2491.340623503924,2147.239957342913,3498.005346033868,1711.2922228889583
GEO_00313,401209.1501617089,7173279.26428006,sedimentary,background,0.09477105560137392,0.09491200332652262,0.0,0.0,0.17362756898746629,44.867594711484905,4.778089620046619,0.013863927549492268,5.434275041370222,1.6146358429151833,0.0,2304.7830701970906,5193.55213097069,3197.0436646013477,1840.2050942891558,False,False,False,False,False,True,False,False,False,False,44.867594711484905,4.778089620046619,0.013863927549492268,5.434275041370222,1.6146358429151833,2839.525420998106,2304.7830701970906,5193.55213097069,3197.0436646013477,1840.2050942891558
GEO_00314,421532.2006415572,7126418.292544385,intrusive,background,0.08894149184427244,0.08475994430143019,0.056690899535104394,0.26060004651177965,0.7569973021807924,32.853708803485326,5.0365402704437745,0.01271248883835119,6.699814906636652,1.4182904537606886,3237.1625940116437,2936.5524249079017,1570.4019001618972,5504.096571316741,1946.212450785831,False,False,False,False,False,False,False,False,False,False,32.853708803485326,5.0365402704437745,0.01271248883835119,6.699814906636652,1.4182904537606886,3237.1625940116437,2936.5524249079017,1570.4019001618972,5504.096571316741,1946.212450785831
GEO_00315,404975.50187342183,7120922.051373474,intrusive,background,0.13062173791997345,0.0,0.0050310367363214405,0.14189710151133594,0.7671417722196643,45.32176938919673,5.334278204216138,0.011644039221695178,6.513622927711878,1.4178671899114152,5252.7138429685565,2508.9876603439925,2310.879435318785,3209.0000453145176,3038.8885952458972,False,False,False,False,False,False,False,False,False,False,45.32176938919673,5.334278204216138,0.011644039221695178,6.513622927711878,1.4178671899114152,5252.7138429685565,2508.9876603439925,2310.879435318785,3209.0000453145176,3038.8885952458972
GEO_00316,391224.9497061433,7124888.65472776,intrusive,background,0.12395013177765617,0.0,0.1008116995040882,0.15910568805142505,0.9047837545812247,38.661000134016064,4.893753919761274,0.0,4.9430617898472615,1.2877322670261009,4173.816142509284,2283.5440487443966,1751.4899683844274,5051.322382327087,3118.407683658188,False,False,True,False,False,False,False,False,False,False,38.661000134016064,4.893753919761274,0.010081336930202286,4.9430617898472615,1.2877322670261009,4173.816142509284,2283.5440487443966,1751.4899683844274,5051.322382327087,3118.407683658188
GEO_00317,422054.74000114476,7140515.318283533,volcanic,background,0.08820092598290066,0.0,0.0,0.6007121594708081,0.0,34.1691635518984,3.630486905195237,0.014626649069125211,5.912435662013304,0.0,5879.939214885682,3386.2595309575577,2983.0445960026987,3488.637607301421,1544.7770397436468,False,False,False,False,True,False,False,False,False,False,34.1691635518984,3.630486905195237,0.014626649069125211,5.912435662013304,1.1477974191203166,5879.939214885682,3386.2595309575577,2983.0445960026987,3488.637607301421,1544.7770397436468
GEO_00318,376479.3838226976,7170904.442285196,sedimentary,background,0.0,0.0321915261348345,0.06111887108188584,0.0,0.2949962267385375,33.38072616535697,0.0,0.011274384854203455,5.534569068820424,1.3347326670391577,4516.675437776884,0.0,4676.181437407961,2958.1892663005456,1323.7928554931302,False,True,False,False,False,False,True,False,False,False,33.38072616535697,3.315309049673629,0.011274384854203455,5.534569068820424,1.3347326670391577,4516.675437776884,1675.4925140078126,4676.181437407961,2958.1892663005456,1323.7928554931302
GEO_00319,379395.7189187847,7126700.3681168435,intrusive,background,0.020451614498019938,0.0,0.0921920288053633,0.18620258931903505,0.8413889398450667,41.27551255221709,4.272462578470817,0.0,5.996624509367539,1.2420316002973912,4259.087587605804,2155.5106734366636,1926.036265877712,4100.743739696486,2872.5213124759316,False,False,True,False,False,False,False,False,False,False,41.27551255221709,4.272462578470817,0.010047653120752027,5.996624509367539,1.2420316002973912,4259.087587605804,2155.5106734366636,1926.036265877712,4100.743739696486,2872.5213124759316
GEO_00320,378114.59856441,7176562.096264779,sedimentary,background,0.0,0.0,0.0,0.0,0.23065279560915594,30.72266271834415,3.8966074012031906,0.0,5.925235653139076,1.2136236209097682,3484.067181964239,1866.685124435586,3106.856155822222,2819.807500877839,1847.7650109784815,False,False,True,False,False,False,False,False,False,False,30.72266271834415,3.8966074012031906,0.00759889498150301,5.925235653139076,1.2136236209097682,3484.067181964239,1866.685124435586,3106.856155822222,2819.807500877839,1847.7650109784815
GEO_00321,389160.9520209139,7162014.443081682,intrusive,background,0.0776549621263457,0.2073532924831823,0.10775411336782875,0.24701856584543733,0.776019692038995,34.37238424587238,4.4579801099100385,0.013305088204396258,6.288709531491936,2.015103527348838,3790.1283050431834,2507.222994713994,1621.7639781214489,3480.0098580950184,1846.2482608366226,False,False,False,False,False,False,False,False,False,False,34.37238424587238,4.4579801099100385,0.013305088204396258,6.288709531491936,2.015103527348838,3790.1283050431834,2507.222994713994,1621.7639781214489,3480.0098580950184,1846.2482608366226
GEO_00322,352778.35412966507,7145554.6532953335,intrusive,background,0.0035515261738651056,0.0,0.0,0.19830404956663306,0.6794758476199588,35.43528911058475,0.0,0.0,0.0,1.4533327399970586,3519.127389387194,2714.4687220687074,1775.011041117633,4046.726773743362,2825.5433599337175,False,True,True,True,False,False,False,False,False,False,35.43528911058475,2.9345283595824023,0.008099870051499631,4.783908168375954,1.4533327399970586,3519.127389387194,2714.4687220687074,1775.011041117633,4046.726773743362,2825.5433599337175
GEO_00323,386232.54043334065,7154587.68285761,sedimentary,background,0.3305027977372669,0.03674697226845067,0.31215223122503843,0.00083538024269302,0.13956596687738376,59.23925902417897,4.981116378486195,0.014108728360848111,6.829346532763735,1.7344222484261853,3650.938254521032,1894.0464777168859,4061.1178259162803,2780.6183049641845,1635.367559911886,False,False,False,False,False,False,False,False,False,False,59.23925902417897,4.981116378486195,0.014108728360848111,6.829346532763735,1.7344222484261853,3650.938254521032,1894.0464777168859,4061.1178259162803,2780.6183049641845,1635.367559911886
GEO_00324,375329.40551566676,7177161.423205818,intrusive,background,0.020085506353533875,0.028321311066559832,0.0,0.28159781732760464,0.7994644751909475,34.65770328267264,4.186182548753811,0.0,0.0,1.3161855551372375,3394.561539601655,2513.3722065840643,1694.5500416422099,4186.718779152775,3041.081801873269,False,False,True,True,False,False,False,False,False,False,34.65770328267264,4.186182548753811,0.009672989564626283,3.687343331563615,1.3161855551372375,3394.561539601655,2513.3722065840643,1694.5500416422099,4186.718779152775,3041.081801873269
GEO_00325,369454.8032528662,7110249.517492464,intrusive,background,0.2620906098171984,0.0,0.0,0.30589207419378484,0.7868194204291639,51.0171253380781,4.796546327479838,0.0162769650849281,5.0032892370750846,0.0,4363.498828444699,2452.670221970115,2213.253879976228,5337.839162230778,2844.5063138588994,False,False,False,False,True,False,False,False,False,False,51.0171253380781,4.796546327479838,0.0162769650849281,5.0032892370750846,1.0508367849077072,4363.498828444699,2452.670221970115,2213.253879976228,5337.839162230778,2844.5063138588994
GEO_00326,369794.1552941606,7139124.024541906,intrusive,background,0.02078876664688041,0.0,0.10697607205809098,0.22917515093936286,0.7356290879006586,30.446626129963427,4.199549063931054,0.0,5.756684739200467,1.2695697656887166,0.0,2575.0592844022694,1994.4134513885845,3315.1544354702896,1569.4456233798542,False,False,True,False,False,True,False,False,False,False,30.446626129963427,4.199549063931054,0.008159010504224726,5.756684739200467,1.2695697656887166,2889.4600660189526,2575.0592844022694,1994.4134513885845,3315.1544354702896,1569.4456233798542
GEO_00327,413803.5312875209,7125871.268978772,sedimentary,background,0.0,0.0,0.06673649322514442,0.0,0.32948867613662863,30.94023888231546,3.965773819420577,0.010597183881804783,6.878465424685021,1.9592166288026045,3663.132623391626,1872.9108502291356,3116.8386170138624,4963.117818967323,1694.9665111089473,False,False,False,False,False,False,False,False,False,False,30.94023888231546,3.965773819420577,0.010597183881804783,6.878465424685021,1.9592166288026045,3663.132623391626,1872.9108502291356,3116.8386170138624,4963.117818967323,1694.9665111089473
GEO_00328,380847.28521313827,7174336.797091641,intrusive,background,0.04526815797802105,0.08662587655218425,0.0,0.20869920103642522,0.7765773058140577,38.5381602340054,5.130690709290639,0.014577815181811497,6.410072742022277,2.005871311308047,4453.637929210381,2363.74587624343,1533.146897429359,4212.776437728591,2328.5785280031,False,False,False,False,False,False,False,False,False,False,38.5381602340054,5.130690709290639,0.014577815181811497,6.410072742022277,2.005871311308047,4453.637929210381,2363.74587624343,1533.146897429359,4212.776437728591,2328.5785280031
GEO_00329,428459.50855369715,7141034.404469985,intrusive,background,0.0,0.0,0.0,0.1424894237568337,0.7689900951884193,38.88744397029529,3.8027810092382657,0.011334490420141858,5.183636327932525,0.0,4064.435458214463,2928.1109209917877,0.0,5436.442074935932,1887.8645201956967,False,False,False,False,True,False,False,True,False,False,38.88744397029529,3.8027810092382657,0.011334490420141858,5.183636327932525,0.82948898687227,4064.435458214463,2928.1109209917877,1417.7600354069418,5436.442074935932,1887.8645201956967
GEO_00330,383020.1481198228,7127157.429333812,intrusive,background,0.19958581723206129,0.02524424686017139,0.15782026579681802,0.29616601896885547,0.7464285158208702,40.920230534325654,5.155687052544691,0.015981416080167902,5.7076762369290535,1.3751599644991601,5214.516509271925,2908.9722734832962,1843.1206408921175,4826.191281468656,3012.4362576131916,False,False,False,False,False,False,False,False,False,False,40.920230534325654,5.155687052544691,0.015981416080167902,5.7076762369290535,1.3751599644991601,5214.516509271925,2908.9722734832962,1843.1206408921175,4826.191281468656,3012.4362576131916
GEO_00331,405816.5891989083,7108351.770358767,sedimentary,background,0.015156409828929544,0.0,0.06423961576066481,0.0,0.3204642171807773,37.06585793615191,0.0,0.01127556411989413,0.0,1.9570268892189282,3783.3138085848796,0.0,3159.638071892912,3781.98868456344,1922.2812007824105,False,True,False,True,False,False,True,False,False,False,37.06585793615191,3.3031435844766732,0.01127556411989413,4.1960053498727525,1.9570268892189282,3783.3138085848796,1478.273591513449,3159.638071892912,3781.98868456344,1922.2812007824105
GEO_00332,374429.81437428406,7170494.722817021,sedimentary,background,0.033295563773054836,4.4849018993460684e-05,0.0041364122547097116,0.10416534676704024,0.2685894613798887,33.28339910325938,3.691388608590066,0.0,6.3171740297863685,1.6591182782640443,4054.3160473377648,2207.1648752488195,3580.5764068757576,3097.210662575196,1513.0406697661085,False,False,True,False,False,False,False,False,False,False,33.28339910325938,3.691388608590066,0.00960006643743106,6.3171740297863685,1.6591182782640443,4054.3160473377648,2207.1648752488195,3580.5764068757576,3097.210662575196,1513.0406697661085
GEO_00333,416119.6720160053,7110090.05769691,sedimentary,background,0.2511459754280448,0.0,0.0957686293135567,0.030033414434031555,0.24431419302880736,51.35580824574821,5.307441177091947,0.015181787571542161,4.823417771845991,1.5228067433768468,3121.5977257082945,2506.148977799342,3323.196313734949,3542.9755043959094,1422.6721556875505,False,False,False,False,False,False,False,False,False,False,51.35580824574821,5.307441177091947,0.015181787571542161,4.823417771845991,1.5228067433768468,3121.5977257082945,2506.148977799342,3323.196313734949,3542.9755043959094,1422.6721556875505
GEO_00334,367045.5944417174,7141993.758502958,intrusive,background,0.11510564542592769,0.03319439020106345,0.11623165833132953,0.20092799801526282,0.6345766725181071,38.59789754477152,4.095481632062192,0.01295389570166116,0.0,1.684364221646006,4306.855821985455,2585.3851638588185,1812.0809088797157,4547.390903853642,1907.8369773398435,False,False,False,True,False,False,False,False,False,False,38.59789754477152,4.095481632062192,0.01295389570166116,4.191753069192638,1.684364221646006,4306.855821985455,2585.3851638588185,1812.0809088797157,4547.390903853642,1907.8369773398435
GEO_00335,372014.96510404575,7165774.591613607,volcanic,background,0.0453971847513194,0.0,0.0,0.7847231892589148,0.18312869722652853,0.0,,0.0,6.1874615722056685,1.247530566388274,5517.936414408233,3048.6215614904854,2284.2333600378915,3907.884721031692,1426.2935865044774,True,False,True,False,False,False,False,False,False,False,29.53703118357037,3.6661016043733183,0.008822514024101932,6.1874615722056685,1.247530566388274,5517.936414408233,3048.6215614904854,2284.2333600378915,3907.884721031692,1426.2935865044774
GEO_00336,373401.4679600545,7153540.564980838,sedimentary,background,0.12898430683213702,0.0,0.06338931624134023,0.0,0.07200102468417138,47.56896587089724,4.503915507209098,0.012924005058681912,0.0,0.0,4498.406231724475,2375.5970737633947,5037.429558471372,2752.0700151034252,1625.2835350548464,False,False,False,True,True,False,False,False,False,False,47.56896587089724,4.503915507209098,0.012924005058681912,4.055937070492232,1.1354350351497997,4498.406231724475,2375.5970737633947,5037.429558471372,2752.0700151034252,1625.2835350548464
GEO_00337,360348.4901218665,7166575.077538726,volcanic,background,0.0,0.2561590166783073,0.0,0.6928151513428783,0.05276632615056575,0.0,0.0,0.011315304621777,6.456046684773138,1.8785298088005966,7066.988148497064,3463.6193605496783,1663.5617028048835,3876.0542642178557,1482.2374888687382,True,True,False,False,False,False,False,False,False,False,25.175543585151043,3.1667468322985868,0.011315304621777,6.456046684773138,1.8785298088005966,7066.988148497064,3463.6193605496783,1663.5617028048835,3876.0542642178557,1482.2374888687382
GEO_00338,410047.64173852105,7146819.649443578,sedimentary,halo,0.35655944443219545,0.3895358518202362,0.3657186050178736,0.04579032433759392,0.09277509709233545,44.62186383352771,7.187482967753287,0.022283465612072968,10.985512278703492,1.8578017059643102,3744.521408244119,2227.0273966815894,2630.478841739236,3171.6362996778375,1776.139277945758,False,False,False,False,False,False,False,False,False,False,44.62186383352771,7.187482967753287,0.022283465612072968,10.985512278703492,1.8578017059643102,3744.521408244119,2227.0273966815894,2630.478841739236,3171.6362996778375,1776.139277945758
GEO_00339,384521.260004385,7159450.067582024,intrusive,background,0.1971068121635688,0.0,0.2548580257584475,0.2733801197643857,0.6042035694831019,50.00275257277512,5.12643745292032,0.012582394209030921,5.3552122345587145,1.7569588904177695,4811.536553451406,2535.1267574811586,1623.5353690909915,4465.110470059835,2506.437802481172,False,False,False,False,False,False,False,False,False,False,50.00275257277512,5.12643745292032,0.012582394209030921,5.3552122345587145,1.7569588904177695,4811.536553451406,2535.1267574811586,1623.5353690909915,4465.110470059835,2506.437802481172
GEO_00340,360075.61667945015,7146437.109057164,intrusive,background,0.0995651615938663,0.0,0.008692440030210634,0.17398357738035078,0.43783283515609517,0.0,6.043157974750359,0.01421032100515241,5.301762925364419,0.0,6257.159395936866,2574.494098675065,1712.456173151807,2926.397486536012,2241.046100963824,True,False,False,False,True,False,False,False,False,False,25.22615026840006,6.043157974750359,0.01421032100515241,5.301762925364419,0.9781183053586117,6257.159395936866,2574.494098675065,1712.456173151807,2926.397486536012,2241.046100963824
GEO_00341,392897.0938099483,7137613.447090621,volcanic,halo,0.7486726560279325,0.17343885722897348,0.5054109533004968,0.7686716690824014,0.021566974321572882,73.36492680344605,8.672570411913997,0.025672370612278766,6.032482881589195,1.426991238006019,5745.984985409003,4155.107626096174,2258.1012832294355,3692.274144835487,1220.5282259492792,False,False,False,False,False,False,False,False,False,False,73.36492680344605,8.672570411913997,0.025672370612278766,6.032482881589195,1.426991238006019,5745.984985409003,4155.107626096174,2258.1012832294355,3692.274144835487,1220.5282259492792
GEO_00342,389065.7777284552,7162869.022059559,sedimentary,background,0.3416645753443567,0.2705183449418953,0.22544774174303206,0.03800141344013422,0.23553611041120037,69.39476007579577,6.045837062138667,0.0245344411554624,7.576170028243808,1.976673689245724,3309.962087005547,2519.6326944219118,3542.4731680368172,3029.277619308097,1603.0126116262932,False,False,False,False,False,False,False,False,False,False,69.39476007579577,6.045837062138667,0.0245344411554624,7.576170028243808,1.976673689245724,3309.962087005547,2519.6326944219118,3542.4731680368172,3029.277619308097,1603.0126116262932
GEO_00343,390420.05000203237,7125754.606943001,intrusive,background,0.2396154034115122,0.0,0.07163418038762923,0.2477085962304087,0.7178294932975453,46.45259486422705,3.9639871413835053,0.014197379972044965,0.0,1.3019199536303543,4363.728294361425,3612.5172474712926,2013.4690203584578,3425.0387597481467,2519.0859351321806,False,False,False,True,False,False,False,False,False,False,46.45259486422705,3.9639871413835053,0.014197379972044965,4.508463137821281,1.3019199536303543,4363.728294361425,3612.5172474712926,2013.4690203584578,3425.0387597481467,2519.0859351321806
GEO_00344,406999.96893469524,7114217.7717732815,intrusive,background,0.23222281426168934,0.06685625154091104,0.0,0.23012423481658661,0.7062464303844076,35.79457763574789,4.512116115940938,0.012745987258691149,6.916439237578599,1.9335231236070891,4657.9657202826575,1845.664380974553,1915.444629969931,5009.444089239158,1418.2160319904287,False,False,False,False,False,False,False,False,False,False,35.79457763574789,4.512116115940938,0.012745987258691149,6.916439237578599,1.9335231236070891,4657.9657202826575,1845.664380974553,1915.444629969931,5009.444089239158,1418.2160319904287
GEO_00345,355322.5311582975,7109323.174503111,volcanic,background,0.0,0.015587839486871355,0.0,0.7232172327723249,0.0,30.48439847650266,5.705836516372832,0.0,0.0,0.0,7139.205863848858,4028.46857305747,2372.8679118381647,3658.9440822581073,1179.9971529519848,False,False,True,True,True,False,False,False,False,False,30.48439847650266,5.705836516372832,0.008616840879789018,4.568862196396925,1.0947067290734442,7139.205863848858,4028.46857305747,2372.8679118381647,3658.9440822581073,1179.9971529519848
GEO_00346,389355.36185999395,7107443.793102632,intrusive,background,0.067124446519434,0.113550954282158,0.0,0.10136730364270899,0.7470348780796884,,5.047522603430711,0.0,7.042248541203349,1.674771427770011,3976.298261228434,2722.786311668289,1983.2224494255127,3601.4711632919916,2035.8893078159836,True,False,True,False,False,False,False,False,False,False,25.428405489043232,5.047522603430711,0.009656757546108357,7.042248541203349,1.674771427770011,3976.298261228434,2722.786311668289,1983.2224494255127,3601.4711632919916,2035.8893078159836
GEO_00347,354128.35748129856,7156217.266680892,intrusive,background,0.0,0.0,0.0,0.3782295726890027,0.7228365721369341,37.50201485890245,3.780497295588823,0.012479510602130667,5.223627251610144,1.423119638208616,3861.6731797479815,2589.2099460786776,0.0,3918.677186561222,2552.838787456009,False,False,False,False,False,False,False,True,False,False,37.50201485890245,3.780497295588823,0.012479510602130667,5.223627251610144,1.423119638208616,3861.6731797479815,2589.2099460786776,1459.2258776546348,3918.677186561222,2552.838787456009
GEO_00348,428087.3545831238,7121459.830667728,sedimentary,background,0.12182674827431518,0.0,0.010895146589646083,0.0,0.049644029857718264,34.72786425407979,3.5953644946811263,0.014735899468451762,6.325371433219538,0.0,3821.863380408114,2191.6948274804336,2958.9613601960496,2677.367133306619,1354.3375358404537,False,False,False,False,True,False,False,False,False,False,34.72786425407979,3.5953644946811263,0.014735899468451762,6.325371433219538,1.0972547852525028,3821.863380408114,2191.6948274804336,2958.9613601960496,2677.367133306619,1354.3375358404537
GEO_00349,402791.93934211705,7172934.365731735,volcanic,background,0.07464414198401026,0.13315570785226602,0.0,0.5994918714947484,0.0,47.92358436967769,3.979591221446947,0.013298998341887656,0.0,1.669531952405531,6212.58877526386,2567.467021443727,2344.5201565207785,3186.0431132623744,1548.3581322042012,False,False,False,True,False,False,False,False,False,False,47.92358436967769,3.979591221446947,0.013298998341887656,4.01370012826079,1.669531952405531,6212.58877526386,2567.467021443727,2344.5201565207785,3186.0431132623744,1548.3581322042012
GEO_00350,363534.82176108967,7112239.194098099,sedimentary,background,0.008489819632505535,0.02334846742128961,0.0,0.0,0.16588020276905732,33.46298844070242,,0.017936520455796558,7.861611422905225,0.0,0.0,2146.0398721712045,,3341.7617851780115,1482.9668576267482,False,False,False,False,True,True,False,False,False,False,33.46298844070242,3.857989016797006,0.017936520455796558,7.861611422905225,1.1745751287297035,2703.6857995608575,2146.0398721712045,3762.1190651630363,3341.7617851780115,1482.9668576267482
GEO_00351,423565.074359628,7140417.539358086,intrusive,background,0.0,0.020889674164486914,0.06588915544326135,0.286799124309631,0.6360333015423107,43.90855490331161,0.0,0.0,6.375843497584464,1.5092258165230803,,2161.244636551166,2597.1014812781696,5036.02650166029,2535.1719251158283,False,True,True,False,False,False,False,False,False,False,43.90855490331161,2.424506276860521,0.009473720708726627,6.375843497584464,1.5092258165230803,4794.957311493288,2161.244636551166,2597.1014812781696,5036.02650166029,2535.1719251158283
GEO_00352,363999.1173050152,7164126.042569267,intrusive,background,0.09611825081705055,0.14922788087022038,0.11986223839711535,0.25174755503314894,0.8600720783064856,42.11841754907541,3.742136263599458,0.012444626661816045,5.327938294948285,1.5731779328044524,3284.745818760583,2356.589657910906,1653.4690740674582,4644.869224642683,1700.72529899088,False,False,False,False,False,False,False,False,False,False,42.11841754907541,3.742136263599458,0.012444626661816045,5.327938294948285,1.5731779328044524,3284.745818760583,2356.589657910906,1653.4690740674582,4644.869224642683,1700.72529899088
GEO_00353,378367.1077157787,7156884.217422133,volcanic,halo,0.4171363588637921,0.13688105733154748,0.273828109265932,0.7326935153965893,0.0,49.31109396556138,5.862258683961415,0.020807176494670017,5.289147696949674,1.7036441117232697,9245.307695650676,3253.724127292361,1758.7986253882807,0.0,0.0,False,False,False,False,False,False,False,False,True,True,49.31109396556138,5.862258683961415,0.020807176494670017,5.289147696949674,1.7036441117232697,9245.307695650676,3253.724127292361,1758.7986253882807,2059.171393467679,1002.0434821052503
GEO_00354,353799.0390117081,7101819.704165811,volcanic,background,0.14106032999012239,0.00756415099900494,0.0,0.5776382592242222,0.19469196152085824,34.64998745311697,4.090734437656909,0.01371166116847654,7.3745294277169355,0.0,5225.81387445116,3915.3698078732336,2199.2796328160975,3381.567539968174,1569.4064086177084,False,False,False,False,True,False,False,False,False,False,34.64998745311697,4.090734437656909,0.01371166116847654,7.3745294277169355,1.1223786144364691,5225.81387445116,3915.3698078732336,2199.2796328160975,3381.567539968174,1569.4064086177084
GEO_00355,379701.15675562544,7160617.122905887,intrusive,background,0.05831142789011534,0.0,0.1181624323005229,0.3650202825572026,0.8643013941932497,0.0,3.5700082832035824,0.013299059770020246,7.072949470884433,1.6169963395129003,5568.088020728711,3495.339500096922,2515.649526388953,4461.093988218013,2716.2776500928094,True,False,False,False,False,False,False,False,False,False,28.75289880690219,3.5700082832035824,0.013299059770020246,7.072949470884433,1.6169963395129003,5568.088020728711,3495.339500096922,2515.649526388953,4461.093988218013,2716.2776500928094
GEO_00356,408512.7169110598,7176273.392043122,intrusive,background,0.12843498009227572,0.10916907449662434,0.0,0.33555902352720424,0.7012714195315942,0.0,5.870958824469892,0.014204196552666757,6.363969217343155,1.81249626242638,3498.7265451915746,2630.6071076727194,1649.390832860963,5777.877243353885,1796.8886392635725,True,False,False,False,False,False,False,False,False,False,25.895110221672233,5.870958824469892,0.014204196552666757,6.363969217343155,1.81249626242638,3498.7265451915746,2630.6071076727194,1649.390832860963,5777.877243353885,1796.8886392635725
GEO_00357,359749.6137859868,7118519.865104585,intrusive,background,0.0,0.08331999246140023,0.0,0.04171900492145289,0.9129218267151028,0.0,4.738618187620557,0.016026842893881656,6.009741751642516,0.0,3262.086233743452,2172.8854562565766,1997.7440395395217,3919.637045976277,3242.0264337244794,True,False,False,False,True,False,False,False,False,False,29.66448264434343,4.738618187620557,0.016026842893881656,6.009741751642516,1.1409249103193313,3262.086233743452,2172.8854562565766,1997.7440395395217,3919.637045976277,3242.0264337244794
GEO_00358,412158.76555045834,7166533.77481067,intrusive,background,0.0595233587606884,0.20840774934206902,0.1181972769255342,0.26587449395815016,0.8628537885130865,31.430992782521304,3.918994442259223,0.01348123164172354,5.812212051975381,1.3544673859557566,4191.238663890936,0.0,1763.4379598063204,3814.182193825463,2715.016285358245,False,False,False,False,False,False,True,False,False,False,31.430992782521304,3.918994442259223,0.01348123164172354,5.812212051975381,1.3544673859557566,4191.238663890936,1569.4068735752448,1763.4379598063204,3814.182193825463,2715.016285358245
GEO_00359,384166.5755305039,7145578.1955091115,intrusive,halo,0.5750509381892396,0.10738246516756991,0.44945392716874305,0.056077073854222115,0.8748800503165256,66.73912533960898,9.820828753428705,0.02272375353778315,7.399215491295573,1.561526087728978,3570.8605076868166,2204.216909648776,2016.3758756320221,4866.5702757507825,2894.6513251488454,False,False,False,False,False,False,False,False,False,False,66.73912533960898,9.820828753428705,0.02272375353778315,7.399215491295573,1.561526087728978,3570.8605076868166,2204.216909648776,2016.3758756320221,4866.5702757507825,2894.6513251488454
GEO_00360,414186.23301363643,7118517.142780304,sedimentary,background,0.1494194260359849,0.0,0.04172803891641269,0.0,0.21818052646588268,42.81364737432319,4.313889381430122,0.011614629394453764,5.579684286564247,1.373292956214135,4076.4455928601756,2455.930589340073,3248.790872401194,3074.054459110542,2238.038942401816,False,False,False,False,False,False,False,False,False,False,42.81364737432319,4.313889381430122,0.011614629394453764,5.579684286564247,1.373292956214135,4076.4455928601756,2455.930589340073,3248.790872401194,3074.054459110542,2238.038942401816
GEO_00361,363914.19140813575,7178256.034248506,volcanic,background,0.0,0.009453919871269926,0.0,0.7497672026923689,0.0,32.55813853104715,3.6209925143932895,0.0,5.894531233342558,0.0,4959.586551827314,3328.776464773356,1834.2829706292314,3075.2147458228537,1624.6801601270513,False,False,True,False,True,False,False,False,False,False,32.55813853104715,3.6209925143932895,0.009598309323580715,5.894531233342558,0.9157715068351214,4959.586551827314,3328.776464773356,1834.2829706292314,3075.2147458228537,1624.6801601270513
GEO_00362,422187.7392971609,7173286.585589374,volcanic,background,0.0,0.0,0.0,0.6975362938259159,0.0,34.96847273251449,0.0,0.0,0.0,1.6572022218075364,7135.02377378759,3686.0487561336377,2382.944009107522,3382.659181958602,0.0,False,True,True,True,False,False,False,False,False,True,34.96847273251449,3.396217911818053,0.007158553786368614,4.689173855058361,1.6572022218075364,7135.02377378759,3686.0487561336377,2382.944009107522,3382.659181958602,1014.577058264809
GEO_00363,408180.9846768796,7163819.606328944,sedimentary,halo,0.5026846837823462,0.37081885016902427,0.364052025961503,0.0,0.22835014308064958,64.79012825568341,6.111398194894697,0.02748133576080315,11.15621496258714,2.006636900295322,5455.826633724358,1909.7501984896642,3085.287377464926,2995.2162741949214,0.0,False,False,False,False,False,False,False,False,False,True,64.79012825568341,6.111398194894697,0.02748133576080315,11.15621496258714,2.006636900295322,5455.826633724358,1909.7501984896642,3085.287377464926,2995.2162741949214,1142.3763268640942
GEO_00364,353857.6963391981,7100177.953212796,volcanic,background,0.04024593501855165,0.0,0.0009626814290242617,0.6334126270670016,0.0,38.7022685492829,0.0,0.0126910691012388,5.786119971415733,1.4534536166461707,3886.3212568519275,2936.890355829023,1910.1085345265258,3081.9674789187548,0.0,False,True,False,False,False,False,False,False,False,True,38.7022685492829,3.421851003579159,0.0126910691012388,5.786119971415733,1.4534536166461707,3886.3212568519275,2936.890355829023,1910.1085345265258,3081.9674789187548,1092.2884275372237
GEO_00365,388339.8756634373,7153283.324148737,intrusive,halo,0.5807463179703468,0.09114624984694028,0.25695170859873345,0.3506353156956695,0.69022145598862,61.60481309583635,9.838411428132462,0.016241211850976576,6.551139765722932,0.0,5372.401805471576,2324.170926709174,1766.3281174682381,3594.8895387794955,1601.4758889931952,False,False,False,False,True,False,False,False,False,False,61.60481309583635,9.838411428132462,0.016241211850976576,6.551139765722932,1.1948278450231684,5372.401805471576,2324.170926709174,1766.3281174682381,3594.8895387794955,1601.4758889931952
GEO_00366,355242.4852615062,7135658.460629902,intrusive,background,0.058349357928942434,0.0,0.0,0.2615532344465513,0.9581433858044202,47.57286178365919,4.579606698547145,0.014922060238035093,6.014628501960029,0.0,3788.3009852059604,2625.997871111769,1886.6034054194456,4373.702093347571,2877.6797791861804,False,False,False,False,True,False,False,False,False,False,47.57286178365919,4.579606698547145,0.014922060238035093,6.014628501960029,1.107969041147946,3788.3009852059604,2625.997871111769,1886.6034054194456,4373.702093347571,2877.6797791861804
GEO_00367,407796.7804384614,7121261.351849642,volcanic,background,0.0013394939070049232,0.10201045198895514,0.0,0.765687966647367,0.0503370581818876,37.82461183277275,4.507572482953068,0.016048219064283418,6.203801101270347,1.3935816670855523,5327.124001382189,2213.6637054047724,2638.9727574329036,4039.1958628010207,0.0,False,False,False,False,False,False,False,False,False,True,37.82461183277275,4.507572482953068,0.016048219064283418,6.203801101270347,1.3935816670855523,5327.124001382189,2213.6637054047724,2638.9727574329036,4039.1958628010207,699.113473745023
GEO_00368,379060.9306705788,7168173.231466248,intrusive,background,0.18973219278017073,0.07239953461748641,0.09798067156301263,0.07835331407089516,0.598995714185566,44.04695005045464,4.588655133720557,0.01341092079100696,0.0,1.3959016416601329,0.0,2312.53250455249,2121.84796658444,5048.016221780808,1535.3291786699783,False,False,False,True,False,True,False,False,False,False,44.04695005045464,4.588655133720557,0.01341092079100696,4.3612535064930515,1.3959016416601329,2630.906963271493,2312.53250455249,2121.84796658444,5048.016221780808,1535.3291786699783
GEO_00369,411932.3043468803,7113542.932601587,volcanic,background,0.12131780336783182,0.11964767381758942,0.13561599903828045,0.7458886797552335,0.0,31.73192375679301,3.668959350741508,0.017248536309309528,6.104130230899222,1.9810886494949185,5925.275127871698,3825.9773067163405,1570.720765360116,0.0,1150.3518137873941,False,False,False,False,False,False,False,False,True,False,31.73192375679301,3.668959350741508,0.017248536309309528,6.104130230899222,1.9810886494949185,5925.275127871698,3825.9773067163405,1570.720765360116,2141.858103129516,1150.3518137873941
GEO_00370,420602.7439666242,7109879.35325781,volcanic,background,0.0008124067618269847,0.0,0.0,0.7138853652789862,0.05276432948059613,0.0,0.0,0.011921439410777845,7.0604480510255625,0.0,5328.916269635966,4234.243117333843,2060.999521599885,3436.900942030948,1550.8886584877157,True,True,False,False,True,False,False,False,False,False,25.885222542766524,2.7531502994561072,0.011921439410777845,7.0604480510255625,1.1455711777688542,5328.916269635966,4234.243117333843,2060.999521599885,3436.900942030948,1550.8886584877157
GEO_00371,364109.1917954664,7148183.388304882,intrusive,background,0.08358655825739969,0.14681276371593033,0.05213693971484236,0.15186021060558086,0.6252535527934711,45.58689521489815,,0.014150567818576404,5.464451120883022,1.8982889075854763,3258.3277419331666,2263.5676192036603,1998.623945016545,7020.164217361391,2435.3993533163502,False,False,False,False,False,False,False,False,False,False,45.58689521489815,5.509803089650063,0.014150567818576404,5.464451120883022,1.8982889075854763,3258.3277419331666,2263.5676192036603,1998.623945016545,7020.164217361391,2435.3993533163502
GEO_00372,414830.03374638467,7150669.787989515,intrusive,background,0.34002966915165556,0.15398007564236493,0.12771792431475093,0.382587330554917,0.7723446487370557,57.68093276023663,5.9003907588575135,0.017186060425218974,5.131916715247871,0.0,4560.543594024919,2719.0306259910526,1777.9985112321838,4303.889181203191,2300.6210906112397,False,False,False,False,True,False,False,False,False,False,57.68093276023663,5.9003907588575135,0.017186060425218974,5.131916715247871,1.0607747045510865,4560.543594024919,2719.0306259910526,1777.9985112321838,4303.889181203191,2300.6210906112397
GEO_00373,380861.0107480926,7162406.95979867,intrusive,background,0.14099805273954394,0.10853169086861428,0.1209535616388131,0.24131411547703224,0.7159507666452737,56.35655987898142,4.394599182784476,0.01969077000250902,5.605669700621217,1.4499668333584992,4265.9152288530995,2649.0640917928026,2453.849892270906,5284.052897355784,2849.7237257300994,False,False,False,False,False,False,False,False,False,False,56.35655987898142,4.394599182784476,0.01969077000250902,5.605669700621217,1.4499668333584992,4265.9152288530995,2649.0640917928026,2453.849892270906,5284.052897355784,2849.7237257300994
GEO_00374,380582.3980044795,7123300.625274216,volcanic,background,0.1393907015149985,0.0,0.02537545557921756,0.781187164941027,0.0,42.249801671262276,4.309591410484405,0.012519299511215309,0.0,2.0102032086877646,5775.37606485681,3150.0825985748847,1702.6400698691516,2820.968666376471,0.0,False,False,False,True,False,False,False,False,False,True,42.249801671262276,4.309591410484405,0.012519299511215309,4.465898102413299,2.0102032086877646,5775.37606485681,3150.0825985748847,1702.6400698691516,2820.968666376471,1103.7990736610557
GEO_00375,402345.9190241593,7152875.007430482,volcanic,anomalous,0.7944891590599197,0.6275778631547024,0.42309728371823846,0.6460772374020246,0.042304919834433484,126.87122136442919,11.366930213930415,0.03699571502788358,16.413134686903895,3.1146374747356127,6339.372070521711,3409.6010112840418,1954.9412371243554,3605.652380983637,0.0,False,False,False,False,False,False,False,False,False,True,126.87122136442919,11.366930213930415,0.03699571502788358,16.413134686903895,3.1146374747356127,6339.372070521711,3409.6010112840418,1954.9412371243554,3605.652380983637,1082.6736209962442
GEO_00376,427930.1454535477,7158655.2079827245,intrusive,background,0.0,0.0,0.0,0.28501256155570326,0.8195095666734254,37.8489460881013,4.264878842102201,0.0,5.142636516587668,1.383813224878922,4824.535625992745,2510.1130900936646,1605.0921787194154,4865.790284677096,2518.470754974798,False,False,True,False,False,False,False,False,False,False,37.8489460881013,4.264878842102201,0.007300725277303207,5.142636516587668,1.383813224878922,4824.535625992745,2510.1130900936646,1605.0921787194154,4865.790284677096,2518.470754974798
GEO_00377,404599.02954476286,7177192.739249877,intrusive,background,0.0,0.0,0.0,0.2979422162657067,0.4890057603375138,0.0,0.0,0.0,4.810486627460573,1.379051778973954,6254.86259111625,2479.6530834527753,1738.7134835748057,3794.7050240081326,1607.8857412419948,True,True,True,False,False,False,False,False,False,False,18.186667491977424,3.2705004169743113,0.010297317235265327,4.810486627460573,1.379051778973954,6254.86259111625,2479.6530834527753,1738.7134835748057,3794.7050240081326,1607.8857412419948
GEO_00378,367685.18104158144,7179441.251981792,volcanic,background,0.0,0.09296954556447604,0.1082482224562371,0.6852031782244018,0.04561412640304619,30.271130027207413,0.0,0.013133375574099541,5.6138630387540225,1.5017695754220108,5921.400058958252,2726.896159029303,2271.733634960895,4034.7404169570914,1328.2964092484633,False,True,False,False,False,False,False,False,False,False,30.271130027207413,3.189395553592444,0.013133375574099541,5.6138630387540225,1.5017695754220108,5921.400058958252,2726.896159029303,2271.733634960895,4034.7404169570914,1328.2964092484633
GEO_00379,350034.9669459051,7160393.952645269,sedimentary,background,0.0,0.017883977866898736,0.0,0.00695276183329836,0.14255735560116214,34.294888439935576,4.567349301163802,0.014164687063044513,5.827114330194762,1.3084884448229332,3981.4712986016393,0.0,2961.033569660955,2882.1318900699575,1592.9446170570832,False,False,False,False,False,False,True,False,False,False,34.294888439935576,4.567349301163802,0.014164687063044513,5.827114330194762,1.3084884448229332,3981.4712986016393,1630.6488069307363,2961.033569660955,2882.1318900699575,1592.9446170570832
GEO_00380,358911.50173836196,7123180.7172104,sedimentary,background,0.018612729382373162,0.057952566588959434,0.03545701433980515,0.026615525347002917,0.16669578216867512,0.0,4.011277869741511,0.0,4.890351002989904,1.2107390678675443,4079.0525573549007,2786.6593946913213,2579.498996911697,3376.1983841474344,1471.3361326628742,True,False,True,False,False,False,False,False,False,False,27.6107907089636,4.011277869741511,0.008672468986542123,4.890351002989904,1.2107390678675443,4079.0525573549007,2786.6593946913213,2579.498996911697,3376.1983841474344,1471.3361326628742
GEO_00381,373575.10684414906,7135253.7348699635,sedimentary,background,0.4044314312726419,0.007511598104211683,0.018939259196458683,0.0,0.03332182703235512,60.009620189557374,5.234822090917504,0.019265571333933598,0.0,1.5982795147449602,4692.370710257636,0.0,3518.787211768942,0.0,1280.3208658586177,False,False,False,True,False,False,True,False,True,False,60.009620189557374,5.234822090917504,0.019265571333933598,3.7366312238160098,1.5982795147449602,4692.370710257636,1695.5067679883696,3518.787211768942,2443.181946057042,1280.3208658586177
GEO_00382,355514.4331021178,7120892.883747438,intrusive,background,0.0,0.025728204812158963,0.0,0.12479721866260965,0.6509915911905314,31.08115651643161,0.0,0.01309875398747212,6.291765717835446,1.9168789959268395,3816.805963293217,2215.6019844324424,2269.8450194893,3016.522600317565,2379.575232242092,False,True,False,False,False,False,False,False,False,False,31.08115651643161,2.5239402513613083,0.01309875398747212,6.291765717835446,1.9168789959268395,3816.805963293217,2215.6019844324424,2269.8450194893,3016.522600317565,2379.575232242092
GEO_00383,355304.59242559294,7130340.639676138,volcanic,background,0.0,0.0,0.008274291738796978,0.7298645513081844,0.17874299478873873,30.795291534810136,5.328990769344817,0.010667466496850271,6.537466566271575,1.2360980935232944,3099.76537715928,4428.220700573402,2523.498307435534,3937.7302869981495,1442.2462318618277,False,False,False,False,False,False,False,False,False,False,30.795291534810136,5.328990769344817,0.010667466496850271,6.537466566271575,1.2360980935232944,3099.76537715928,4428.220700573402,2523.498307435534,3937.7302869981495,1442.2462318618277
GEO_00384,425707.3785997974,7112518.05618624,intrusive,background,0.0,0.0,0.0,0.23560069934607786,0.8221959086766126,41.00846381313414,3.6099311731294557,0.0,6.495848463423183,1.5569352507177687,5862.521665537685,2088.518640128258,2061.185118260477,5174.903206841665,3036.808443018712,False,False,True,False,False,False,False,False,False,False,41.00846381313414,3.6099311731294557,0.009568304513949123,6.495848463423183,1.5569352507177687,5862.521665537685,2088.518640128258,2061.185118260477,5174.903206841665,3036.808443018712
GEO_00385,362133.66976393264,7156098.018715865,sedimentary,background,0.01089342665127735,0.050284099937330906,0.15628730396733995,0.02197183534199687,0.1844912692799176,0.0,3.9292671820648626,0.01088444620266445,6.643676698661075,2.451805905133362,4402.930100850158,2729.9008934893245,3925.897603732184,3120.15082322859,1673.710835119422,True,False,False,False,False,False,False,False,False,False,28.921155546608798,3.9292671820648626,0.01088444620266445,6.643676698661075,2.451805905133362,4402.930100850158,2729.9008934893245,3925.897603732184,3120.15082322859,1673.710835119422
GEO_00386,376713.9169136761,7112525.003371397,intrusive,background,0.006982852140328431,0.2552738548726128,0.09956201384765173,0.16806773671665898,0.7599204040389598,34.727275948609275,4.248222127120485,0.016351312940755355,8.60330972890445,1.547138121350645,0.0,2072.0547852106365,2036.1074919254927,5895.8241858352085,2512.6791082810055,False,False,False,False,False,True,False,False,False,False,34.727275948609275,4.248222127120485,0.016351312940755355,8.60330972890445,1.547138121350645,2838.660343079227,2072.0547852106365,2036.1074919254927,5895.8241858352085,2512.6791082810055
GEO_00387,427266.1694609104,7162363.787351797,intrusive,background,0.07822181301604265,0.0,0.0,0.3953086155409148,0.668055633594747,40.85582704200603,5.602083045809967,0.015022040101424694,4.846473420961896,1.3166303488835012,5282.223483562426,2468.283268667485,1687.339642480047,4155.795921340966,2251.7193648549323,False,False,False,False,False,False,False,False,False,False,40.85582704200603,5.602083045809967,0.015022040101424694,4.846473420961896,1.3166303488835012,5282.223483562426,2468.283268667485,1687.339642480047,4155.795921340966,2251.7193648549323
GEO_00388,392695.7854087685,7133086.277858113,volcanic,background,0.41111223504797567,0.0,0.3669933832827319,0.7858717066917944,0.0,77.89951552128188,5.47310663025957,0.014661481461222235,5.593377099717856,1.6074704475183277,4720.777296234241,3906.975377905204,2605.4197115454226,2843.6305949498883,1305.13162034421,False,False,False,False,False,False,False,False,False,False,77.89951552128188,5.47310663025957,0.014661481461222235,5.593377099717856,1.6074704475183277,4720.777296234241,3906.975377905204,2605.4197115454226,2843.6305949498883,1305.13162034421
GEO_00389,405414.7063731428,7135675.074240871,intrusive,background,0.4053296896302928,0.0,0.31502646239393195,0.38234249157080913,0.6651013494654485,51.09687708819417,5.802931928454647,0.016627333275670984,7.509386395825953,1.530655548647061,4723.420862203509,2094.6118353951515,1608.946301651119,5357.781994656937,1830.6865340085287,False,False,False,False,False,False,False,False,False,False,51.09687708819417,5.802931928454647,0.016627333275670984,7.509386395825953,1.530655548647061,4723.420862203509,2094.6118353951515,1608.946301651119,5357.781994656937,1830.6865340085287
GEO_00390,373007.73484585853,7176741.533414308,volcanic,background,0.026100877604933435,0.0,0.0,0.8806556237467338,0.026810231782319446,41.94306930905802,3.9940913958619575,0.014005541121163322,5.98819408216434,1.2460836609951083,6281.194735744925,3662.819946260548,1753.7700275520656,2955.1624430515194,1368.4761186486674,False,False,False,False,False,False,False,False,False,False,41.94306930905802,3.9940913958619575,0.014005541121163322,5.98819408216434,1.2460836609951083,6281.194735744925,3662.819946260548,1753.7700275520656,2955.1624430515194,1368.4761186486674
GEO_00391,403284.8099370806,7156147.800460882,intrusive,anomalous,0.7545054497467149,0.7892441049219061,0.46517257097235576,0.3452713516957195,0.6378639545104001,84.22153771166003,9.57530533777704,0.05343774103933284,16.309787776174307,2.658179739095568,6735.157081023561,2307.363817293011,2419.2961448701208,4571.274146411116,2875.0987312942725,False,False,False,False,False,False,False,False,False,False,84.22153771166003,9.57530533777704,0.05343774103933284,16.309787776174307,2.658179739095568,6735.157081023561,2307.363817293011,2419.2961448701208,4571.274146411116,2875.0987312942725
GEO_00392,363044.4963401723,7103786.1505775675,volcanic,background,0.0,0.1390417422551203,0.10938040514139702,0.6699859094160607,0.020878409938461753,36.4183287445787,0.0,0.015850225153905016,5.9393423637480565,1.2289681411503626,4342.840671040445,3612.6151416133484,1913.116823041955,2810.536653411916,0.0,False,True,False,False,False,False,False,False,False,True,36.4183287445787,3.0593293882387393,0.015850225153905016,5.9393423637480565,1.2289681411503626,4342.840671040445,3612.6151416133484,1913.116823041955,2810.536653411916,1074.0653529084834
GEO_00393,377687.1432690872,7166398.052755067,intrusive,background,0.0,0.1176162098615948,0.0,0.12572484466561792,0.8295612000251629,47.45115663457568,5.004886496841334,0.015081989801293848,6.708224211481947,1.9434312256655721,3674.454059827569,2874.203359235722,1884.362105049136,4443.259995750237,2949.357347134498,False,False,False,False,False,False,False,False,False,False,47.45115663457568,5.004886496841334,0.015081989801293848,6.708224211481947,1.9434312256655721,3674.454059827569,2874.203359235722,1884.362105049136,4443.259995750237,2949.357347134498
GEO_00394,422528.93058844574,7147365.443762051,intrusive,background,0.02660911227370412,0.02075330528237509,0.06438351160338535,0.35962510231506983,0.7186468664965424,38.82458357776424,4.800132003244921,0.0,4.927450046441143,0.0,4093.6714562434677,2741.022109094931,1667.5111431430869,4550.976888902187,1966.1683698376191,False,False,True,False,True,False,False,False,False,False,38.82458357776424,4.800132003244921,0.008972363603306124,4.927450046441143,1.1232291033041806,4093.6714562434677,2741.022109094931,1667.5111431430869,4550.976888902187,1966.1683698376191
GEO_00395,408364.16895472934,7163627.086424941,sedimentary,halo,0.49543595412006564,0.6068093863722657,0.2694387835956961,0.025961330900282433,0.22059954109259997,66.10515405806285,7.703810653557222,0.03859672896765795,17.825820320716083,2.82024144039488,,2754.255716373724,2696.9017067242294,2867.7846098804407,2008.7159680147001,False,False,False,False,False,False,False,False,False,False,66.10515405806285,7.703810653557222,0.03859672896765795,17.825820320716083,2.82024144039488,4307.773539830914,2754.255716373724,2696.9017067242294,2867.7846098804407,2008.7159680147001
GEO_00396,386977.860524643,7141420.586460645,volcanic,halo,0.7720003857542345,0.3174214982379677,0.488532848856547,0.7807613589125987,0.029135825278399915,130.68344373364502,13.081597506270636,0.04481986831581592,12.449444879371477,2.3106823466030026,6907.468464638617,4640.0541980305225,1577.7536432647607,3048.249193552802,1162.9627471506722,False,False,False,False,False,False,False,False,False,False,130.68344373364502,13.081597506270636,0.04481986831581592,12.449444879371477,2.3106823466030026,6907.468464638617,4640.0541980305225,1577.7536432647607,3048.249193552802,1162.9627471506722
GEO_00397,386631.17360397725,7144252.276911886,sedimentary,halo,0.6951243593274301,0.17802227493652056,0.39792488347025234,0.12821834676409652,0.1472008106663423,91.47485687410946,5.202082433552516,,7.5484414753420666,2.06054451268517,3348.4376607641284,2119.4512548698335,4278.3126677166465,0.0,1569.1843994083354,False,False,False,False,False,False,False,False,True,False,91.47485687410946,5.202082433552516,0.028937283564038793,7.5484414753420666,2.06054451268517,3348.4376607641284,2119.4512548698335,4278.3126677166465,2417.7980821002116,1569.1843994083354
GEO_00398,409383.16605171235,7161683.028119492,sedimentary,halo,0.5086872054963167,0.7126271423053566,0.29714667899494257,0.0,0.058901577483117834,48.23370545622643,9.565976971650924,0.029028523838730495,14.495468787524041,3.177845152383816,0.0,1813.6757939251133,2588.9148987439344,3429.2778775734005,1918.0795184692136,False,False,False,False,False,True,False,False,False,False,48.23370545622643,9.565976971650924,0.029028523838730495,14.495468787524041,3.177845152383816,2859.0894344216726,1813.6757939251133,2588.9148987439344,3429.2778775734005,1918.0795184692136
GEO_00399,381828.1663686166,7148277.811333776,intrusive,background,0.42283069609556523,0.0,0.28819215822084165,0.1599624853188772,0.8591458328248264,41.55253335430869,7.055864896419178,0.013133760104279765,6.239141456043468,1.5040563082840437,5114.435376807381,2538.9045396192296,0.0,3784.9631761017235,2635.2814777339045,False,False,False,False,False,False,False,True,False,False,41.55253335430869,7.055864896419178,0.013133760104279765,6.239141456043468,1.5040563082840437,5114.435376807381,2538.9045396192296,1395.9865840160307,3784.9631761017235,2635.2814777339045
GEO_00400,384600.05494001985,7111005.33031946,volcanic,background,0.11881127538461314,0.12821425394515892,0.1368267376629008,0.7390682120971465,0.010351214255211507,45.64113271057132,3.65800737987782,0.012999448458491079,7.203518721457231,1.5994547382154807,7172.152450216659,2861.765857788805,2311.388483101832,3078.7918659386314,1413.7245931797197,False,False,False,False,False,False,False,False,False,False,45.64113271057132,3.65800737987782,0.012999448458491079,7.203518721457231,1.5994547382154807,7172.152450216659,2861.765857788805,2311.388483101832,3078.7918659386314,1413.7245931797197
GEO_00401,395416.8366405798,7162760.0884895725,sedimentary,halo,0.7210261606402129,0.4281223457645956,0.306315134368113,0.0,0.1712845172333389,90.60766811541068,7.952004045563653,0.04229295551309656,8.952713037291936,2.3449199512348553,4041.084168737011,1786.7886159028942,3677.4717682185537,3506.267064902497,2144.2659210740885,False,False,False,False,False,False,False,False,False,False,90.60766811541068,7.952004045563653,0.04229295551309656,8.952713037291936,2.3449199512348553,4041.084168737011,1786.7886159028942,3677.4717682185537,3506.267064902497,2144.2659210740885
GEO_00402,394779.9197438422,7126059.220152892,sedimentary,background,0.16811589189367793,0.0,0.1385590344818242,0.0,0.3275956891720999,37.75129085870253,5.36162977158998,0.014675245746364193,6.75757410463871,1.2080941049607015,4020.8261246863763,0.0,3717.126931923107,4427.2786632115085,2323.815333964693,False,False,False,False,False,False,True,False,False,False,37.75129085870253,5.36162977158998,0.014675245746364193,6.75757410463871,1.2080941049607015,4020.8261246863763,1614.3545761017538,3717.126931923107,4427.2786632115085,2323.815333964693
GEO_00403,386835.0277384151,7116478.105054988,volcanic,background,0.13509518971913018,0.01115509710370006,0.008541888024800085,0.7364816808592947,0.0,0.0,4.035651441471651,0.013933542376168844,0.0,2.175484851862942,6103.068670281184,2582.6349775780186,3745.1304969944154,3289.9397947164143,0.0,True,False,False,True,False,False,False,False,False,True,26.91418231269885,4.035651441471651,0.013933542376168844,4.076408295771795,2.175484851862942,6103.068670281184,2582.6349775780186,3745.1304969944154,3289.9397947164143,958.5498333514176
GEO_00404,398359.66385203763,7145108.168651096,intrusive,halo,0.7643818084539269,0.3372745771038285,0.5752362195663244,0.22534192240229065,0.7006553519630512,91.76828529390967,9.045501001326503,0.0317092893543111,12.865162483997421,1.7609355232124209,4452.702425543804,2416.256609373462,2131.7663056229608,4699.671376195548,1975.6588992072134,False,False,False,False,False,False,False,False,False,False,91.76828529390967,9.045501001326503,0.0317092893543111,12.865162483997421,1.7609355232124209,4452.702425543804,2416.256609373462,2131.7663056229608,4699.671376195548,1975.6588992072134
GEO_00405,361989.2433431427,7124110.7307452755,volcanic,background,0.012189629572777161,0.0,0.0,0.7487499194671123,0.0,40.0734143419601,0.0,0.0,8.691794651451504,0.0,5755.534774132569,2946.2032230697596,2427.5570101320513,3262.6384378114144,1152.2487885960618,False,True,True,False,True,False,False,False,False,False,40.0734143419601,3.236705976656,0.009871861875313463,8.691794651451504,0.9967394183980561,5755.534774132569,2946.2032230697596,2427.5570101320513,3262.6384378114144,1152.2487885960618
GEO_00406,409112.5309013472,7164904.28354265,intrusive,halo,0.3983573891650595,0.524613706940677,0.144710982893336,0.14426141649101587,0.6482155713578086,54.31701560357642,6.1150687745764705,0.02886903289720741,8.084115964043766,2.6015218907334954,4406.8907926930315,2268.3347182856123,1750.111225708164,4920.601183955701,2520.556740898204,False,False,False,False,False,False,False,False,False,False,54.31701560357642,6.1150687745764705,0.02886903289720741,8.084115964043766,2.6015218907334954,4406.8907926930315,2268.3347182856123,1750.111225708164,4920.601183955701,2520.556740898204
GEO_00407,363004.3436101571,7162432.445115127,volcanic,background,0.12739576460375038,0.10290435063481827,0.0,0.6883714031600359,0.0,41.50368191994321,4.390438651785661,0.01590746616942319,7.166566396606158,1.261079137278705,4487.734804558786,3168.840527586618,1851.3181764920407,2734.2381243312566,1315.956043688977,False,False,False,False,False,False,False,False,False,False,41.50368191994321,4.390438651785661,0.01590746616942319,7.166566396606158,1.261079137278705,4487.734804558786,3168.840527586618,1851.3181764920407,2734.2381243312566,1315.956043688977
GEO_00408,414687.5236836957,7176948.776580342,intrusive,background,0.017799310258671146,0.05431059834478778,0.0,0.2249199938114231,0.6881526866262354,44.38463240605295,4.441734046199002,0.012514835368191478,6.953946843589781,1.299690616250283,4010.164442594992,1721.7345515262261,1644.3829112411702,4953.353314377295,2125.444084166662,False,False,False,False,False,False,False,False,False,False,44.38463240605295,4.441734046199002,0.012514835368191478,6.953946843589781,1.299690616250283,4010.164442594992,1721.7345515262261,1644.3829112411702,4953.353314377295,2125.444084166662
GEO_00409,395816.3862685291,7107428.714701285,sedimentary,background,0.1394411855857345,0.0,0.0,0.0,0.3426292577347301,37.950050493669,6.218579718048301,0.017709464792080944,5.74098051933157,0.0,0.0,2025.0824811708744,2876.5093772872383,3615.5725133771602,1595.4974769863438,False,False,False,False,True,True,False,False,False,False,37.950050493669,6.218579718048301,0.017709464792080944,5.74098051933157,1.1789273271299887,2946.8800332508413,2025.0824811708744,2876.5093772872383,3615.5725133771602,1595.4974769863438
GEO_00410,424865.5970225114,7157603.445637847,volcanic,background,0.0,0.02748946829309997,0.0491070384482199,0.6412391670581165,0.0,33.04920330706041,0.0,0.014283965110074898,5.603326761252294,1.887754672566021,5073.07344742152,4369.049789855649,1739.5185263888905,3163.487620214159,1281.6615846573463,False,True,False,False,False,False,False,False,False,False,33.04920330706041,3.464284500615865,0.014283965110074898,5.603326761252294,1.887754672566021,5073.07344742152,4369.049789855649,1739.5185263888905,3163.487620214159,1281.6615846573463
GEO_00411,383388.49245938106,7125935.817036031,volcanic,background,0.13659785635270102,0.056239795669735415,0.05463960708508608,0.7631568915431949,0.1263316885421013,33.57782183927423,6.4516559772270785,0.013854880267629193,5.042357245319464,0.0,6509.9208166852095,4037.0532138740145,2171.244830936726,2859.8581487764463,1366.3941195399757,False,False,False,False,True,False,False,False,False,False,33.57782183927423,6.4516559772270785,0.013854880267629193,5.042357245319464,1.0959527156797892,6509.9208166852095,4037.0532138740145,2171.244830936726,2859.8581487764463,1366.3941195399757
GEO_00412,402669.6190566773,7171136.832809501,volcanic,background,0.18314495971610462,0.32788513356653604,0.1936728761615168,0.5599678403466766,0.0,35.50717633447583,4.098882885848806,0.016460724705283578,9.632303526069684,2.2285053159835724,4372.0400160011,2107.0622212079425,2794.468016322354,3017.3867332768223,1191.9872791450994,False,False,False,False,False,False,False,False,False,False,35.50717633447583,4.098882885848806,0.016460724705283578,9.632303526069684,2.2285053159835724,4372.0400160011,2107.0622212079425,2794.468016322354,3017.3867332768223,1191.9872791450994
GEO_00413,355876.80426894285,7103069.110120263,volcanic,background,0.009922665600231728,0.0,0.0,0.7422680324703456,0.0,34.675138306091114,0.0,0.0,0.0,1.2315271925757478,7455.251443425403,3954.555436779284,1963.4705599591073,2961.9019104349095,1484.35464775791,False,True,True,True,False,False,False,False,False,False,34.675138306091114,3.170303495116024,0.01016103972257484,3.4534071957478965,1.2315271925757478,7455.251443425403,3954.555436779284,1963.4705599591073,2961.9019104349095,1484.35464775791
GEO_00414,374274.4230585392,7129281.0915273,intrusive,background,0.07660535804310967,0.028208753610149497,0.01901396059530301,0.35493114077890925,0.7563785549568544,43.54183251721506,3.942860978060371,0.011477638901161992,5.757873677460372,1.5988784827400253,4164.018132201016,2783.80331938034,2195.330180185074,4471.986503033398,2556.932298679428,False,False,False,False,False,False,False,False,False,False,43.54183251721506,3.942860978060371,0.011477638901161992,5.757873677460372,1.5988784827400253,4164.018132201016,2783.80331938034,2195.330180185074,4471.986503033398,2556.932298679428
GEO_00415,362976.9112785219,7132361.319185546,volcanic,background,0.2089369695447829,0.03755183368930459,0.033436022956204355,0.6980172002151336,0.0,53.678434881347705,3.7012416331024385,0.014417990355800752,6.035207210113843,2.0438451722366326,3907.2725020932357,2903.4813444001197,1575.8111803558359,0.0,1403.4561125968237,False,False,False,False,False,False,False,False,True,False,53.678434881347705,3.7012416331024385,0.014417990355800752,6.035207210113843,2.0438451722366326,3907.2725020932357,2903.4813444001197,1575.8111803558359,2448.2788600900712,1403.4561125968237
GEO_00416,403479.0500151745,7156725.4770983085,volcanic,anomalous,0.7534240501238124,0.6782155183461084,0.5260543533268034,0.7069915050726523,0.06993986480885366,85.18305266846217,8.522446493381377,0.04142873789490425,13.438462369685231,3.2671829562269283,6678.690919844975,2897.401434274187,1903.4530786654848,3229.593091133632,1360.9368995448542,False,False,False,False,False,False,False,False,False,False,85.18305266846217,8.522446493381377,0.04142873789490425,13.438462369685231,3.2671829562269283,6678.690919844975,2897.401434274187,1903.4530786654848,3229.593091133632,1360.9368995448542
GEO_00417,359687.5795291192,7113488.905078215,intrusive,background,0.10366135605378353,0.0,0.0,0.17530142352230133,0.6932601742793747,40.78159576357569,4.678303728693596,0.011115102296070057,5.116890106201844,0.0,4231.07854699125,2038.1635326877836,1632.5441086420105,4105.531008796288,3299.6904644787023,False,False,False,False,True,False,False,False,False,False,40.78159576357569,4.678303728693596,0.011115102296070057,5.116890106201844,1.0980635300816541,4231.07854699125,2038.1635326877836,1632.5441086420105,4105.531008796288,3299.6904644787023
GEO_00418,389879.117408442,7160335.069302477,sedimentary,halo,0.428967643322779,0.15308504096668743,0.2703716088520375,0.024193526719599498,0.1361496616304445,76.48731758900661,5.466849144900176,0.016073898438767623,7.8808832481214495,1.3263809823397352,4836.496598005045,1789.2918938672842,4211.914795746059,4630.803128061113,1457.014006962749,False,False,False,False,False,False,False,False,False,False,76.48731758900661,5.466849144900176,0.016073898438767623,7.8808832481214495,1.3263809823397352,4836.496598005045,1789.2918938672842,4211.914795746059,4630.803128061113,1457.014006962749
GEO_00419,370213.7728603638,7106993.752835972,volcanic,background,0.23160991547249532,0.0,0.0905384652944932,0.7415569827413495,0.07152620415512366,51.857548017989444,5.583370610121514,0.021544250809481122,8.692880631513964,0.0,7399.729367361213,4261.498877805152,2241.2210624991194,3450.083836926349,1199.2638436818795,False,False,False,False,True,False,False,False,False,False,51.857548017989444,5.583370610121514,0.021544250809481122,8.692880631513964,1.169571301177982,7399.729367361213,4261.498877805152,2241.2210624991194,3450.083836926349,1199.2638436818795
GEO_00420,363426.86668736377,7143416.495402326,volcanic,background,0.006261402641006025,0.024914052210731664,0.0,0.7162950900061904,0.0,0.0,3.690208789368113,0.0,6.132129386307388,1.4612996711008777,7514.487483913277,2871.5974310915026,2723.0418229809334,3271.643018803295,1451.8162791183502,True,False,True,False,False,False,False,False,False,False,28.947212921139197,3.690208789368113,0.009143129209194226,6.132129386307388,1.4612996711008777,7514.487483913277,2871.5974310915026,2723.0418229809334,3271.643018803295,1451.8162791183502
GEO_00421,415067.7666274478,7169424.266696286,sedimentary,background,0.19320012610199722,0.11869985670575978,0.15455563084323365,0.03515989531136573,0.2652221036070177,45.79349402258653,4.992136108892742,0.013570290960802795,5.702542452839191,1.9915650878462756,0.0,2530.7206062788246,3863.9013120074715,3730.8234695028523,2096.3424099386575,False,False,False,False,False,True,False,False,False,False,45.79349402258653,4.992136108892742,0.013570290960802795,5.702542452839191,1.9915650878462756,2649.18584353059,2530.7206062788246,3863.9013120074715,3730.8234695028523,2096.3424099386575
GEO_00422,369505.7954190118,7147810.495942451,volcanic,background,0.15736050436630009,0.0,0.03598430634548874,0.7518995687887592,0.10977445367639733,42.829142452996145,4.885845573131438,0.015236095646930807,5.617863759878638,1.673454633287023,7037.396634904518,3583.5097094702605,2359.304615320899,2793.1790032234167,1596.2034915315792,False,False,False,False,False,False,False,False,False,False,42.829142452996145,4.885845573131438,0.015236095646930807,5.617863759878638,1.673454633287023,7037.396634904518,3583.5097094702605,2359.304615320899,2793.1790032234167,1596.2034915315792
GEO_00423,356389.78519455733,7152399.2589564705,volcanic,background,0.0,0.017837965583551454,0.060499684708246404,0.7212450530937528,0.0820499639516068,35.826654177661226,0.0,0.011675255136872677,6.45699418679546,0.0,4659.181519162592,3518.2681292372004,1939.995716302015,2701.1915721353853,1496.2814484731962,False,True,False,False,True,False,False,False,False,False,35.826654177661226,2.9816980138505005,0.011675255136872677,6.45699418679546,1.198471472725398,4659.181519162592,3518.2681292372004,1939.995716302015,2701.1915721353853,1496.2814484731962
GEO_00424,381393.74397167296,7158982.578790865,volcanic,background,0.26818677766618676,0.0,0.12531254409780318,0.5236795715773139,0.14393033985057255,42.32321938070622,5.406768709817007,0.01811304083341191,6.123506231842816,1.436044588634353,4413.871224077922,3847.8453156062296,1973.8531107220472,4525.165263119441,1420.7385370221618,False,False,False,False,False,False,False,False,False,False,42.32321938070622,5.406768709817007,0.01811304083341191,6.123506231842816,1.436044588634353,4413.871224077922,3847.8453156062296,1973.8531107220472,4525.165263119441,1420.7385370221618
GEO_00425,366857.40639318794,7124600.356115146,intrusive,background,0.12056297938642092,0.0,0.0,0.14131875551454282,0.7115549696557568,40.20672472311005,3.969711961680687,0.01366901436087853,0.0,1.4023106958303777,5506.752712156713,2597.1021124417057,1511.8768384080583,5330.3725550580075,1887.798717468783,False,False,False,True,False,False,False,False,False,False,40.20672472311005,3.969711961680687,0.01366901436087853,4.391662004049855,1.4023106958303777,5506.752712156713,2597.1021124417057,1511.8768384080583,5330.3725550580075,1887.798717468783
GEO_00426,407121.50273216737,7133266.987850046,volcanic,background,0.3804891017043335,0.16132491518364578,0.14785296279416515,0.6889435496715525,0.12738143477309355,54.88937968987112,5.398952155761747,0.017747307470581855,6.969504333994713,0.0,7005.552828477031,3335.2907148511204,1745.993460464606,3421.9963708430505,1979.5368531263327,False,False,False,False,True,False,False,False,False,False,54.88937968987112,5.398952155761747,0.017747307470581855,6.969504333994713,1.0666701167372838,7005.552828477031,3335.2907148511204,1745.993460464606,3421.9963708430505,1979.5368531263327
GEO_00427,399495.8815461282,7146207.724138806,intrusive,halo,0.7048033433449448,0.20010758246298233,0.4172363188430669,0.45625645028889183,0.6996705557670443,79.03348213578354,10.831282334160667,0.026580627367360412,7.864747976108091,1.5432109069886024,5429.011072695278,3181.150739027875,1517.3695857414516,3848.0889120784354,2215.300551646345,False,False,False,False,False,False,False,False,False,False,79.03348213578354,10.831282334160667,0.026580627367360412,7.864747976108091,1.5432109069886024,5429.011072695278,3181.150739027875,1517.3695857414516,3848.0889120784354,2215.300551646345
GEO_00428,425915.26273295947,7129369.65206318,sedimentary,background,0.0,0.0,0.0,0.10265287514338489,0.03792299981942476,30.074558660145886,0.0,0.0,0.0,1.4480402834561088,3869.8911844805816,2225.188449753302,3788.8728374266657,2795.0193187134732,1151.9385865375064,False,True,True,True,False,False,False,False,False,False,30.074558660145886,2.741990103359225,0.010050854063110402,4.456423268755843,1.4480402834561088,3869.8911844805816,2225.188449753302,3788.8728374266657,2795.0193187134732,1151.9385865375064
GEO_00429,418107.38264122716,7125047.708723512,intrusive,background,0.13934403422687963,0.030396033993335573,0.0,0.2473774826760194,0.7352316094919634,45.080283481425305,4.633922129190661,0.011741519195716428,7.624417625283677,0.0,4926.047288952393,3074.5073098918474,1793.0954852736227,4021.6387779759266,2494.0191039785745,False,False,False,False,True,False,False,False,False,False,45.080283481425305,4.633922129190661,0.011741519195716428,7.624417625283677,1.0738475875955065,4926.047288952393,3074.5073098918474,1793.0954852736227,4021.6387779759266,2494.0191039785745
GEO_00430,374488.32849281596,7178569.729755963,sedimentary,background,0.0,0.0,0.0,0.0,0.397584205386765,0.0,0.0,0.013604081817502382,7.330361006702422,0.0,4151.809883727512,2080.2191616918585,3466.1108005713068,4255.26694113242,1681.6052808576399,True,True,False,False,True,False,False,False,False,False,28.706184707091918,2.790376339843223,0.013604081817502382,7.330361006702422,1.0673677884844996,4151.809883727512,2080.2191616918585,3466.1108005713068,4255.26694113242,1681.6052808576399
GEO_00431,418878.535492453,7100150.715654547,volcanic,background,0.0,0.0,0.0,0.6574679068846595,0.0,31.594896201023467,3.7928589223114133,0.011856762509198452,0.0,1.68816868179235,6063.526379141199,4021.851187898904,2025.187010025297,0.0,1494.5730247391984,False,False,False,True,False,False,False,False,True,False,31.594896201023467,3.7928589223114133,0.011856762509198452,3.5658438383933433,1.68816868179235,6063.526379141199,4021.851187898904,2025.187010025297,2499.5266497713615,1494.5730247391984
GEO_00432,370239.15033203276,7122203.910375679,intrusive,background,0.1233850346785303,0.19766673711196442,0.17096370696391663,0.30572690503246824,0.9297276431396503,45.53598518339731,6.141512928350015,0.017035259854574807,6.2755330769629225,1.38886517536308,4440.3598805282745,2727.319245029223,1912.9608446394102,4563.418445562892,2865.232780863657,False,False,False,False,False,False,False,False,False,False,45.53598518339731,6.141512928350015,0.017035259854574807,6.2755330769629225,1.38886517536308,4440.3598805282745,2727.319245029223,1912.9608446394102,4563.418445562892,2865.232780863657
GEO_00433,418276.07390336815,7112337.444967975,intrusive,background,0.08166228241514321,0.0,0.021557914912097867,0.22034468212958974,0.610024585134607,0.0,4.504711701083162,0.0,7.519168150274264,0.0,5850.345445691912,2797.4485009659234,2313.5116601488967,4895.599921824035,2007.4652501591804,True,False,True,False,True,False,False,False,False,False,26.843391514342724,4.504711701083162,0.008181304009901908,7.519168150274264,0.9817216557789672,5850.345445691912,2797.4485009659234,2313.5116601488967,4895.599921824035,2007.4652501591804
GEO_00434,361600.10729634593,7133468.903295612,intrusive,background,0.15206058372875067,0.081731749914909,0.0,0.2546958897975492,0.842524438984799,41.416029363707345,6.989693181493075,0.011566913171331211,5.895160866535129,1.775922790100576,3808.583615522729,3351.3425865129843,1558.633861668672,4194.810210836328,2587.0392656427935,False,False,False,False,False,False,False,False,False,False,41.416029363707345,6.989693181493075,0.011566913171331211,5.895160866535129,1.775922790100576,3808.583615522729,3351.3425865129843,1558.633861668672,4194.810210836328,2587.0392656427935
GEO_00435,424290.09038396436,7170270.568891004,volcanic,background,0.1374317048536227,0.0,0.035993911264369356,0.6152269913076882,0.05167166760539125,35.328628412885244,4.19116220968327,0.01287675774046243,5.399398853354924,1.4507640040685224,5756.59869963525,3407.014505672838,2149.7895326646117,3148.8379728126656,1509.9479403697155,False,False,False,False,False,False,False,False,False,False,35.328628412885244,4.19116220968327,0.01287675774046243,5.399398853354924,1.4507640040685224,5756.59869963525,3407.014505672838,2149.7895326646117,3148.8379728126656,1509.9479403697155
GEO_00436,395155.7655808549,7150442.905945086,sedimentary,anomalous,0.9150887136367656,0.23441341444660824,0.5815554578134856,0.0,0.15725103193705461,140.8841236990479,12.727270696790278,0.046317878428641046,7.48750598209198,2.4591274242300862,5027.502261892907,2447.1351334061223,3226.260394496027,3493.212658083158,,False,False,False,False,False,False,False,False,False,False,140.8841236990479,12.727270696790278,0.046317878428641046,7.48750598209198,2.4591274242300862,5027.502261892907,2447.1351334061223,3226.260394496027,3493.212658083158,1785.7364339606218
GEO_00437,386596.825037291,7174860.925881496,volcanic,background,0.0,0.0,0.0,0.6049019208536517,0.0,32.316008363514435,4.275887643873021,0.0,0.0,1.601584495811276,5747.514388606132,2392.8624272032357,2242.26541717336,3107.271953165696,1582.83751185506,False,False,True,True,False,False,False,False,False,False,32.316008363514435,4.275887643873021,0.009209819914161213,4.799363118031052,1.601584495811276,5747.514388606132,2392.8624272032357,2242.26541717336,3107.271953165696,1582.83751185506
GEO_00438,382235.69389566215,7107321.666163758,volcanic,background,0.0,0.07095283703369466,0.0,0.6240056889120242,0.06891261782738949,33.107562956305735,3.7517449791535262,0.0,5.870350268331423,,5828.557521295478,2213.047285160317,2034.088701072372,3763.107411785313,0.0,False,False,True,False,False,False,False,False,False,True,33.107562956305735,3.7517449791535262,0.009904590830042503,5.870350268331423,1.3586105515694638,5828.557521295478,2213.047285160317,2034.088701072372,3763.107411785313,856.3549107819448
GEO_00439,380197.77460606996,7178823.096865721,sedimentary,background,0.010253088570123074,0.0,0.0,0.0,0.266142661955002,37.695917395678954,4.206529695007446,0.011412007695283808,5.779359836404005,0.0,4212.775883311143,2076.895218297678,2484.1633296171053,3847.0744769385647,1315.0878763700432,False,False,False,False,True,False,False,False,False,False,37.695917395678954,4.206529695007446,0.011412007695283808,5.779359836404005,1.1818494365320402,4212.775883311143,2076.895218297678,2484.1633296171053,3847.0744769385647,1315.0878763700432
GEO_00440,362578.53153792914,7166835.618981139,volcanic,background,0.050021326248778517,0.0,0.007909120899532754,0.8122262783929511,0.05149494092858108,0.0,4.145292626409266,0.010681595742645131,5.561475024985021,1.3924346352511574,5714.915652875195,3888.197455994507,1582.8472098284128,4092.9693906883326,1604.1971218188062,True,False,False,False,False,False,False,False,False,False,29.221863984794318,4.145292626409266,0.010681595742645131,5.561475024985021,1.3924346352511574,5714.915652875195,3888.197455994507,1582.8472098284128,4092.9693906883326,1604.1971218188062
GEO_00441,400496.3990449038,7170854.811637787,sedimentary,background,0.2079917316353893,0.2867527584911341,0.24388295344782973,0.033119519797401055,0.2995323536656444,40.92221361347895,4.697674994666356,0.022385752850711725,6.901134871364686,1.3552344973345465,5661.168188271153,2571.986864198192,3697.050595795034,4713.3565737447725,1876.748118219384,False,False,False,False,False,False,False,False,False,False,40.92221361347895,4.697674994666356,0.022385752850711725,6.901134871364686,1.3552344973345465,5661.168188271153,2571.986864198192,3697.050595795034,4713.3565737447725,1876.748118219384
GEO_00442,378468.42521628557,7136158.936183548,intrusive,background,0.43202722394745807,0.014821921765818709,0.2811856297633223,0.3496753679990406,0.670755175388453,71.36435929435974,7.622779307637113,0.019742515616375817,4.9402018721771634,1.3811160595859124,5112.017125378572,2138.392252890362,1536.6344878393897,4239.2157298134125,3067.316190512257,False,False,False,False,False,False,False,False,False,False,71.36435929435974,7.622779307637113,0.019742515616375817,4.9402018721771634,1.3811160595859124,5112.017125378572,2138.392252890362,1536.6344878393897,4239.2157298134125,3067.316190512257
GEO_00443,420434.8152934092,7108164.8262192095,volcanic,background,0.0,0.024160510197040644,0.07259388803793743,0.6549166750268323,0.20192116595572474,32.987424290467146,4.616736344563203,0.014159687074311802,7.271382007424552,1.5533491530911334,4015.4304014977483,2217.583572231333,1684.353023761372,3158.3451553016107,1540.0606368752956,False,False,False,False,False,False,False,False,False,False,32.987424290467146,4.616736344563203,0.014159687074311802,7.271382007424552,1.5533491530911334,4015.4304014977483,2217.583572231333,1684.353023761372,3158.3451553016107,1540.0606368752956
GEO_00444,359893.33860818617,7157934.952709171,intrusive,background,0.0,0.0738016887426197,0.0,0.27558674783122517,0.8426096041818237,30.327064993852602,4.073638121432487,0.013158386716665336,4.825990296137128,1.6269969797986643,4741.142532045713,1787.482242870963,1959.9736752410793,,2760.6002156489017,False,False,False,False,False,False,False,False,False,False,30.327064993852602,4.073638121432487,0.013158386716665336,4.825990296137128,1.6269969797986643,4741.142532045713,1787.482242870963,1959.9736752410793,4704.621558650998,2760.6002156489017
GEO_00445,387438.50852862943,7107993.2414226495,intrusive,background,0.0,0.21546742075733932,0.0,0.19172638053202987,0.6749222619700331,35.90476514409466,0.0,0.01877588670977658,7.30334484674078,2.0325149008262664,4793.350905073065,1924.4041561445638,1855.1852151489243,4157.036786294093,3289.3615277740355,False,True,False,False,False,False,False,False,False,False,35.90476514409466,2.8230199275557744,0.01877588670977658,7.30334484674078,2.0325149008262664,4793.350905073065,1924.4041561445638,1855.1852151489243,4157.036786294093,3289.3615277740355
GEO_00446,396828.39474532683,7179291.408253257,volcanic,background,0.24032381574681597,0.021671434219244046,0.068546895245878,0.6812631629458766,0.22025973220869505,36.206064781622224,6.667196230334152,0.01688576458072326,5.595646908434066,0.0,5377.109142761631,3760.581209810165,1747.3386592030952,3497.6974717071803,1784.8565505612817,False,False,False,False,True,False,False,False,False,False,36.206064781622224,6.667196230334152,0.01688576458072326,5.595646908434066,1.144403256554361,5377.109142761631,3760.581209810165,1747.3386592030952,3497.6974717071803,1784.8565505612817
GEO_00447,408317.82685047085,7111798.354410484,intrusive,background,2.0641361571503702e-05,0.16037486464148168,0.014570647002386961,0.2341352108565767,0.753813617383598,37.697005838775624,4.005047595741498,0.014301319572332731,7.666099151655274,0.0,3393.291624063775,1840.5680821377232,1651.0529609852545,5168.9988292607395,2580.490941499027,False,False,False,False,True,False,False,False,False,False,37.697005838775624,4.005047595741498,0.014301319572332731,7.666099151655274,1.1175179794632266,3393.291624063775,1840.5680821377232,1651.0529609852545,5168.9988292607395,2580.490941499027
GEO_00448,402417.550447056,7138346.69373871,volcanic,halo,0.6226461980142268,0.0,0.2957770945858591,0.5443728901045483,0.04830059776713749,86.90072113996617,6.871197910179113,0.024797308588535065,0.0,0.0,6143.105356057842,2847.8309420795626,2434.6127404938366,3562.3725102559624,1718.11059940911,False,False,False,True,True,False,False,False,False,False,86.90072113996617,6.871197910179113,0.024797308588535065,4.342558297258697,1.042295319341273,6143.105356057842,2847.8309420795626,2434.6127404938366,3562.3725102559624,1718.11059940911
GEO_00449,384122.5763641013,7136353.892460935,intrusive,halo,0.667860296994674,0.08854071463598247,0.2968318388775271,0.2536387530210616,0.8366579376762167,74.39383844942773,8.423166444566414,0.017208284680386536,6.466648503861562,1.4769331604108091,4095.038503379129,2290.7596724994683,1959.5611209396009,5543.537387981857,2350.1099809910206,False,False,False,False,False,False,False,False,False,False,74.39383844942773,8.423166444566414,0.017208284680386536,6.466648503861562,1.4769331604108091,4095.038503379129,2290.7596724994683,1959.5611209396009,5543.537387981857,2350.1099809910206
GEO_00450,408523.1333272861,7111131.796571686,intrusive,background,0.06537674869715152,0.04402612379334477,0.0663979615957966,0.13481259545978586,0.6658478717898766,32.7167628674908,4.4136182264735115,0.013560838878081209,8.175838090548114,1.675511038280883,0.0,0.0,1597.8132677291057,2683.659557817861,2511.669053343335,False,False,False,False,False,True,True,False,False,False,32.7167628674908,4.4136182264735115,0.013560838878081209,8.175838090548114,1.675511038280883,2577.8181080325016,1613.8424650704933,1597.8132677291057,2683.659557817861,2511.669053343335
GEO_00451,406799.56913027767,7111957.738726509,intrusive,background,0.006527867799808676,0.0,0.042084989891930935,0.295573888087101,0.662971418104032,0.0,0.0,0.010686758671367811,5.768741807628881,1.2481757232655672,4321.858219737088,2916.6870891511257,1563.3539136004201,4229.126944121475,1553.4706597726215,True,True,False,False,False,False,False,False,False,False,28.467537321626256,3.299347041590735,0.010686758671367811,5.768741807628881,1.2481757232655672,4321.858219737088,2916.6870891511257,1563.3539136004201,4229.126944121475,1553.4706597726215
GEO_00452,380526.18091505964,7135158.481903351,intrusive,background,0.320377967376416,0.0,0.1809924002595766,0.1883254057957601,0.7359314476099336,41.88002078194638,7.295833679590078,0.01316528908645647,0.0,1.5410567511891855,3857.194203684227,2682.7958538006055,2622.4815059604343,6589.9719684399315,2264.4193449273685,False,False,False,True,False,False,False,False,False,False,41.88002078194638,7.295833679590078,0.01316528908645647,4.660769308342181,1.5410567511891855,3857.194203684227,2682.7958538006055,2622.4815059604343,6589.9719684399315,2264.4193449273685
GEO_00453,384241.1674941238,7126352.56261074,volcanic,background,0.16992961291442088,0.0,0.09698323653101758,0.5499312519757174,0.0,44.585510443857565,3.9620684398492574,0.01776158214278402,6.100119742941159,2.2200522577348396,4700.356780981836,2950.5739962499088,0.0,2584.9125808645854,1193.0145929203338,False,False,False,False,False,False,False,True,False,False,44.585510443857565,3.9620684398492574,0.01776158214278402,6.100119742941159,2.2200522577348396,4700.356780981836,2950.5739962499088,1180.682805106372,2584.9125808645854,1193.0145929203338
GEO_00454,378360.4190652753,7143102.479903232,intrusive,background,0.2095156749157448,0.07407880587815172,0.10679879456945823,0.13573234901135997,0.7316650811829303,48.24529904924653,6.3627929003996035,0.0124408613619735,5.907027272685987,1.6078830478313633,3940.957652132524,2459.815393598195,2430.5653144687712,3923.2272198902033,2453.7752977632417,False,False,False,False,False,False,False,False,False,False,48.24529904924653,6.3627929003996035,0.0124408613619735,5.907027272685987,1.6078830478313633,3940.957652132524,2459.815393598195,2430.5653144687712,3923.2272198902033,2453.7752977632417
GEO_00455,412202.5956313795,7145991.529993238,volcanic,background,0.20731101561243193,0.10488211505827497,0.0681113479829801,0.6138646200381587,0.14030373872589905,53.80823415709381,4.799014189993261,0.01954308201290415,5.892609656166949,1.8321444379619622,5540.302088123652,3492.799731782996,1793.7798791461673,3882.580150963802,1210.9267071391523,False,False,False,False,False,False,False,False,False,False,53.80823415709381,4.799014189993261,0.01954308201290415,5.892609656166949,1.8321444379619622,5540.302088123652,3492.799731782996,1793.7798791461673,3882.580150963802,1210.9267071391523
GEO_00456,361438.4144167724,7158516.901450648,sedimentary,background,0.10389455193604308,0.0,0.038777902711803855,0.13485858097311984,0.08842140175398452,46.077718626579326,4.188458053233104,0.01283214544724915,6.945402012822362,0.0,4558.6757873021015,2350.4127358603314,3231.368728145137,3610.596468729545,1429.5324458615605,False,False,False,False,True,False,False,False,False,False,46.077718626579326,4.188458053233104,0.01283214544724915,6.945402012822362,1.0451676905024472,4558.6757873021015,2350.4127358603314,3231.368728145137,3610.596468729545,1429.5324458615605
GEO_00457,415241.47700666473,7149338.488353274,sedimentary,background,0.24402114641700148,0.11021251423400204,0.0887965742550145,0.0,0.21038909306169581,65.35157287194613,4.623581756860619,0.020632011811783365,8.22214768623703,1.6269025194467626,3294.7108048555597,1988.2120147279072,2740.0737876359162,2947.586578032358,1423.152012528636,False,False,False,False,False,False,False,False,False,False,65.35157287194613,4.623581756860619,0.020632011811783365,8.22214768623703,1.6269025194467626,3294.7108048555597,1988.2120147279072,2740.0737876359162,2947.586578032358,1423.152012528636
GEO_00458,397049.99763203756,7137097.181060083,volcanic,halo,0.7407603479298978,0.1390272034035966,0.33112151862966066,0.6615511176862106,0.0,102.02545207420893,6.665062123447487,0.02836082751171013,6.398925529866151,1.8651870310057164,6533.039646514214,2936.014977377561,2152.1317600137463,3093.3660507393934,1276.9623650803771,False,False,False,False,False,False,False,False,False,False,102.02545207420893,6.665062123447487,0.02836082751171013,6.398925529866151,1.8651870310057164,6533.039646514214,2936.014977377561,2152.1317600137463,3093.3660507393934,1276.9623650803771
GEO_00459,379691.70846465015,7144749.379492529,volcanic,halo,0.5682870348052157,0.0680075535190812,0.3038814892906825,0.7138521454298382,0.08527302656181839,72.24576262249667,6.976697878150746,0.017303659963804112,5.060522793744077,1.5034194898136384,4363.839754758296,3702.0096921870613,2407.9787249413735,2883.2876304000965,1609.0081220920736,False,False,False,False,False,False,False,False,False,False,72.24576262249667,6.976697878150746,0.017303659963804112,5.060522793744077,1.5034194898136384,4363.839754758296,3702.0096921870613,2407.9787249413735,2883.2876304000965,1609.0081220920736
GEO_00460,425392.9393471077,7154039.593705785,intrusive,background,0.1291903124594162,0.03815011034182621,0.10587932078388514,0.23085138755798035,0.6345585922188743,35.09186976651474,5.412249440637599,0.022660504588012175,6.382720452239167,1.3881529852692884,4250.235466050947,1841.3653662496058,1653.5606044106564,3992.5532333999445,1950.1867710171498,False,False,False,False,False,False,False,False,False,False,35.09186976651474,5.412249440637599,0.022660504588012175,6.382720452239167,1.3881529852692884,4250.235466050947,1841.3653662496058,1653.5606044106564,3992.5532333999445,1950.1867710171498
GEO_00461,426624.9382873618,7120682.307769673,sedimentary,background,0.02287198586011166,0.0,0.0,0.0,0.09029471518424353,34.43922457119461,4.765592536813321,0.0,4.836283470865103,1.3712531430441337,0.0,0.0,3736.2188255108235,3432.941644263978,1499.7500909916414,False,False,True,False,False,True,True,False,False,False,34.43922457119461,4.765592536813321,0.00877681711583854,4.836283470865103,1.3712531430441337,2918.8835255186705,1676.1248544593368,3736.2188255108235,3432.941644263978,1499.7500909916414
GEO_00462,427488.4131884637,7158707.528271617,intrusive,background,0.040416924877790444,0.0789010580295983,0.0,0.31320636271954516,0.7331227779561019,0.0,4.837975098354201,0.014143501556765432,5.4940520362294265,1.4662257039397801,4122.305505794156,2385.1300470283068,1728.1485390683201,4734.852262551639,1983.4616216999702,True,False,False,False,False,False,False,False,False,False,28.76849728872838,4.837975098354201,0.014143501556765432,5.4940520362294265,1.4662257039397801,4122.305505794156,2385.1300470283068,1728.1485390683201,4734.852262551639,1983.4616216999702
GEO_00463,358072.14096900856,7154069.421093677,intrusive,background,0.10816067142695689,0.0,0.0,0.18050387452271527,0.9510317229056522,51.06174013600524,5.56646664045547,0.011687879216225877,8.035750378729789,1.3712969762673426,0.0,2754.2943535864338,2100.7452059725783,4946.851650312161,2740.022949055153,False,False,False,False,False,True,False,False,False,False,51.06174013600524,5.56646664045547,0.011687879216225877,8.035750378729789,1.3712969762673426,2676.6211080954818,2754.2943535864338,2100.7452059725783,4946.851650312161,2740.022949055153
GEO_00464,389244.91932294023,7152124.23681761,sedimentary,halo,0.7342875072638606,0.22468165768892587,0.6300582512077817,0.16255636744717206,0.10339801291209325,92.56084090360469,6.989123649261945,0.022861906534380153,12.710228358620679,1.5315208791370127,4775.613301629105,3083.638589817078,3127.4310363448194,3080.4485501671224,1454.6321918462563,False,False,False,False,False,False,False,False,False,False,92.56084090360469,6.989123649261945,0.022861906534380153,12.710228358620679,1.5315208791370127,4775.613301629105,3083.638589817078,3127.4310363448194,3080.4485501671224,1454.6321918462563
GEO_00465,423667.3638119466,7121355.739882177,sedimentary,background,0.0,0.018278801177819524,0.07164286889186575,0.12692081197521382,0.026634846169342585,0.0,3.9979920414901913,0.01246597175976665,5.404862595477951,1.3148524376032016,4432.779920703933,2466.8690600367245,4993.216581064918,3406.389595124345,1583.3264183247945,True,False,False,False,False,False,False,False,False,False,25.733729749693083,3.9979920414901913,0.01246597175976665,5.404862595477951,1.3148524376032016,4432.779920703933,2466.8690600367245,4993.216581064918,3406.389595124345,1583.3264183247945
GEO_00466,350709.3130165653,7124501.500355945,intrusive,background,0.09732696028902077,0.03968452618155266,0.00953853964374788,0.26706219260601627,0.6481780984596182,33.438421286447245,3.6497480823331268,0.015828349277153497,4.948044408777411,1.5842364470872983,4335.845907837247,2103.342161018866,1986.678100790171,5764.856341991031,2775.49414152185,False,False,False,False,False,False,False,False,False,False,33.438421286447245,3.6497480823331268,0.015828349277153497,4.948044408777411,1.5842364470872983,4335.845907837247,2103.342161018866,1986.678100790171,5764.856341991031,2775.49414152185
GEO_00467,373996.9277157431,7153440.405510424,sedimentary,background,0.1501223405941431,0.10134655867910485,0.0,0.12679855412275814,0.26790514885375183,36.97159338632931,4.379481615030802,0.0,4.9995244425585,1.3626719818309285,3916.4970395985683,2369.9455935795218,3278.0960239843803,4285.677353160983,1394.2434034452526,False,False,True,False,False,False,False,False,False,False,36.97159338632931,4.379481615030802,0.009775663018200565,4.9995244425585,1.3626719818309285,3916.4970395985683,2369.9455935795218,3278.0960239843803,4285.677353160983,1394.2434034452526
GEO_00468,386760.4679521275,7104398.66876687,intrusive,background,0.13260630968907589,0.047110570441322816,0.050181394740345865,0.2591220406599793,0.8389298307707258,45.225270889546,4.231425792768863,0.012416201386134734,,1.633914274787904,3809.5141861391153,2264.7193682414345,1831.9679138449121,4971.8413140724015,3280.15863397933,False,False,False,False,False,False,False,False,False,False,45.225270889546,4.231425792768863,0.012416201386134734,6.069072127735055,1.633914274787904,3809.5141861391153,2264.7193682414345,1831.9679138449121,4971.8413140724015,3280.15863397933
GEO_00469,372243.5762027615,7126444.759994479,sedimentary,background,0.0022950447135677565,0.0,0.06480427677305099,0.0,0.19054089558743686,38.44196192513639,3.6270052637662333,0.010603922232480608,6.945252327781183,1.7249676032883143,4465.610746803503,2009.5260056877792,2969.944505319958,,1601.931836377761,False,False,False,False,False,False,False,False,False,False,38.44196192513639,3.6270052637662333,0.010603922232480608,6.945252327781183,1.7249676032883143,4465.610746803503,2009.5260056877792,2969.944505319958,2912.944817745654,1601.931836377761
GEO_00470,395721.4111178844,7130640.442798421,intrusive,background,0.2376678515763404,0.15764131048947583,0.22098272822646253,0.1342055377690456,0.7716577690137462,40.21705672378469,5.48592426767297,0.023681584661659746,7.467416911370268,1.8743666257105316,3527.308132046224,2853.985459650488,1754.362515473886,4660.09298865277,2583.664502294175,False,False,False,False,False,False,False,False,False,False,40.21705672378469,5.48592426767297,0.023681584661659746,7.467416911370268,1.8743666257105316,3527.308132046224,2853.985459650488,1754.362515473886,4660.09298865277,2583.664502294175
GEO_00471,392896.6964549607,7110125.383413136,intrusive,background,0.0,0.12386024785649301,0.0,0.18421429565068292,0.6063927959836907,33.81947824698393,3.811378764845199,0.013914281463185183,9.293169303070732,1.4731523161311453,4772.711623128886,1916.7734443785823,2009.385012678598,3775.495841627077,2748.101754547813,False,False,False,False,False,False,False,False,False,False,33.81947824698393,3.811378764845199,0.013914281463185183,9.293169303070732,1.4731523161311453,4772.711623128886,1916.7734443785823,2009.385012678598,3775.495841627077,2748.101754547813
GEO_00472,417528.49265464576,7150542.210533576,volcanic,background,0.08520143111403405,0.2659503877997944,0.04906240108717988,0.7522921799376725,0.03543916698225519,35.301912029766655,4.6265666012467435,0.01563816407492451,6.339255204739477,1.8529733954703071,5872.984237451669,4103.890629830024,2066.7193497668313,0.0,1177.3328571276484,False,False,False,False,False,False,False,False,True,False,35.301912029766655,4.6265666012467435,0.01563816407492451,6.339255204739477,1.8529733954703071,5872.984237451669,4103.890629830024,2066.7193497668313,2254.5469143654727,1177.3328571276484
GEO_00473,369162.17510079785,7178870.315790551,volcanic,background,0.0,0.09014263369183234,0.0,0.7290452717262657,0.0,30.676619653815468,4.195594620958749,0.011399180630964805,7.291897066376501,1.437978139543401,6111.582463729193,4166.597929876972,2178.8286628107558,0.0,1656.8549023605278,False,False,False,False,False,False,False,False,True,False,30.676619653815468,4.195594620958749,0.011399180630964805,7.291897066376501,1.437978139543401,6111.582463729193,4166.597929876972,2178.8286628107558,2243.4563367054884,1656.8549023605278
GEO_00474,410486.2928404348,7173861.487377659,intrusive,background,0.21893116705276833,0.0,0.0,0.3990910155906985,0.6827007221361341,42.88112181381167,6.306400462717649,0.0,5.512753058701244,1.3503718562543776,4305.220159957071,2659.762371319125,1652.1194751426358,3711.951187094229,2443.1655212356673,False,False,True,False,False,False,False,False,False,False,42.88112181381167,6.306400462717649,0.008589330966996375,5.512753058701244,1.3503718562543776,4305.220159957071,2659.762371319125,1652.1194751426358,3711.951187094229,2443.1655212356673
GEO_00475,389480.79541501706,7105394.1945606815,intrusive,background,0.03901640904346717,0.0,0.0,0.3958290679734502,0.8453936260029544,33.68507939986631,5.201922875332015,0.01243957320759177,4.858708693039148,1.361706722103208,4383.671288705122,2964.9400315043795,2639.5644019069728,4815.767088040079,2328.1066404107146,False,False,False,False,False,False,False,False,False,False,33.68507939986631,5.201922875332015,0.01243957320759177,4.858708693039148,1.361706722103208,4383.671288705122,2964.9400315043795,2639.5644019069728,4815.767088040079,2328.1066404107146
GEO_00476,427221.7069191698,7142694.194679981,intrusive,background,0.0,0.08677243821711915,0.0,0.33238036365539536,0.8504083788026444,48.64513136735446,4.172548766008542,0.010601194211423456,5.749181679796165,0.0,5843.10567989988,3132.849453494498,2352.8411713131118,5276.488395796944,2468.91986231032,False,False,False,False,True,False,False,False,False,False,48.64513136735446,4.172548766008542,0.010601194211423456,5.749181679796165,1.0233987300637117,5843.10567989988,3132.849453494498,2352.8411713131118,5276.488395796944,2468.91986231032
GEO_00477,418663.1317945716,7127238.4666969525,sedimentary,background,0.0,0.08737639234415226,0.0,0.009895887267331198,0.1476250133732277,30.378305598719127,,0.013702552445584772,7.227716186262754,1.713826913287848,3068.062308812131,2840.1411805499006,3047.43242508865,3257.328887564385,1492.8716855288817,False,True,False,False,False,False,False,False,False,False,30.378305598719127,3.3181608170435757,0.013702552445584772,7.227716186262754,1.713826913287848,3068.062308812131,2840.1411805499006,3047.43242508865,3257.328887564385,1492.8716855288817
GEO_00478,351644.9553432208,7178505.146512659,sedimentary,background,0.0,0.0,0.0,0.1667046152525296,0.21750143185864612,30.58814779837558,0.0,0.0,4.96778018344231,1.6148730542306564,3745.161456804704,2407.1597664722826,2897.2157401827435,3151.8370199171854,1954.3522457022266,False,True,True,False,False,False,False,False,False,False,30.58814779837558,2.5836295480124214,0.008980633216082287,4.96778018344231,1.6148730542306564,3745.161456804704,2407.1597664722826,2897.2157401827435,3151.8370199171854,1954.3522457022266
GEO_00479,381964.88563279033,7151710.769502749,volcanic,halo,0.5518606887732658,0.11829648363111792,0.36697964212554374,0.6939831007500168,0.0,104.77989757303257,7.394356198193044,0.023632350977550735,7.013909242682789,1.5038078235465169,6155.94877276138,4013.9784744904387,1842.220926856727,0.0,1569.6411395471775,False,False,False,False,False,False,False,False,True,False,104.77989757303257,7.394356198193044,0.023632350977550735,7.013909242682789,1.5038078235465169,6155.94877276138,4013.9784744904387,1842.220926856727,2447.8295055038875,1569.6411395471775
GEO_00480,370403.9766731656,7164249.793528108,volcanic,background,0.05727333644266573,0.0,0.0,0.4704309115799611,0.0,32.07889579275378,4.196503664789,0.0,5.711932596219936,1.2484717450253227,4373.939312934463,3200.5073460766835,1773.3459081319795,0.0,0.0,False,False,True,False,False,False,False,False,True,True,32.07889579275378,4.196503664789,0.009749216708188716,5.711932596219936,1.2484717450253227,4373.939312934463,3200.5073460766835,1773.3459081319795,1942.9422820267318,1072.8731181428914
GEO_00481,389043.6599918794,7102341.353091287,volcanic,background,0.12707923930491308,0.046545775175220044,0.0,0.6723898066038811,0.12465839726757787,37.267438492912426,5.787403694819742,0.012230301368194474,0.0,1.2801025817974296,6530.0081971481095,3518.4797349729406,2248.9631416730917,3512.350145403114,1919.1284762364699,False,False,False,True,False,False,False,False,False,False,37.267438492912426,5.787403694819742,0.012230301368194474,4.689183882197197,1.2801025817974296,6530.0081971481095,3518.4797349729406,2248.9631416730917,3512.350145403114,1919.1284762364699
GEO_00482,429696.87083113904,7145099.459781421,intrusive,background,0.05790407330780813,0.0,0.052028753499627635,0.291569956466854,0.631260690039835,0.0,5.623145262041922,0.013121266650874748,0.0,1.5371549428608897,5626.209997125983,2398.5396339826725,2307.309546956672,2919.044797652034,1676.4067559525429,True,False,False,True,False,False,False,False,False,False,28.920713090356756,5.623145262041922,0.013121266650874748,4.6922458485554035,1.5371549428608897,5626.209997125983,2398.5396339826725,2307.309546956672,2919.044797652034,1676.4067559525429
GEO_00483,396339.076433131,7118682.22038143,intrusive,background,0.12324109498619062,0.0020468037555465765,0.06846484889177544,0.3017634438539902,0.6509854275460772,43.578727372629665,4.920315470576624,0.014274205384546868,6.133668255006998,1.5897667682110836,3470.890036160193,1962.3922882161012,2379.3897285960506,4589.377836079819,2256.861901648008,False,False,False,False,False,False,False,False,False,False,43.578727372629665,4.920315470576624,0.014274205384546868,6.133668255006998,1.5897667682110836,3470.890036160193,1962.3922882161012,2379.3897285960506,4589.377836079819,2256.861901648008
GEO_00484,355521.7031473314,7131182.378356303,volcanic,background,0.0,0.10358878613647665,0.0,0.752560593969706,0.10586180725231675,32.64317330791861,,0.010893822826380729,6.80694444517951,1.9921265542820408,5269.073839175265,3234.225651464401,2026.2815297144743,0.0,1801.9363032167882,False,False,False,False,False,False,False,False,True,False,32.64317330791861,5.072098155068938,0.010893822826380729,6.80694444517951,1.9921265542820408,5269.073839175265,3234.225651464401,2026.2815297144743,2268.56703150213,1801.9363032167882
GEO_00485,409789.9553185575,7138631.439437255,intrusive,background,0.3456004478925581,0.0,0.028287763192441417,0.32182544127685686,0.5129978587931715,63.51880776093667,8.548292159094935,0.016023986848395642,6.104623968573457,1.5675283019471749,6142.535145539989,2787.3063988090535,2170.641391596876,3632.8129351849757,2173.001441897303,False,False,False,False,False,False,False,False,False,False,63.51880776093667,8.548292159094935,0.016023986848395642,6.104623968573457,1.5675283019471749,6142.535145539989,2787.3063988090535,2170.641391596876,3632.8129351849757,2173.001441897303
GEO_00486,366067.3735941825,7153342.27288423,intrusive,background,0.0,0.1364186802994506,0.005796742661547543,0.0023546639470720387,0.6742284350746582,34.31595029168865,5.226980018693424,0.01471718298213958,5.505390355066284,1.3433105242536791,4016.739386052677,1923.5922076887366,1968.6347517708123,5441.841175141623,1838.5518662458148,False,False,False,False,False,False,False,False,False,False,34.31595029168865,5.226980018693424,0.01471718298213958,5.505390355066284,1.3433105242536791,4016.739386052677,1923.5922076887366,1968.6347517708123,5441.841175141623,1838.5518662458148
GEO_00487,387020.3375507794,7131280.266225415,intrusive,halo,0.5199897683164211,0.2745192275136596,0.2793752016639608,0.46537222106029275,0.8176654404854545,78.25531410694319,6.827128373859585,0.024109218670208467,8.199231793757347,1.548356689778024,3515.4818260404872,2700.550996329741,1636.0800916547846,4901.121329185337,2669.8959957898614,False,False,False,False,False,False,False,False,False,False,78.25531410694319,6.827128373859585,0.024109218670208467,8.199231793757347,1.548356689778024,3515.4818260404872,2700.550996329741,1636.0800916547846,4901.121329185337,2669.8959957898614
GEO_00488,400875.3163046981,7166203.598070101,volcanic,halo,0.22470766522449873,0.4647428758524731,0.2719363806066237,0.7507606392086051,0.0,57.60150098890556,5.30402778307379,0.014951410388656763,7.723983877749236,1.9484819102674389,6051.990646562272,3708.3513664367924,1887.0419617206912,3198.470262118544,1199.175032594808,False,False,False,False,False,False,False,False,False,False,57.60150098890556,5.30402778307379,0.014951410388656763,7.723983877749236,1.9484819102674389,6051.990646562272,3708.3513664367924,1887.0419617206912,3198.470262118544,1199.175032594808
GEO_00489,423023.6349434969,7128887.933045198,volcanic,background,0.0,0.0,0.06571943926314602,0.7057472195697189,0.0,41.40065175210828,0.0,0.0,5.171304494229854,1.3767030756233092,7451.099221449437,3579.1031919634165,2513.4779333122033,2673.7551055517492,1550.869981261271,False,True,True,False,False,False,False,False,False,False,41.40065175210828,3.4398641365080826,0.010287953357778958,5.171304494229854,1.3767030756233092,7451.099221449437,3579.1031919634165,2513.4779333122033,2673.7551055517492,1550.869981261271
GEO_00490,377302.52419261466,7119764.49573049,intrusive,background,0.1746154260821636,0.0,0.07597623315580714,0.06401631423991919,0.6382245389134401,49.71495484053282,6.222204391602866,0.011480950127110083,4.87143667495394,1.393715729613882,4385.776496075605,1856.2047877593745,1939.650346997189,5720.924224964272,1589.315293033354,False,False,False,False,False,False,False,False,False,False,49.71495484053282,6.222204391602866,0.011480950127110083,4.87143667495394,1.393715729613882,4385.776496075605,1856.2047877593745,1939.650346997189,5720.924224964272,1589.315293033354
GEO_00491,403203.456420364,7139063.293079994,intrusive,background,0.36152880259358866,0.0,0.18464427033853856,0.32611002008471923,0.7637481314583859,45.946707464433196,6.399273095893848,0.017738540111531302,5.788742386977885,1.5150282281871073,6094.258619792037,2411.2264666997366,1710.4150916041654,5955.208301961857,1869.8900923618978,False,False,False,False,False,False,False,False,False,False,45.946707464433196,6.399273095893848,0.017738540111531302,5.788742386977885,1.5150282281871073,6094.258619792037,2411.2264666997366,1710.4150916041654,5955.208301961857,1869.8900923618978
GEO_00492,352825.77339725906,7170666.1500324095,volcanic,background,0.026831556252478267,0.08188333032663217,0.0,0.5994299890340156,0.0,41.058809512376456,4.911052353469154,0.013276318516188794,5.668281207332117,1.5686181401746961,4883.082836243185,4580.4155112585995,2344.371745502531,3111.9748829893933,1490.1559764982958,False,False,False,False,False,False,False,False,False,False,41.058809512376456,4.911052353469154,0.013276318516188794,5.668281207332117,1.5686181401746961,4883.082836243185,4580.4155112585995,2344.371745502531,3111.9748829893933,1490.1559764982958
GEO_00493,354994.05347720336,7177732.677562114,volcanic,background,0.0,0.0,0.0,0.5077255926437224,0.023013790808667164,37.41932013622491,4.568847987928481,0.012139775617815663,4.926926958064704,1.3269002383163488,4218.34032975829,2363.731538650655,2156.973880473584,2826.7323171533,1364.5335742130312,False,False,False,False,False,False,False,False,False,False,37.41932013622491,4.568847987928481,0.012139775617815663,4.926926958064704,1.3269002383163488,4218.34032975829,2363.731538650655,2156.973880473584,2826.7323171533,1364.5335742130312
GEO_00494,384033.1988544286,7109335.7760624755,intrusive,background,0.20617726749714135,0.04464816801048326,0.06817872478777914,0.3029355168624846,0.7276082982799611,50.98953903802223,6.5250683715992,0.014914099102957525,5.512041874822149,1.6449782885457167,3982.796986796219,3380.507763277422,1833.6495635159436,5615.976240745671,2014.7940704288076,False,False,False,False,False,False,False,False,False,False,50.98953903802223,6.5250683715992,0.014914099102957525,5.512041874822149,1.6449782885457167,3982.796986796219,3380.507763277422,1833.6495635159436,5615.976240745671,2014.7940704288076
GEO_00495,397185.36196408095,7113098.573747264,intrusive,background,0.0690445974045381,0.0,0.029285220322467324,0.29825668161217633,0.7439852976990213,43.57727972758619,5.149838667452893,0.011995932443030023,6.850823502201727,1.5300660187697062,4612.531110269613,2541.87367625805,2160.6460993496967,4762.848096541575,2116.502625504252,False,False,False,False,False,False,False,False,False,False,43.57727972758619,5.149838667452893,0.011995932443030023,6.850823502201727,1.5300660187697062,4612.531110269613,2541.87367625805,2160.6460993496967,4762.848096541575,2116.502625504252
GEO_00496,372669.9558139502,7106054.052631157,intrusive,background,0.15690286957507593,0.07899223063778099,0.06412435107756392,0.23373346505502895,0.8547026676139182,37.81308452949084,5.235062348082757,0.011662352116827725,0.0,1.757401846396798,3971.7966199907933,3656.5209369784093,2026.2398632370796,5662.164580370827,3026.901568903244,False,False,False,True,False,False,False,False,False,False,37.81308452949084,5.235062348082757,0.011662352116827725,4.48355839077068,1.757401846396798,3971.7966199907933,3656.5209369784093,2026.2398632370796,5662.164580370827,3026.901568903244
GEO_00497,409412.8813931337,7111825.904047817,volcanic,background,0.009943492042940181,0.0,0.0,0.6094878681941159,0.0,34.847873516473314,3.5898252670773547,0.0,0.0,0.0,4187.284408428474,2477.2854033990266,2171.1917119895575,0.0,1817.860921448391,False,False,True,True,True,False,False,False,True,False,34.847873516473314,3.5898252670773547,0.008737993137785437,4.649571194986131,1.0951335307761838,4187.284408428474,2477.2854033990266,2171.1917119895575,2161.0190722439434,1817.860921448391
GEO_00498,375670.71934280905,7171067.74514409,volcanic,background,0.0,0.0,0.0,0.7362978066346751,0.0,0.0,4.0372150812622705,0.011984521999086572,6.039842171640097,1.3593225267809608,5604.194710450303,3630.628742428954,2501.635409789407,3452.4956245738163,1417.1688375431424,True,False,False,False,False,False,False,False,False,False,29.36538072696031,4.0372150812622705,0.011984521999086572,6.039842171640097,1.3593225267809608,5604.194710450303,3630.628742428954,2501.635409789407,3452.4956245738163,1417.1688375431424
GEO_00499,371616.7867143744,7157223.703126666,volcanic,background,0.28067971781666656,0.0,0.0,0.7016250972853885,0.0,37.72946473887698,4.44397058402849,0.015270095534665464,6.886359179767351,1.7829539766689506,5120.21222636757,3669.4524557260397,1926.0855810275878,2581.9650144486927,1388.2161075292531,False,False,False,False,False,False,False,False,False,False,37.72946473887698,4.44397058402849,0.015270095534665464,6.886359179767351,1.7829539766689506,5120.21222636757,3669.4524557260397,1926.0855810275878,2581.9650144486927,1388.2161075292531
GEO_00500,405673.3725383043,7162899.577566429,sedimentary,halo,0.43105020526427296,0.675138250461362,0.10966839181062815,0.028086740856655974,0.22077670057927007,67.70341527055216,6.70506353874908,0.02051866052807661,16.261426072568675,2.0001829623821936,4675.159733283429,2670.5824766285223,6181.377362686506,2656.1345578967143,1496.1794504280233,False,False,False,False,False,False,False,False,False,False,67.70341527055216,6.70506353874908,0.02051866052807661,16.261426072568675,2.0001829623821936,4675.159733283429,2670.5824766285223,6181.377362686506,2656.1345578967143,1496.1794504280233
GEO_00501,406688.9887970503,7161087.979595266,volcanic,halo,0.6049382014162175,0.6476496715661693,0.3558397986428977,0.735045197015129,0.0,84.28962514373508,8.119419510115682,0.03312831168749594,16.407511328624704,2.6065901557409816,6342.013422506897,3519.325756666501,2439.570467622874,3318.4544690959087,0.0,False,False,False,False,False,False,False,False,False,True,84.28962514373508,8.119419510115682,0.03312831168749594,16.407511328624704,2.6065901557409816,6342.013422506897,3519.325756666501,2439.570467622874,3318.4544690959087,1091.8449003084377
GEO_00502,428094.8777852026,7126147.628305406,volcanic,background,0.05628509537714662,0.041327197928386454,0.19533957434137703,0.5518390183887059,0.0,44.5344682673423,0.0,0.010549295565613721,5.384764185109538,1.3859987654396717,6057.283539338108,3434.844911392418,1588.9531116685853,3002.913612835562,1701.9653136615643,False,True,False,False,False,False,False,False,False,False,44.5344682673423,3.3438893957356095,0.010549295565613721,5.384764185109538,1.3859987654396717,6057.283539338108,3434.844911392418,1588.9531116685853,3002.913612835562,1701.9653136615643
GEO_00503,360619.5832149141,7132091.637657701,volcanic,background,0.0,0.14581235475268842,0.09574873420263079,0.7368648324709608,0.0618256314980373,41.049757438911456,3.931724522727669,0.011314555492382208,7.61940553443216,1.552468204463512,4655.493454105173,2283.3334490466177,2341.072188104176,3895.4873627715374,2061.54715410596,False,False,False,False,False,False,False,False,False,False,41.049757438911456,3.931724522727669,0.011314555492382208,7.61940553443216,1.552468204463512,4655.493454105173,2283.3334490466177,2341.072188104176,3895.4873627715374,2061.54715410596
GEO_00504,357708.60725473484,7127786.119516352,sedimentary,background,0.08390306455273365,0.0,0.0,0.0,0.020402260309563436,47.76626685902177,4.503916659885964,0.012112677122595047,5.797406091411516,1.5537542246223346,3026.860318182514,2091.19419099508,3311.923993362112,3478.0999650073054,1548.0631005721757,False,False,False,False,False,False,False,False,False,False,47.76626685902177,4.503916659885964,0.012112677122595047,5.797406091411516,1.5537542246223346,3026.860318182514,2091.19419099508,3311.923993362112,3478.0999650073054,1548.0631005721757
GEO_00505,416538.8050595359,7141741.28561379,volcanic,background,0.0709307465347415,0.0,0.07390776832117255,0.7382710908498642,0.0,0.0,0.0,0.012071338221718981,6.196717637397779,0.0,5971.908974447687,3508.130092879266,1929.6673327102692,2701.5027625571083,1455.4372918657432,True,True,False,False,True,False,False,False,False,False,25.928430897527317,3.0600458483961863,0.012071338221718981,6.196717637397779,1.1797790049635537,5971.908974447687,3508.130092879266,1929.6673327102692,2701.5027625571083,1455.4372918657432
GEO_00506,372100.34986855,7106490.883971774,volcanic,background,0.0,0.007342853122804829,0.023611527983856666,0.6576501656706687,0.08927673202586425,41.42819182843477,0.0,0.012453716142954615,5.836263137412872,1.2485137973910292,4970.331544833511,2796.70396421613,2138.7099263426,3502.235583959084,1376.6335671822799,False,True,False,False,False,False,False,False,False,False,41.42819182843477,3.4004059457410354,0.012453716142954615,5.836263137412872,1.2485137973910292,4970.331544833511,2796.70396421613,2138.7099263426,3502.235583959084,1376.6335671822799
GEO_00507,422496.7211988197,7141870.663427369,intrusive,background,0.0,0.0,0.0,0.19520981106488058,0.8962198451465826,0.0,4.477803310973264,0.010914106204347724,5.124151131078747,1.6492175302380054,3553.75303248225,2194.5951117740105,1933.722141813851,6351.914018800949,2176.9996132956253,True,False,False,False,False,False,False,False,False,False,24.333330848409634,4.477803310973264,0.010914106204347724,5.124151131078747,1.6492175302380054,3553.75303248225,2194.5951117740105,1933.722141813851,6351.914018800949,2176.9996132956253
GEO_00508,395728.1714936532,7135356.708313726,sedimentary,halo,0.39691141758294435,0.2740364600259362,0.37180998465928955,0.14901244171350359,0.16722945177952014,64.53094498697321,4.340088420034861,0.018529494363366667,7.905712021575388,1.449593675867979,4813.2410497858855,2334.650926076453,3112.7385162293426,3332.0039449783217,1413.9926709916704,False,False,False,False,False,False,False,False,False,False,64.53094498697321,4.340088420034861,0.018529494363366667,7.905712021575388,1.449593675867979,4813.2410497858855,2334.650926076453,3112.7385162293426,3332.0039449783217,1413.9926709916704
GEO_00509,398137.56909107417,7145951.065115209,sedimentary,anomalous,0.8004413903621931,0.3046917759466309,0.5563445960894654,0.013814421399853559,0.11319951434515932,105.28745044362125,9.03764268491715,0.040734411610932234,7.63943200646786,2.080577944429794,5168.121607218159,2054.772187293108,3879.0055854213,4550.169157661036,1315.348614062427,False,False,False,False,False,False,False,False,False,False,105.28745044362125,9.03764268491715,0.040734411610932234,7.63943200646786,2.080577944429794,5168.121607218159,2054.772187293108,3879.0055854213,4550.169157661036,1315.348614062427
GEO_00510,350376.46506608656,7173702.678724619,volcanic,background,0.0,0.03211658250476765,0.0,0.711767005203761,0.1344031118485472,0.0,4.207332903715477,0.011566541368872155,7.496026163955077,1.2774100879842072,5712.9331172443735,3849.54251495373,0.0,4164.254266734125,1514.2399533459402,True,False,False,False,False,False,False,True,False,False,27.30477330067866,4.207332903715477,0.011566541368872155,7.496026163955077,1.2774100879842072,5712.9331172443735,3849.54251495373,1447.0570469641254,4164.254266734125,1514.2399533459402
GEO_00511,395310.5200645634,7175049.698358974,volcanic,background,0.0,0.018396619721118487,0.051693870351587366,0.7677925815532369,0.0,0.0,0.0,0.0,7.249805742788695,0.0,7473.102269842376,3247.5002037593363,2308.6179582234786,2827.9282678808586,1359.2064817760518,True,True,True,False,True,False,False,False,False,False,29.06303255952933,3.3358945264997066,0.010447438756086218,7.249805742788695,1.1944929730817375,7473.102269842376,3247.5002037593363,2308.6179582234786,2827.9282678808586,1359.2064817760518
GEO_00512,419639.9201651013,7132766.498184743,volcanic,background,0.04762867045290363,0.0,0.10137892913107063,0.9017894813464288,0.0,43.61589913614408,3.863070652834138,0.010622143357087692,6.718234628108992,1.9524177017760354,6275.583165397817,3803.7960572771585,1992.0432236819024,0.0,1207.4462495082719,False,False,False,False,False,False,False,False,True,False,43.61589913614408,3.863070652834138,0.010622143357087692,6.718234628108992,1.9524177017760354,6275.583165397817,3803.7960572771585,1992.0432236819024,2378.6224921886837,1207.4462495082719
GEO_00513,429505.4309466592,7107591.624157046,intrusive,background,0.0,0.14733216706573637,0.054903154010925694,0.0,0.6891515723514923,36.323332709164454,3.8121031074358687,0.013439965727138403,6.934771434322889,1.78704572152052,4843.833997046912,1989.8483963638266,0.0,4559.575502106809,2515.64397644114,False,False,False,False,False,False,False,True,False,False,36.323332709164454,3.8121031074358687,0.013439965727138403,6.934771434322889,1.78704572152052,4843.833997046912,1989.8483963638266,1430.5299299077778,4559.575502106809,2515.64397644114
GEO_00514,380448.0164258858,7177812.994106913,intrusive,background,0.06435109849490958,0.0,0.01302266231851176,0.29338952463554346,0.8066629151932033,49.702078030671245,4.709413415239062,0.010576722279893576,0.0,1.5031225244017565,4198.381136950313,2980.72259864355,2433.6317189563765,4672.247483098089,2731.9975861166313,False,False,False,True,False,False,False,False,False,False,49.702078030671245,4.709413415239062,0.010576722279893576,4.695793854391555,1.5031225244017565,4198.381136950313,2980.72259864355,2433.6317189563765,4672.247483098089,2731.9975861166313
GEO_00515,363437.4639662282,7113072.865038372,volcanic,background,0.0055247096320868334,0.0,0.0,0.6999314465620489,0.028191305279397366,33.75388760474777,4.146909220527553,0.0,0.0,1.8002066369584,4273.734181871908,2818.482644887077,2297.4358318305153,2560.85360978624,1268.4106482077468,False,False,True,True,False,False,False,False,False,False,33.75388760474777,4.146909220527553,0.00882520701102718,4.719778136246064,1.8002066369584,4273.734181871908,2818.482644887077,2297.4358318305153,2560.85360978624,1268.4106482077468
GEO_00516,422304.8947779675,7172917.094508101,sedimentary,background,0.00935291712047561,0.0,0.052981749301639874,0.10402780406907462,0.11991414628961578,0.0,4.933240457592062,0.010994272418048765,7.351373154682234,1.4072578421676336,0.0,2216.270059315888,2563.7321115442364,3769.230653276798,0.0,True,False,False,False,False,True,False,False,False,True,29.089896820065512,4.933240457592062,0.010994272418048765,7.351373154682234,1.4072578421676336,2956.09761630835,2216.270059315888,2563.7321115442364,3769.230653276798,1003.4788115706865
GEO_00517,383150.29935953696,7109458.216142137,intrusive,background,0.0,0.002569199714605,0.0,0.24840541993579252,0.8583726274913956,39.88869113636329,4.79993968514928,0.01448438198864002,5.946403556039541,1.4231821926255348,3960.4223128596595,2158.6490303344094,1671.5966690272412,4511.440696590867,2450.9854410687453,False,False,False,False,False,False,False,False,False,False,39.88869113636329,4.79993968514928,0.01448438198864002,5.946403556039541,1.4231821926255348,3960.4223128596595,2158.6490303344094,1671.5966690272412,4511.440696590867,2450.9854410687453
GEO_00518,386182.3605485649,7135853.470579791,intrusive,halo,0.4563585534987995,0.20524627525251532,0.3011470738937294,0.2409328013564534,0.8220385962052916,99.24458240387865,7.879865035400842,0.017828232788975593,9.528262562061009,1.7208427499846783,4006.234489069015,2442.379535573791,1685.0545591661817,5146.579975825153,2452.591357890168,False,False,False,False,False,False,False,False,False,False,99.24458240387865,7.879865035400842,0.017828232788975593,9.528262562061009,1.7208427499846783,4006.234489069015,2442.379535573791,1685.0545591661817,5146.579975825153,2452.591357890168
GEO_00519,387533.29373759276,7123354.094249265,sedimentary,background,0.0759437784392761,0.08348049208346742,0.17805854482832945,0.05313892586424264,0.1989691615475824,46.42537811001201,0.0,,4.986373346471682,2.043775552828502,3192.082626517889,2944.8246999636635,3346.1140039488014,3987.9871336088027,1380.6977241567133,False,True,False,False,False,False,False,False,False,False,46.42537811001201,3.3504990812989313,0.013368449875307045,4.986373346471682,2.043775552828502,3192.082626517889,2944.8246999636635,3346.1140039488014,3987.9871336088027,1380.6977241567133
GEO_00520,393794.8367314248,7121102.130404408,volcanic,background,0.1319096476514611,0.0468281270340121,0.020945379030328178,0.6932501107225909,0.0,37.395846209811175,5.465953086688801,0.0,6.4626251189511255,0.0,8041.525134460647,4056.786161426232,0.0,2792.9212895998667,1622.2278154428793,False,False,True,False,True,False,False,True,False,False,37.395846209811175,5.465953086688801,0.010410646218647542,6.4626251189511255,1.0681891600003937,8041.525134460647,4056.786161426232,1498.486175252815,2792.9212895998667,1622.2278154428793
GEO_00521,354851.0878299592,7141140.705211759,sedimentary,background,0.0,0.0378492547893901,0.0,0.0,0.19131921331365906,49.50101555011596,3.761270929551882,0.0,7.167406298115372,1.2199376869968177,3621.9812856962812,1826.1313145538925,2674.817823751805,0.0,2023.996388161309,False,False,True,False,False,False,False,False,True,False,49.50101555011596,3.761270929551882,0.008232169213360781,7.167406298115372,1.2199376869968177,3621.9812856962812,1826.1313145538925,2674.817823751805,2197.1646064837,2023.996388161309
GEO_00522,351217.8198220276,7141948.805715507,volcanic,background,0.1665665635412462,0.0,0.057731560719257516,0.699689180546388,0.0,42.46039814699959,4.4149839131467505,0.011650587071717417,5.840695280559775,0.0,4498.196699555666,2586.0694821656234,1572.9488048652386,3074.7326842142256,0.0,False,False,False,False,True,False,False,False,False,True,42.46039814699959,4.4149839131467505,0.011650587071717417,5.840695280559775,1.0957008938489539,4498.196699555666,2586.0694821656234,1572.9488048652386,3074.7326842142256,1007.8817713180662
GEO_00523,411367.11987195106,7162603.047421985,intrusive,halo,0.47470750845574455,0.41215491025205453,0.2907371534529856,0.4263179568487059,0.7256083790980112,91.75500479679998,7.004901919998489,0.022770813648722237,,2.746760691811918,3256.794620770647,2694.3789893732683,2642.807854179534,5274.067713407374,2499.4451112933316,False,False,False,False,False,False,False,False,False,False,91.75500479679998,7.004901919998489,0.022770813648722237,9.06299757491599,2.746760691811918,3256.794620770647,2694.3789893732683,2642.807854179534,5274.067713407374,2499.4451112933316
GEO_00524,400610.5781050683,7142599.608724557,intrusive,halo,0.606665976111622,0.22605250284326023,0.528199934093815,0.3047531718859993,0.724109168362539,77.75657676895226,12.684757672863267,0.02232835744822146,11.154368430830889,1.427490019334551,3683.935382098471,2464.133424929073,1738.1926581333728,2800.8088499025534,2426.084542292743,False,False,False,False,False,False,False,False,False,False,77.75657676895226,12.684757672863267,0.02232835744822146,11.154368430830889,1.427490019334551,3683.935382098471,2464.133424929073,1738.1926581333728,2800.8088499025534,2426.084542292743
GEO_00525,381532.5771750518,7177001.004193198,intrusive,background,0.05415067185049187,0.0,0.0,0.02612679823282449,0.8042490444922705,54.15457768656207,4.367249574901288,0.012408773414422796,5.3320969539512975,1.3160795229423932,3781.470842959801,2050.8553054257077,1781.7056162861647,4853.160102617459,2589.4576909024368,False,False,False,False,False,False,False,False,False,False,54.15457768656207,4.367249574901288,0.012408773414422796,5.3320969539512975,1.3160795229423932,3781.470842959801,2050.8553054257077,1781.7056162861647,4853.160102617459,2589.4576909024368
GEO_00526,402362.66545475234,7153776.062830925,sedimentary,anomalous,0.9757553449056485,0.6955333503014134,0.6075038642105861,0.0,0.17897904498746553,142.38262066449633,8.715140909899812,0.044590154431183325,11.678106871455233,2.7073744977843885,5463.051130612196,2053.679096050142,3133.759830413899,4631.116637414407,1903.2557500320547,False,False,False,False,False,False,False,False,False,False,142.38262066449633,8.715140909899812,0.044590154431183325,11.678106871455233,2.7073744977843885,5463.051130612196,2053.679096050142,3133.759830413899,4631.116637414407,1903.2557500320547
GEO_00527,407023.5656220146,7143721.133440532,sedimentary,halo,0.38764666652810764,0.2653873547847464,0.264034485379929,0.0,0.15838632037293143,51.44340625254799,6.3230621520417305,0.02423059439619062,9.399598336563614,1.5950073624848793,3992.293916778284,1745.663926531057,2676.1144001617154,3518.477176445497,0.0,False,False,False,False,False,False,False,False,False,True,51.44340625254799,6.3230621520417305,0.02423059439619062,9.399598336563614,1.5950073624848793,3992.293916778284,1745.663926531057,2676.1144001617154,3518.477176445497,1082.0568892328024
GEO_00528,373290.30491782154,7167123.128157802,intrusive,background,0.14708998208138793,0.0,0.0,0.3379347919097008,0.7745550246341486,38.37740128625784,6.0109758830037645,0.014177604621050796,5.362972476058702,1.4302819821452435,4538.249071957097,3235.4912721942333,2113.454346493694,5180.696784279846,2106.8005404398955,False,False,False,False,False,False,False,False,False,False,38.37740128625784,6.0109758830037645,0.014177604621050796,5.362972476058702,1.4302819821452435,4538.249071957097,3235.4912721942333,2113.454346493694,5180.696784279846,2106.8005404398955
GEO_00529,381358.03189127985,7176006.612345157,volcanic,background,0.0,0.0,0.0,0.5878706675676919,0.09575823815079121,32.134380777990756,0.0,0.013347424713495518,6.371265524767603,1.380021196006882,6058.499966385889,3168.199917538375,1983.598753341767,3506.1562338105737,1525.4594337544365,False,True,False,False,False,False,False,False,False,False,32.134380777990756,3.3976480757557312,0.013347424713495518,6.371265524767603,1.380021196006882,6058.499966385889,3168.199917538375,1983.598753341767,3506.1562338105737,1525.4594337544365
GEO_00530,369792.62520579057,7115832.81561241,volcanic,background,0.17031221369118846,0.0,0.012597072933013695,0.6889706614928713,0.056422248301516924,63.37136561321837,3.630545487871871,0.01587435992838753,0.0,1.576013671235734,4692.031064077782,2499.573132378209,2785.1489156941234,3023.860982544175,1903.0243466459358,False,False,False,True,False,False,False,False,False,False,63.37136561321837,3.630545487871871,0.01587435992838753,4.711264347333352,1.576013671235734,4692.031064077782,2499.573132378209,2785.1489156941234,3023.860982544175,1903.0243466459358
GEO_00531,361049.59636112076,7174315.657030972,volcanic,background,0.05848091984000363,0.013748713326743694,0.0,0.7463790521513769,0.0,31.888257767997747,0.0,0.0150806104764171,5.061673736800765,1.4029214864947401,4926.283821063995,3396.399694715901,0.0,2815.298528096509,1320.7757831535575,False,True,False,False,False,False,False,True,False,False,31.888257767997747,3.4408653540424066,0.0150806104764171,5.061673736800765,1.4029214864947401,4926.283821063995,3396.399694715901,1437.0632906635374,2815.298528096509,1320.7757831535575
GEO_00532,397344.24945115286,7171708.286257071,volcanic,background,0.08563454326422681,0.2861585567564589,0.04662751063674894,0.7778652979325633,0.0,44.80421213758741,4.875891170085638,0.015334741319282457,8.118546902146523,1.8541449935990537,8727.912598168437,3197.4833354747966,2484.9816817192313,3089.1613440620895,0.0,False,False,False,False,False,False,False,False,False,True,44.80421213758741,4.875891170085638,0.015334741319282457,8.118546902146523,1.8541449935990537,8727.912598168437,3197.4833354747966,2484.9816817192313,3089.1613440620895,1091.548965131986
GEO_00533,409012.2683428867,7147632.067375775,sedimentary,background,0.2962574996796832,0.18787257420023748,0.30077546971958313,0.0,0.33569019385922727,59.83783772401535,6.911769963048433,0.018863033271928762,6.0880355592584765,1.877817070445119,4478.547476641419,1884.4819368632889,4145.417774241711,2736.072366243685,1475.4909006856428,False,False,False,False,False,False,False,False,False,False,59.83783772401535,6.911769963048433,0.018863033271928762,6.0880355592584765,1.877817070445119,4478.547476641419,1884.4819368632889,4145.417774241711,2736.072366243685,1475.4909006856428
GEO_00534,398628.2283464692,7142859.80049434,sedimentary,halo,0.7825137648432187,0.39110612876328554,0.4547392785961497,0.023957515624823303,0.20147909905234834,100.31694177950145,9.550651940495806,0.040458937180183646,11.78326697874655,1.8456633483642875,5059.863600695409,2740.792411137341,4119.37411011138,,1623.3703417091226,False,False,False,False,False,False,False,False,False,False,100.31694177950145,9.550651940495806,0.040458937180183646,11.78326697874655,1.8456633483642875,5059.863600695409,2740.792411137341,4119.37411011138,3321.594607700212,1623.3703417091226
GEO_00535,370432.3669345225,7137173.870510513,volcanic,background,0.03290252268319341,0.08808758846983793,0.06302780939263614,0.91623813730058,0.0,30.969418132442485,0.0,0.010941662337309959,4.8697407787114955,1.5619275854033865,6644.53380652098,4310.535176063104,2335.498410538717,3299.8358063147857,1249.472188424488,False,True,False,False,False,False,False,False,False,False,30.969418132442485,2.740468931678248,0.010941662337309959,4.8697407787114955,1.5619275854033865,6644.53380652098,4310.535176063104,2335.498410538717,3299.8358063147857,1249.472188424488
GEO_00536,401313.12316584686,7158289.416386286,sedimentary,anomalous,0.7869831350014058,0.9539964849893767,0.4678238005923372,0.0,0.22147199838108322,100.97358989689465,10.374497511924393,0.07208813386035923,14.618959402494868,3.2029227481361287,3938.670661821642,0.0,3155.6923926870018,3393.171777850951,1478.7086748831878,False,False,False,False,False,False,True,False,False,False,100.97358989689465,10.374497511924393,0.07208813386035923,14.618959402494868,3.2029227481361287,3938.670661821642,1677.251557525118,3155.6923926870018,3393.171777850951,1478.7086748831878
GEO_00537,382884.62834866036,7147640.349983599,intrusive,halo,0.4961078500708811,0.04721572832967765,0.2983577005175435,0.2518389072854104,0.5734576716044626,80.06928930198767,8.282527973812657,0.021809722184270616,6.7307456364825375,1.640787746565449,0.0,2807.1524670441995,1621.9059006325433,6044.355054812738,1920.1306472249737,False,False,False,False,False,True,False,False,False,False,80.06928930198767,8.282527973812657,0.021809722184270616,6.7307456364825375,1.640787746565449,2708.548299489226,2807.1524670441995,1621.9059006325433,6044.355054812738,1920.1306472249737
GEO_00538,385723.37946606055,7145409.754395909,volcanic,halo,0.811963842637068,0.17253463505304878,0.48661457472600217,0.6142565524877249,0.0,117.9944364118319,7.239397658055056,0.02374655866578151,7.856103276518318,1.7699220345076694,7918.754760430215,3730.9733492911405,2596.9585687128097,4294.093732522488,0.0,False,False,False,False,False,False,False,False,False,True,117.9944364118319,7.239397658055056,0.02374655866578151,7.856103276518318,1.7699220345076694,7918.754760430215,3730.9733492911405,2596.9585687128097,4294.093732522488,1113.585519213472
GEO_00539,351043.3807033725,7171882.051890719,sedimentary,background,0.0,0.0009563962176686973,0.0369533894023505,0.0,0.26469120282421943,44.24059428341042,0.0,0.011952939521779409,5.509698875371148,1.611860279902595,4343.454703600931,2250.301192344616,3256.6898371319417,2520.726657050018,1692.4317898245442,False,True,False,False,False,False,False,False,False,False,44.24059428341042,3.404769231800963,0.011952939521779409,5.509698875371148,1.611860279902595,4343.454703600931,2250.301192344616,3256.6898371319417,2520.726657050018,1692.4317898245442
GEO_00540,412322.87877185177,7171607.493089073,intrusive,background,0.13766025930897235,0.15532489912871708,0.0,0.2967004176666129,0.7339439891803584,40.10992817864287,5.113544133172275,0.016402550326358154,9.57087470774259,1.990963180308098,4803.20320549265,2316.602710895521,1570.0958087242593,5958.974345642791,2681.722922702772,False,False,False,False,False,False,False,False,False,False,40.10992817864287,5.113544133172275,0.016402550326358154,9.57087470774259,1.990963180308098,4803.20320549265,2316.602710895521,1570.0958087242593,5958.974345642791,2681.722922702772
GEO_00541,421792.5203693197,7179720.993053736,intrusive,background,0.08754921090657017,0.0,0.0,0.2539393881900342,0.7174557559359873,38.18381493272375,3.6289718895296716,0.011637637154356383,6.261808695056857,1.488757250946307,4005.3163801064784,2557.355288504981,1860.808107099866,4210.998547573924,3002.4446992741473,False,False,False,False,False,False,False,False,False,False,38.18381493272375,3.6289718895296716,0.011637637154356383,6.261808695056857,1.488757250946307,4005.3163801064784,2557.355288504981,1860.808107099866,4210.998547573924,3002.4446992741473
GEO_00542,373328.2764331751,7133532.854812675,intrusive,background,0.16891740656793675,0.0,0.13959422631808416,0.31321606447446376,0.8237404022085394,50.09049452359454,5.682555748924766,0.012382612040845979,7.3353408217055645,0.0,4855.877523984748,2121.461681072548,0.0,4380.312085550382,1776.9456580768874,False,False,False,False,True,False,False,True,False,False,50.09049452359454,5.682555748924766,0.012382612040845979,7.3353408217055645,1.0825542056968738,4855.877523984748,2121.461681072548,1344.290061714609,4380.312085550382,1776.9456580768874
GEO_00543,378948.604789228,7156883.317095215,intrusive,background,0.2842795698854686,0.03133120555798597,0.16618534460844936,0.12493004837724261,0.8669549777494376,48.21807050802588,,0.015245866581621925,5.4110355069782266,0.0,3791.415872313563,1909.866912715535,2418.9106448698935,6196.363605020402,3030.160986345101,False,False,False,False,True,False,False,False,False,False,48.21807050802588,4.750188172393693,0.015245866581621925,5.4110355069782266,1.0624590012731394,3791.415872313563,1909.866912715535,2418.9106448698935,6196.363605020402,3030.160986345101
GEO_00544,389319.23173729924,7106921.729732846,sedimentary,background,0.11700212818952349,0.06799663325564942,0.0,0.01340502429103751,0.10436638049811442,45.326490300705046,6.623980401255425,0.013977021910215255,,1.950103329579946,4147.975773914972,1736.257497309732,4662.443236820595,3311.458981269732,1897.975163060718,False,False,False,False,False,False,False,False,False,False,45.326490300705046,6.623980401255425,0.013977021910215255,6.2037048918772,1.950103329579946,4147.975773914972,1736.257497309732,4662.443236820595,3311.458981269732,1897.975163060718
GEO_00545,381823.24899049144,7179440.394407279,intrusive,background,0.0,0.0,0.012662271134712714,0.21868557582858703,0.6372867542244719,44.65257204073017,3.955235015575162,0.011369819837732997,6.180662006098577,0.0,3551.8750291812617,2451.3265338799188,1911.3903578057573,3636.206626585903,2157.260574222175,False,False,False,False,True,False,False,False,False,False,44.65257204073017,3.955235015575162,0.011369819837732997,6.180662006098577,1.0922390437173723,3551.8750291812617,2451.3265338799188,1911.3903578057573,3636.206626585903,2157.260574222175
GEO_00546,379552.99351027975,7140462.671517376,intrusive,halo,0.5349398451988102,0.06499803864813264,0.3796520804396266,0.0,0.6795249091479784,80.63779472126653,6.939110188009091,0.017546396153866016,6.275100372090341,1.2033710779089093,3446.4992550808165,1870.4659445250795,0.0,3906.45127611049,2459.037736052155,False,False,False,False,False,False,False,True,False,False,80.63779472126653,6.939110188009091,0.017546396153866016,6.275100372090341,1.2033710779089093,3446.4992550808165,1870.4659445250795,1276.2962187114604,3906.45127611049,2459.037736052155
GEO_00547,409677.29590559134,7128547.126325074,sedimentary,background,0.1356362490464193,0.0,0.11902738731877147,0.10667528600129511,0.08727449171434441,34.02190340028088,5.355805844750586,0.013495378221177348,7.124706460565803,1.3373592519760535,4494.584421982158,2143.551736055094,2927.0189938357366,3487.8403463655413,,False,False,False,False,False,False,False,False,False,False,34.02190340028088,5.355805844750586,0.013495378221177348,7.124706460565803,1.3373592519760535,4494.584421982158,2143.551736055094,2927.0189938357366,3487.8403463655413,1283.4392387169398
GEO_00548,402285.1336858338,7155679.707980239,volcanic,anomalous,0.992161627789556,0.7640764852002001,0.5729556204876466,0.7106157272865453,0.04770942022812981,158.30001507933488,9.729664282316786,0.05775291205033052,15.22088569360413,3.9309199229765195,6127.308846738006,4187.339484702605,2306.2077406735534,4047.7805104060876,1420.5685880092774,False,False,False,False,False,False,False,False,False,False,158.30001507933488,9.729664282316786,0.05775291205033052,15.22088569360413,3.9309199229765195,6127.308846738006,4187.339484702605,2306.2077406735534,4047.7805104060876,1420.5685880092774
GEO_00549,375668.24092148,7134179.060624614,sedimentary,background,0.1795466708388719,0.11288674645943227,0.10652567164723067,0.0,0.27350684281495463,51.785487238254966,5.671612806170449,0.01671401238427234,6.830055094075199,1.9945385913769555,0.0,2319.7285277882656,3174.4366662145153,3858.3659128431877,1976.7898208526692,False,False,False,False,False,True,False,False,False,False,51.785487238254966,5.671612806170449,0.01671401238427234,6.830055094075199,1.9945385913769555,2962.8572528227387,2319.7285277882656,3174.4366662145153,3858.3659128431877,1976.7898208526692
GEO_00550,400765.7166461894,7145095.404063523,intrusive,halo,0.872830289503893,0.12693605251453352,0.48051962187125274,0.35380486357184426,0.7399323562530771,128.5534241544454,11.209891316402679,0.02534710247825255,5.499749369431491,1.3817181321824294,5567.602321176065,2011.2637283497545,3104.9913480130094,4466.057489826258,2201.3983943845224,False,False,False,False,False,False,False,False,False,False,128.5534241544454,11.209891316402679,0.02534710247825255,5.499749369431491,1.3817181321824294,5567.602321176065,2011.2637283497545,3104.9913480130094,4466.057489826258,2201.3983943845224
GEO_00551,404681.8682624328,7141696.794116152,intrusive,background,0.3217775178553673,0.03826745419044367,0.22181461602420605,0.3020867666403191,0.6441937371850311,65.31796863991738,7.4276712807503324,0.017216027449739966,5.298163681428658,1.4410139088305058,5734.501729880268,2905.3464395998058,0.0,4949.79495038576,3089.2958967815453,False,False,False,False,False,False,False,True,False,False,65.31796863991738,7.4276712807503324,0.017216027449739966,5.298163681428658,1.4410139088305058,5734.501729880268,2905.3464395998058,1358.6828413160852,4949.79495038576,3089.2958967815453
GEO_00552,385205.8115302648,7159224.726693192,intrusive,background,0.43510154327139217,0.04361096148591476,0.18520953367991194,0.020472721760435353,0.5921090971638532,54.8015938886956,4.889144561342408,0.015639500470213497,6.162083065528527,1.3793435171145694,3756.6684984095905,0.0,1610.577660026759,3635.6881961783606,2122.8548202448733,False,False,False,False,False,False,True,False,False,False,54.8015938886956,4.889144561342408,0.015639500470213497,6.162083065528527,1.3793435171145694,3756.6684984095905,1177.9759405119016,1610.577660026759,3635.6881961783606,2122.8548202448733
GEO_00553,370860.5724706333,7135805.396526556,sedimentary,background,0.19741696446300666,0.0,0.2438113329288219,0.04560009048295425,0.18321490960061465,56.55754688439442,4.141154987537568,0.016502217097970624,7.330812419281048,1.6130810496264774,3611.012273912382,2621.5185108206188,3232.353460291424,3154.6203827763256,1207.5393157770216,False,False,False,False,False,False,False,False,False,False,56.55754688439442,4.141154987537568,0.016502217097970624,7.330812419281048,1.6130810496264774,3611.012273912382,2621.5185108206188,3232.353460291424,3154.6203827763256,1207.5393157770216
GEO_00554,419032.408109417,7104123.649248887,volcanic,background,0.04305200721265742,0.1446272397011763,0.0,0.9360176881491518,0.0,0.0,0.0,0.016712366963679955,6.957668477552855,1.6626073842130202,5959.789002708319,3721.324415335813,1817.2880313818587,2778.5975343029822,1703.0958072528224,True,True,False,False,False,False,False,False,False,False,29.248731576816343,3.261074378114976,0.016712366963679955,6.957668477552855,1.6626073842130202,5959.789002708319,3721.324415335813,1817.2880313818587,2778.5975343029822,1703.0958072528224
GEO_00555,350459.4250357179,7173647.440991723,sedimentary,background,0.09461850553469414,0.17199045711812466,0.0,0.030464201458341608,0.24346450743199818,35.84128086458911,6.166941155955648,0.015581269409432153,6.338704499868931,2.051234069738824,3676.606730487088,2444.2081608718267,3170.795306652862,4415.536747370165,1730.090500308139,False,False,False,False,False,False,False,False,False,False,35.84128086458911,6.166941155955648,0.015581269409432153,6.338704499868931,2.051234069738824,3676.606730487088,2444.2081608718267,3170.795306652862,4415.536747370165,1730.090500308139
GEO_00556,407544.19490964565,7169703.863024094,intrusive,background,0.08239472980614523,0.33022690983443354,0.1632006090052347,0.3325750472234864,0.6223157338477694,40.246005635383284,5.420513677831607,0.014538038975876166,5.866851997757174,1.669544729962141,5453.555049322466,3382.732996794427,1513.52405146424,4601.451500471409,2429.2790607595975,False,False,False,False,False,False,False,False,False,False,40.246005635383284,5.420513677831607,0.014538038975876166,5.866851997757174,1.669544729962141,5453.555049322466,3382.732996794427,1513.52405146424,4601.451500471409,2429.2790607595975
GEO_00557,414717.4478245425,7131325.700919352,sedimentary,background,0.027879675056322557,0.054695336757075996,0.0,0.0,0.14323710981586218,0.0,0.0,0.016378518439802134,6.290487885756304,1.3461645066258559,3993.4813462394104,0.0,3687.2796188573348,3139.3101244472587,1394.159506045537,True,True,False,False,False,False,True,False,False,False,26.86758009798617,2.850084814071445,0.016378518439802134,6.290487885756304,1.3461645066258559,3993.4813462394104,1478.2446282659512,3687.2796188573348,3139.3101244472587,1394.159506045537
GEO_00558,366875.78221793554,7152984.098985356,intrusive,background,0.10315978168229353,0.0,0.20535632029945053,0.0983636112318414,0.7089760099524771,48.71378120876503,4.723585631995656,0.012251028431996496,5.185497907586811,0.0,3924.8200621887627,2767.9034914879744,0.0,3555.10936770297,2065.7832677207057,False,False,False,False,True,False,False,True,False,False,48.71378120876503,4.723585631995656,0.012251028431996496,5.185497907586811,1.1535675839859882,3924.8200621887627,2767.9034914879744,1269.954230828873,3555.10936770297,2065.7832677207057
GEO_00559,395600.08321507793,7154097.104754552,volcanic,halo,0.7748440067480071,0.3293329314700122,0.5418350462609975,0.5603094585117109,0.10083724837470778,117.09724559181468,7.891934025008266,0.034701796866778,6.11027725647085,1.5604970824955178,6455.068789519469,1921.4774965832698,2068.7552200679534,3901.0170610566597,1730.686336890197,False,False,False,False,False,False,False,False,False,False,117.09724559181468,7.891934025008266,0.034701796866778,6.11027725647085,1.5604970824955178,6455.068789519469,1921.4774965832698,2068.7552200679534,3901.0170610566597,1730.686336890197
GEO_00560,428567.18692063197,7152006.057494055,sedimentary,background,0.0,0.05019513169567532,0.0,0.10602031240807173,0.2765215933940628,37.01946678630178,0.0,0.0,6.824661284164086,1.4746359415566461,5202.4496153373575,2280.5763914654563,3558.7141642190163,3407.6481932180673,2106.7755843828195,False,True,True,False,False,False,False,False,False,False,37.01946678630178,3.232484503608733,0.010155745791906982,6.824661284164086,1.4746359415566461,5202.4496153373575,2280.5763914654563,3558.7141642190163,3407.6481932180673,2106.7755843828195
GEO_00561,374126.8825801715,7159273.599718482,intrusive,background,0.1829608081583508,0.15633168900017974,0.021385730294648006,0.34172098350558455,0.7967489485524286,49.695597448222266,4.769843726698563,0.016635964570621366,5.615829400970289,1.8625888480745576,4228.244659516578,3300.774186139823,2502.7735270808707,5285.88894439463,1814.2780417067286,False,False,False,False,False,False,False,False,False,False,49.695597448222266,4.769843726698563,0.016635964570621366,5.615829400970289,1.8625888480745576,4228.244659516578,3300.774186139823,2502.7735270808707,5285.88894439463,1814.2780417067286
GEO_00562,399214.45603848866,7110030.880203241,intrusive,background,0.012339007614485094,0.0,0.0,0.0046016528032364334,0.7696770537824804,30.08828102676363,4.532090573211631,0.011690779990991064,5.796206446487774,1.6110665233754238,3191.688389965751,0.0,0.0,5505.175736244298,2770.982695667034,False,False,False,False,False,False,True,True,False,False,30.08828102676363,4.532090573211631,0.011690779990991064,5.796206446487774,1.6110665233754238,3191.688389965751,1585.7785672146795,1391.8067583120478,5505.175736244298,2770.982695667034
GEO_00563,383097.1482123165,7122042.182583419,intrusive,background,0.06771228077863777,0.04428826328404244,0.058160408075590815,0.33849287117489657,0.8168939104167301,33.330073329599834,4.561449475270588,0.01540087872281139,5.421715443531328,1.586234600689289,5159.805339471457,2658.4480327715783,2215.793997500294,5657.088135313895,2288.493945565729,False,False,False,False,False,False,False,False,False,False,33.330073329599834,4.561449475270588,0.01540087872281139,5.421715443531328,1.586234600689289,5159.805339471457,2658.4480327715783,2215.793997500294,5657.088135313895,2288.493945565729
GEO_00564,385281.66739308095,7149521.209408595,sedimentary,halo,0.6716275419498126,0.2830853743054694,0.40987582213375917,0.0,0.01988667989743087,64.8928952126134,7.642159137811979,0.020669010363100194,6.084246027610152,2.0569815885416887,3290.8772603331854,1798.8124164165895,3494.733614628356,0.0,1584.8545708086872,False,False,False,False,False,False,False,False,True,False,64.8928952126134,7.642159137811979,0.020669010363100194,6.084246027610152,2.0569815885416887,3290.8772603331854,1798.8124164165895,3494.733614628356,2496.51486270142,1584.8545708086872
GEO_00565,410216.9324189734,7166980.443601447,sedimentary,halo,0.36149917241850793,0.46439369661045604,0.03699608204179994,0.0,0.2888478123137182,74.53752307042679,4.941992229238922,0.023046928320903357,5.994313377872746,1.8688611069582044,4921.881982472059,1927.5932055106862,3115.362089073023,3733.672395515631,1548.8415348079927,False,False,False,False,False,False,False,False,False,False,74.53752307042679,4.941992229238922,0.023046928320903357,5.994313377872746,1.8688611069582044,4921.881982472059,1927.5932055106862,3115.362089073023,3733.672395515631,1548.8415348079927
GEO_00566,393612.07335160935,7156257.011969032,volcanic,anomalous,0.873113216421345,0.25326369511174474,0.49151648358977734,0.6900100320273158,0.0,153.0286578277157,9.578571866139944,0.02867760745091461,7.691924516027172,0.0,6620.228872696397,3632.4700145184606,0.0,0.0,1263.6937094237205,False,False,False,False,True,False,False,True,True,False,153.0286578277157,9.578571866139944,0.02867760745091461,7.691924516027172,1.0809373593956286,6620.228872696397,3632.4700145184606,1445.0733534218032,1772.7156159013746,1263.6937094237205
GEO_00567,372196.1528197086,7114343.758628611,sedimentary,background,0.11764862442164424,0.028260862495306262,0.0,0.0,0.3475557216450965,39.20360778403583,5.825687367369828,0.01063545191978836,0.0,1.3459440057170051,4502.430998818439,0.0,3142.867587398226,3065.551887741913,2010.6282012130423,False,False,False,True,False,False,True,False,False,False,39.20360778403583,5.825687367369828,0.01063545191978836,4.774280469908539,1.3459440057170051,4502.430998818439,1641.692769962368,3142.867587398226,3065.551887741913,2010.6282012130423
GEO_00568,409313.45081609243,7119225.6514306795,intrusive,background,0.07154727982954957,0.07598276756206855,0.0,0.2442670546490829,0.8404118490139318,46.81086162483159,6.763526110424111,0.016853676265057894,6.974873600786221,1.2982788885094207,4536.292567136986,2978.4716844063323,2171.038545834036,3978.38754681674,2358.9931796445094,False,False,False,False,False,False,False,False,False,False,46.81086162483159,6.763526110424111,0.016853676265057894,6.974873600786221,1.2982788885094207,4536.292567136986,2978.4716844063323,2171.038545834036,3978.38754681674,2358.9931796445094
GEO_00569,394740.2139718484,7152834.5339933485,volcanic,halo,0.700921885684783,0.21170222579613152,0.5815812003286602,0.719813895871183,0.1206334007291024,89.44947926089223,9.947674607450105,0.027822193202619232,7.33506279412123,1.9126388510550496,6914.530782454469,3011.040910552659,2518.7674836902515,3203.8936132190183,1543.9955801802619,False,False,False,False,False,False,False,False,False,False,89.44947926089223,9.947674607450105,0.027822193202619232,7.33506279412123,1.9126388510550496,6914.530782454469,3011.040910552659,2518.7674836902515,3203.8936132190183,1543.9955801802619
GEO_00570,374634.1796370776,7166730.488092645,volcanic,background,0.0,0.0,0.07423106159958817,0.8146542825325398,0.0,0.0,3.7089355905494026,0.012055431994092711,0.0,0.0,,3975.5731690137427,1652.2249466532232,4220.5998616436655,1264.7698068505438,True,False,False,True,True,False,False,False,False,False,27.990293218108466,3.7089355905494026,0.012055431994092711,3.630330353136804,1.1672951254351227,5618.726856664579,3975.5731690137427,1652.2249466532232,4220.5998616436655,1264.7698068505438
GEO_00571,397765.36604293657,7144755.9950509,intrusive,halo,0.7595046532864191,0.2505723871356531,0.487153660820403,0.20131840609387502,1.0405789175124944,85.57229849794102,10.30544744145026,0.033659048556486,8.044752693804012,1.5215307405122795,4741.964064990601,2405.557268489942,1887.1849191474655,4327.677309763228,3267.6069051811273,False,False,False,False,False,False,False,False,False,False,85.57229849794102,10.30544744145026,0.033659048556486,8.044752693804012,1.5215307405122795,4741.964064990601,2405.557268489942,1887.1849191474655,4327.677309763228,3267.6069051811273
GEO_00572,409378.9206964262,7135080.21675332,intrusive,background,0.08503449918504216,0.0,0.06207796847773903,0.18310492877810702,0.8100145886655892,77.68663098678365,4.494625398403768,0.012330688323312048,0.0,1.3253596116316924,4289.918864686214,2066.3022853539633,1779.5470347893724,3774.8938937437574,2815.1866865070506,False,False,False,True,False,False,False,False,False,False,77.68663098678365,4.494625398403768,0.012330688323312048,3.695739518313411,1.3253596116316924,4289.918864686214,2066.3022853539633,1779.5470347893724,3774.8938937437574,2815.1866865070506
GEO_00573,355121.03842328774,7113244.14477886,volcanic,background,0.1451327105426839,0.07302571606176239,0.08352586510560366,0.6285486745196103,0.03159979345225759,40.21854667863664,0.0,0.012499155464995302,6.270613740153531,1.482295329376531,8398.56848001432,3065.3250670505167,2039.229279103655,2525.331904091969,1506.3514944592964,False,True,False,False,False,False,False,False,False,False,40.21854667863664,3.415421876622132,0.012499155464995302,6.270613740153531,1.482295329376531,8398.56848001432,3065.3250670505167,2039.229279103655,2525.331904091969,1506.3514944592964
GEO_00574,363235.0559549048,7108093.745040497,volcanic,background,0.0,0.0,0.0,0.9385510626023448,0.0,0.0,3.914931733595178,0.0,0.0,0.0,9048.707665056292,3195.9458816898277,2578.5324106931243,2949.728490153061,0.0,True,False,True,True,True,False,False,False,False,True,27.601742336118868,3.914931733595178,0.009586214368966626,4.575682271840535,1.1334440399209986,9048.707665056292,3195.9458816898277,2578.5324106931243,2949.728490153061,1041.732757470859
GEO_00575,378211.752505679,7124672.678699928,volcanic,background,0.2320268761563159,0.0,0.06585572768660802,0.8160806845259708,0.038760212784479386,42.40608144219399,4.122059992670777,0.014674643935791275,6.7351312679851745,1.9170176431830768,5384.327460132192,3270.9438853068095,1854.5365227359114,3005.7655972348184,1188.982132752712,False,False,False,False,False,False,False,False,False,False,42.40608144219399,4.122059992670777,0.014674643935791275,6.7351312679851745,1.9170176431830768,5384.327460132192,3270.9438853068095,1854.5365227359114,3005.7655972348184,1188.982132752712
GEO_00576,369939.8537439285,7156988.38536947,intrusive,background,0.10065145900261782,0.0,0.1426072342645639,0.3698204881471269,0.5434505104605023,53.88787947483072,4.463940743616164,0.011644885729913346,0.0,1.3789015138238276,3864.390132963397,4047.204994172149,2164.591564452977,3718.1810162054016,2247.380394121265,False,False,False,True,False,False,False,False,False,False,53.88787947483072,4.463940743616164,0.011644885729913346,3.1879074193618875,1.3789015138238276,3864.390132963397,4047.204994172149,2164.591564452977,3718.1810162054016,2247.380394121265
GEO_00577,395310.2953171018,7113532.40850769,intrusive,background,0.0056433268605607465,0.0,0.0,0.30769422069249275,0.8872704058259075,47.2007394171988,4.687101239553454,0.012811254053833158,0.0,0.0,3440.0232223799044,2690.8873133629772,0.0,3474.6464437266723,2366.054875485702,False,False,False,True,True,False,False,True,False,False,47.2007394171988,4.687101239553454,0.012811254053833158,3.853462124031013,1.1567790747136375,3440.0232223799044,2690.8873133629772,1443.9290068457071,3474.6464437266723,2366.054875485702
GEO_00578,353925.8096730131,7134425.61728382,sedimentary,background,0.0,0.0,0.0,0.026552688133121595,0.2530474544120626,31.52361617237604,4.217241052431432,0.014661096196626106,6.810189980028222,1.36196997241009,3779.7414679230524,0.0,4267.973154859931,2883.82851776118,1472.985437463788,False,False,False,False,False,False,True,False,False,False,31.52361617237604,4.217241052431432,0.014661096196626106,6.810189980028222,1.36196997241009,3779.7414679230524,1421.5385647930605,4267.973154859931,2883.82851776118,1472.985437463788
GEO_00579,423409.2892451796,7177084.782104705,volcanic,background,0.0,0.05763044744736651,0.0,0.8440217733846557,0.0,32.18321586642719,0.0,0.010903331034702259,6.872805681340936,1.8196821314926341,8455.142985941546,4353.3737418908695,1910.2184510630018,3191.531789805718,0.0,False,True,False,False,False,False,False,False,False,True,32.18321586642719,2.9912157656402587,0.010903331034702259,6.872805681340936,1.8196821314926341,8455.142985941546,4353.3737418908695,1910.2184510630018,3191.531789805718,1085.5875063083138
GEO_00580,408833.86876229977,7165420.81132023,intrusive,halo,0.30286711499945573,0.4463868025270779,0.17889607151118384,0.24523819138361616,0.8904489333088843,32.43847428830782,6.674664829835354,0.01964885974737307,8.85756359247146,1.7628450697207274,6119.546441398687,2382.056295373341,2354.5813838956774,4857.802945231537,2752.403442480692,False,False,False,False,False,False,False,False,False,False,32.43847428830782,6.674664829835354,0.01964885974737307,8.85756359247146,1.7628450697207274,6119.546441398687,2382.056295373341,2354.5813838956774,4857.802945231537,2752.403442480692
GEO_00581,383566.2985627923,7171629.767343103,volcanic,background,0.12108311363955693,0.055436170229573783,0.01887844113162095,0.551431683246938,0.057742868697107,39.53731983473925,,0.0,5.453443533355873,1.2390140684065438,5377.583884241301,2648.8726308615924,1973.2711299745652,2673.9672395001053,1153.248835991749,False,False,True,False,False,False,False,False,False,False,39.53731983473925,5.506897972955817,0.009034077371727449,5.453443533355873,1.2390140684065438,5377.583884241301,2648.8726308615924,1973.2711299745652,2673.9672395001053,1153.248835991749
GEO_00582,362152.7088412174,7147075.838985783,intrusive,background,0.11359258811051766,0.1484897725440289,0.08867334706298177,0.09319940649680891,0.8006482062290778,41.38871826252146,5.75610200203351,0.014498036112185784,5.033015859305934,1.3285200569512698,4390.32559609904,1931.5564017893553,2068.9565130223045,4535.908081433517,3155.2876503664306,False,False,False,False,False,False,False,False,False,False,41.38871826252146,5.75610200203351,0.014498036112185784,5.033015859305934,1.3285200569512698,4390.32559609904,1931.5564017893553,2068.9565130223045,4535.908081433517,3155.2876503664306
GEO_00583,355019.0582518365,7161902.309130291,intrusive,background,0.020148748214051295,0.0,0.0,0.5020338410066595,0.7045961573583633,0.0,4.364617190485153,0.012911858266143933,5.8383115331855695,0.0,4092.3863265875193,2600.963046385925,1564.4569174566739,3882.6687656120716,1991.7180246919409,True,False,False,False,True,False,False,False,False,False,27.387929105376468,4.364617190485153,0.012911858266143933,5.8383115331855695,1.028088269880882,4092.3863265875193,2600.963046385925,1564.4569174566739,3882.6687656120716,1991.7180246919409
GEO_00584,409136.0989807324,7140392.926845896,sedimentary,background,0.39746855309626755,0.07505168961075875,0.3150042247590026,0.0,0.23899010612240423,54.98229973216486,5.467342598168188,0.014725605400015163,7.177680029998272,1.7190406966439449,3720.623210324185,2472.158280721799,4230.151596934907,3096.8134117514805,2275.2368009494676,False,False,False,False,False,False,False,False,False,False,54.98229973216486,5.467342598168188,0.014725605400015163,7.177680029998272,1.7190406966439449,3720.623210324185,2472.158280721799,4230.151596934907,3096.8134117514805,2275.2368009494676
GEO_00585,395320.3909942588,7131747.767326402,sedimentary,halo,0.4804566849170145,0.08424586233973362,0.29826952004916624,0.0,0.0895518195575485,87.37374911944225,7.5136084876189235,0.017746077736160503,6.780924498732382,1.3219227354480605,4450.543407473366,1869.564376207332,2756.0739401197397,0.0,1322.7380904903061,False,False,False,False,False,False,False,False,True,False,87.37374911944225,7.5136084876189235,0.017746077736160503,6.780924498732382,1.3219227354480605,4450.543407473366,1869.564376207332,2756.0739401197397,2488.8829665258672,1322.7380904903061
GEO_00586,383204.5569932804,7161395.209577575,volcanic,background,0.21030375667750875,0.1782957670265724,0.0,0.6857690519187358,0.0,35.82749002008904,5.017520428962112,0.018055450579561597,6.90655362124581,1.503713420590052,5135.865063327419,2966.5294207481415,1736.2202769921644,3186.144405935175,1174.943003366671,False,False,False,False,False,False,False,False,False,False,35.82749002008904,5.017520428962112,0.018055450579561597,6.90655362124581,1.503713420590052,5135.865063327419,2966.5294207481415,1736.2202769921644,3186.144405935175,1174.943003366671
GEO_00587,375113.5427176989,7144530.564795994,intrusive,halo,0.5180330639176113,0.06517914494540344,0.16406660314476448,0.35686361310803316,0.7709358899965923,73.82656079945951,6.285852661034502,0.015321170472102668,6.345150294070395,2.361924061230536,4630.756781867482,2192.6313577667247,2490.545104000434,4492.499635522104,2247.051564323364,False,False,False,False,False,False,False,False,False,False,73.82656079945951,6.285852661034502,0.015321170472102668,6.345150294070395,2.361924061230536,4630.756781867482,2192.6313577667247,2490.545104000434,4492.499635522104,2247.051564323364
GEO_00588,354333.60832545307,7126085.039871479,sedimentary,background,0.03268794390942675,0.0,0.05562369983162039,0.0,0.14483143825209063,0.0,4.391723541689137,0.0,0.0,1.2417294544631718,4412.550359013838,2262.662767499276,2736.2665317154224,0.0,1961.961224128911,True,False,True,True,False,False,False,False,True,False,27.54721352741463,4.391723541689137,0.010291437067253212,4.603595111584717,1.2417294544631718,4412.550359013838,2262.662767499276,2736.2665317154224,2171.3835582399784,1961.961224128911
GEO_00589,410673.248053067,7150409.2947037,intrusive,halo,0.2946248714598583,0.44031274289469347,0.3696461247393695,0.22935503926599315,0.6220478568214248,53.64812747069508,8.320199627708309,0.022712671866164377,10.963769402847188,2.125461623793677,4501.700554647679,2422.720774336587,1862.6241238715033,5512.39229934952,2127.8945514821926,False,False,False,False,False,False,False,False,False,False,53.64812747069508,8.320199627708309,0.022712671866164377,10.963769402847188,2.125461623793677,4501.700554647679,2422.720774336587,1862.6241238715033,5512.39229934952,2127.8945514821926
GEO_00590,366865.14230514824,7177021.10155954,volcanic,background,0.0,0.0,0.0,0.7389104170181711,0.0,30.28167478836285,4.457190181396238,0.0,5.0622485973859,1.3283708350263672,4166.41078860413,3661.256728963357,1994.102527671742,3384.0191102176937,1363.6783643121132,False,False,True,False,False,False,False,False,False,False,30.28167478836285,4.457190181396238,0.009130324114472869,5.0622485973859,1.3283708350263672,4166.41078860413,3661.256728963357,1994.102527671742,3384.0191102176937,1363.6783643121132
GEO_00591,371416.64038681757,7105996.095311929,volcanic,background,0.0,0.0,0.0,0.5728482081891654,0.0,0.0,0.0,0.0,5.021025622657621,1.2597997041002689,4722.559090909404,3288.6261512823176,1557.9837720290304,2576.1655390442957,1706.9266777403168,True,True,True,False,False,False,False,False,False,False,25.485095546242952,2.7236497702629197,0.009250462542964464,5.021025622657621,1.2597997041002689,4722.559090909404,3288.6261512823176,1557.9837720290304,2576.1655390442957,1706.9266777403168
GEO_00592,368630.36086945457,7130525.176957098,intrusive,background,0.11344757306699266,0.09402364262614088,0.20417945129798185,0.25774613052769824,0.9111441523822823,39.14421901460975,4.8596639688684515,0.015024253192846986,4.926967688904669,1.5571624595810925,4279.390109313244,2062.5803277511086,1936.4659536970646,6307.361752893837,2830.5061917070616,False,False,False,False,False,False,False,False,False,False,39.14421901460975,4.8596639688684515,0.015024253192846986,4.926967688904669,1.5571624595810925,4279.390109313244,2062.5803277511086,1936.4659536970646,6307.361752893837,2830.5061917070616
GEO_00593,395309.924873638,7148316.932109157,intrusive,anomalous,1.015427293841154,0.24648935103696762,0.5780055015615401,0.35992204608725853,0.6655268848356979,140.4481367476789,17.74768422282741,0.04132416676501419,11.86492153983633,2.222260611081103,5308.044782425415,2306.340332409826,1814.968237173146,5224.910335613989,1881.9693423320564,False,False,False,False,False,False,False,False,False,False,140.4481367476789,17.74768422282741,0.04132416676501419,11.86492153983633,2.222260611081103,5308.044782425415,2306.340332409826,1814.968237173146,5224.910335613989,1881.9693423320564
GEO_00594,373229.54937673605,7172984.5895943865,intrusive,background,0.006867745566148559,0.04003110339278531,0.0,0.27474233587902686,0.6667295581162906,51.54734429474066,0.0,0.012397964240837308,6.938099248669508,0.0,0.0,2162.340864728672,1711.9811444414763,4912.702201803211,2124.393784943698,False,True,False,False,True,True,False,False,False,False,51.54734429474066,2.612274669493423,0.012397964240837308,6.938099248669508,1.1759103740695447,2789.9723513969093,2162.340864728672,1711.9811444414763,4912.702201803211,2124.393784943698
GEO_00595,358699.07032448146,7131994.694279321,intrusive,background,0.021837123632918187,0.0,0.0,0.2598499433936975,0.9089731663718388,34.43787160322896,4.251012961238146,0.014498604920176858,4.861539066012002,1.2665265027028327,4336.89653116385,4001.5447009105796,0.0,3147.088639654779,2280.63186020958,False,False,False,False,False,False,False,True,False,False,34.43787160322896,4.251012961238146,0.014498604920176858,4.861539066012002,1.2665265027028327,4336.89653116385,4001.5447009105796,1026.6926846482775,3147.088639654779,2280.63186020958
GEO_00596,419819.5670321288,7115500.773339871,sedimentary,background,0.06600789360748881,0.0,0.0,0.050020230324752696,0.056461826474787785,0.0,3.8044543331580254,0.013232870302755334,6.005735700915364,1.2509259030500748,3190.4062780551058,1943.860132130809,2959.3868663577637,4351.503957207214,1719.7892537882926,True,False,False,False,False,False,False,False,False,False,29.239614997206424,3.8044543331580254,0.013232870302755334,6.005735700915364,1.2509259030500748,3190.4062780551058,1943.860132130809,2959.3868663577637,4351.503957207214,1719.7892537882926
GEO_00597,363864.6041800276,7113856.630777639,intrusive,background,0.0,0.07833402698405102,0.028900537250624615,0.24362278226489725,0.5334550562750944,31.95239464221346,4.564656848744571,,5.939307902495558,1.490722444268856,3358.960239833165,2379.7903738825325,1662.8191161159216,4326.123267129511,1626.0151117451317,False,False,False,False,False,False,False,False,False,False,31.95239464221346,4.564656848744571,0.010632791736055566,5.939307902495558,1.490722444268856,3358.960239833165,2379.7903738825325,1662.8191161159216,4326.123267129511,1626.0151117451317
GEO_00598,367279.2230661765,7137425.678008727,sedimentary,background,0.049570427969787584,0.015317890313311858,0.0,0.0,0.20368036458792355,31.108662959881308,4.42707557249593,0.01553126255370054,6.117134757369841,1.4481380805963284,0.0,1776.4428885730572,3533.2396655819803,3265.578710208842,1572.5222411063244,False,False,False,False,False,True,False,False,False,False,31.108662959881308,4.42707557249593,0.01553126255370054,6.117134757369841,1.4481380805963284,2751.738752672722,1776.4428885730572,3533.2396655819803,3265.578710208842,1572.5222411063244
GEO_00599,409234.97147535987,7127473.399934078,volcanic,background,0.14916198488543925,0.13041059722755308,0.16009908621331953,0.6465738096180907,0.0,51.81667600936036,5.5860609542870225,0.012972451781490084,5.663131055436657,0.0,5648.159162985842,3629.565320575467,2602.5324015800866,2594.675026227927,1253.3092109181732,False,False,False,False,True,False,False,False,False,False,51.81667600936036,5.5860609542870225,0.012972451781490084,5.663131055436657,1.1418145847415204,5648.159162985842,3629.565320575467,2602.5324015800866,2594.675026227927,1253.3092109181732
GEO_00600,386734.20335793233,7104044.537119745,sedimentary,background,0.0,0.0,0.0,0.08309670187121315,0.3050968657635037,0.0,5.910858903792856,0.015194960505600432,5.036061645219801,1.4155843318582846,3315.408952193858,1976.2793707166868,5325.623391919713,3352.420233751209,1621.1006855100914,True,False,False,False,False,False,False,False,False,False,28.19162496481215,5.910858903792856,0.015194960505600432,5.036061645219801,1.4155843318582846,3315.408952193858,1976.2793707166868,5325.623391919713,3352.420233751209,1621.1006855100914
GEO_00601,424778.9126054612,7120038.3484048685,sedimentary,background,0.0,0.0019795189239661904,0.0,0.0,0.19738972133995994,33.1338898240201,0.0,0.0,0.0,1.6388594589748289,3140.3281964784846,1778.7558400371695,4107.931675237389,2690.8130863531287,1420.925423291038,False,True,True,True,False,False,False,False,False,False,33.1338898240201,2.956189678573833,0.00821770587883278,3.7207841283938463,1.6388594589748289,3140.3281964784846,1778.7558400371695,4107.931675237389,2690.8130863531287,1420.925423291038
GEO_00602,421578.69577083836,7176878.603975018,sedimentary,background,0.0744601421681051,0.08249287257388904,0.053950813200010515,0.0,0.042609243372016214,31.80401808843252,4.327852211067058,0.01218871599052452,0.0,1.7814952706495066,4699.015544505393,2117.4574340482477,3267.9502982263266,2975.3420461865458,0.0,False,False,False,True,False,False,False,False,False,True,31.80401808843252,4.327852211067058,0.01218871599052452,4.4141542234974445,1.7814952706495066,4699.015544505393,2117.4574340482477,3267.9502982263266,2975.3420461865458,1111.843937558106
GEO_00603,394866.3208801025,7133118.407660422,volcanic,halo,0.6433984352284082,0.1700885470517223,0.3294742222623017,0.7781352063946224,0.014239919107575211,78.56784905750983,9.356972473029632,0.025625539823768466,5.550378791350839,1.2459470592077282,5926.303360698031,4507.559126372142,2277.084214124142,2972.7841240312505,1662.7422792903894,False,False,False,False,False,False,False,False,False,False,78.56784905750983,9.356972473029632,0.025625539823768466,5.550378791350839,1.2459470592077282,5926.303360698031,4507.559126372142,2277.084214124142,2972.7841240312505,1662.7422792903894
GEO_00604,363111.1868845822,7133585.326610752,volcanic,background,0.026704045935446466,0.0,0.0,0.8180317951293522,0.0,0.0,4.025536292587761,0.0106614123105506,0.0,1.487302971995736,4632.67393732709,,2567.242937776994,0.0,1693.0801570588014,True,False,False,True,False,False,False,False,True,False,29.611528464482966,4.025536292587761,0.0106614123105506,4.385005254727294,1.487302971995736,4632.67393732709,3633.644376133542,2567.242937776994,2332.2314335194706,1693.0801570588014
GEO_00605,374624.5822007424,7118043.876489113,volcanic,background,0.0,0.05192356367654945,0.11163107893905448,0.7086229497853589,0.1271971396709672,44.28003722294969,4.358679347633317,0.0110505996716476,5.679732041794806,1.3616778338405264,5742.451534039758,2853.6258557122073,2205.540030238188,4209.6462993773,1154.1026254767305,False,False,False,False,False,False,False,False,False,False,44.28003722294969,4.358679347633317,0.0110505996716476,5.679732041794806,1.3616778338405264,5742.451534039758,2853.6258557122073,2205.540030238188,4209.6462993773,1154.1026254767305
GEO_00606,403097.51057561714,7131010.299190426,volcanic,background,0.17967173131959188,0.017684056054211104,0.11742361780036753,0.6133585516854582,0.03343896631867791,58.962217733407336,3.6982279432044254,0.011459928176247873,5.262497500418834,1.3584127353497686,5598.1685241266605,4307.722103751489,2267.210258537945,3825.019186347658,1279.6448253569206,False,False,False,False,False,False,False,False,False,False,58.962217733407336,3.6982279432044254,0.011459928176247873,5.262497500418834,1.3584127353497686,5598.1685241266605,4307.722103751489,2267.210258537945,3825.019186347658,1279.6448253569206
GEO_00607,373778.0318860785,7144648.113652321,volcanic,background,0.19973569745865055,0.029065759135352223,0.19547201533330832,0.5364482813082674,0.0,49.91471425182442,0.0,0.011163898741263972,9.235065188985292,1.3649510369688942,5932.2028779046395,3504.769230583842,2287.7316615752593,0.0,1420.0806499497617,False,True,False,False,False,False,False,False,True,False,49.91471425182442,3.314749454327746,0.011163898741263972,9.235065188985292,1.3649510369688942,5932.2028779046395,3504.769230583842,2287.7316615752593,2290.6219971810833,1420.0806499497617
GEO_00608,391027.51172530156,7114841.498471703,intrusive,background,0.06951332054827566,0.0,0.0,0.3071624500272566,0.6853828354100022,55.35564608137064,5.526980080216656,0.010977203027401803,5.4803916120604725,1.2251882860634433,4509.662570228635,2552.977928151603,1912.0586947237055,3756.9133468888404,1597.8435291937858,False,False,False,False,False,False,False,False,False,False,55.35564608137064,5.526980080216656,0.010977203027401803,5.4803916120604725,1.2251882860634433,4509.662570228635,2552.977928151603,1912.0586947237055,3756.9133468888404,1597.8435291937858
GEO_00609,359782.2097548198,7147119.561823755,volcanic,background,0.0,0.07493242153229204,0.13830923390029712,0.7151006407479502,0.004934545626532908,37.49207284565167,3.8025633060647,0.013019708955379601,7.6189044717124155,1.400665543753595,7236.122666420658,3315.8848397932575,2514.756876863344,3397.019190545159,1187.9869399323222,False,False,False,False,False,False,False,False,False,False,37.49207284565167,3.8025633060647,0.013019708955379601,7.6189044717124155,1.400665543753595,7236.122666420658,3315.8848397932575,2514.756876863344,3397.019190545159,1187.9869399323222
GEO_00610,394889.28776056756,7167371.107528116,sedimentary,background,0.17095431457691368,0.04120219308331641,0.13537170069758525,0.030473148784092147,0.16191828299197733,52.10431381665301,5.088918279637664,0.014046042210985002,5.8535719985861325,1.4367816710056707,3359.4112693484153,0.0,3478.5110206483387,3828.416021263541,1511.1091550741698,False,False,False,False,False,False,True,False,False,False,52.10431381665301,5.088918279637664,0.014046042210985002,5.8535719985861325,1.4367816710056707,3359.4112693484153,1632.2037737990286,3478.5110206483387,3828.416021263541,1511.1091550741698
GEO_00611,425343.8154572217,7135520.762969175,intrusive,background,0.10859218214129504,0.0,0.0065914926733616815,0.2878658817906874,0.7744324658392766,44.20896430051592,3.672771523075897,0.01700180497046038,5.783190915461962,1.292027957388723,4405.020285795628,2666.7175465959176,1954.559056184896,4925.514679226287,1898.7846256965424,False,False,False,False,False,False,False,False,False,False,44.20896430051592,3.672771523075897,0.01700180497046038,5.783190915461962,1.292027957388723,4405.020285795628,2666.7175465959176,1954.559056184896,4925.514679226287,1898.7846256965424
GEO_00612,399796.02563763293,7115968.9368758565,intrusive,background,0.1680609311048632,0.0,0.06434825920840384,0.1410468508065882,0.7802572167133925,47.20881652486579,5.068845262338973,0.01074531346044738,6.5144858353483865,1.3610485110638921,5434.272408748493,1999.9976953524415,2411.314487762135,5137.181888482302,2122.1621763361627,False,False,False,False,False,False,False,False,False,False,47.20881652486579,5.068845262338973,0.01074531346044738,6.5144858353483865,1.3610485110638921,5434.272408748493,1999.9976953524415,2411.314487762135,5137.181888482302,2122.1621763361627
GEO_00613,372965.33968853974,7127573.864737064,sedimentary,background,0.07366886862867675,0.0031549506804741667,0.034207047757543387,0.0,0.08754189695377877,44.01342568713577,4.547547489136589,0.014506668099356057,5.0268780128675274,0.0,3413.1905843601303,2060.4241835134135,4145.991911745453,3937.9861711445037,1839.0177100893459,False,False,False,False,True,False,False,False,False,False,44.01342568713577,4.547547489136589,0.014506668099356057,5.0268780128675274,0.8684103737185978,3413.1905843601303,2060.4241835134135,4145.991911745453,3937.9861711445037,1839.0177100893459
GEO_00614,359259.39538204554,7176763.2252571145,volcanic,background,0.0,0.0,0.036820103630874707,0.6833434049150601,0.026503715143233488,37.807465254588095,3.846304573216454,0.0,6.125813351755762,1.2561795815290306,5876.228422584089,3158.896404041258,2399.0650350066553,2856.253514890323,1234.335889481209,False,False,True,False,False,False,False,False,False,False,37.807465254588095,3.846304573216454,0.010356306047210412,6.125813351755762,1.2561795815290306,5876.228422584089,3158.896404041258,2399.0650350066553,2856.253514890323,1234.335889481209
GEO_00615,397847.441899882,7147900.704993607,volcanic,halo,0.7599657724471434,0.3400662248493444,0.5357783055564397,0.6749812240252193,0.08552306865360648,95.55793531725664,10.06396154598717,0.02912072563102655,11.884125946567126,1.6440237476076809,6649.51893377517,3148.0063480521035,1674.4790402370015,3108.0520661200107,1692.433281756044,False,False,False,False,False,False,False,False,False,False,95.55793531725664,10.06396154598717,0.02912072563102655,11.884125946567126,1.6440237476076809,6649.51893377517,3148.0063480521035,1674.4790402370015,3108.0520661200107,1692.433281756044
GEO_00616,394126.36597203725,7166632.048029477,intrusive,background,0.3023366108999382,0.15826300113636962,0.1929278737261297,0.08084605182637489,0.6348306178022287,58.89034581033516,5.635501259180989,0.014173477359208804,6.104316951376274,1.4589080758370276,5684.132696376156,0.0,1808.2061301969732,6418.479879750675,1814.5597326027894,False,False,False,False,False,False,True,False,False,False,58.89034581033516,5.635501259180989,0.014173477359208804,6.104316951376274,1.4589080758370276,5684.132696376156,1698.357330510017,1808.2061301969732,6418.479879750675,1814.5597326027894
GEO_00617,410421.2823683379,7170395.306298427,intrusive,background,0.06473664786959409,0.15531502676914533,0.09701849281473593,0.11785861321572888,0.6103178777987815,50.56562862056196,5.86159730572728,0.015905324808392816,7.509977165223239,0.0,3946.652426262843,2102.1995687319036,2339.022825663718,5204.628479000111,1731.4605739631763,False,False,False,False,True,False,False,False,False,False,50.56562862056196,5.86159730572728,0.015905324808392816,7.509977165223239,1.1681921618036655,3946.652426262843,2102.1995687319036,2339.022825663718,5204.628479000111,1731.4605739631763
GEO_00618,350148.8294956394,7144803.610082242,intrusive,background,0.0,0.0,0.0,0.2221847683353066,0.8298853983566943,0.0,3.7533262956364686,0.01600894555369265,5.61210240951896,1.3631450640426466,4768.897207011537,2256.8963457797704,2021.9038386458526,4053.0509252739603,2170.5902157756186,True,False,False,False,False,False,False,False,False,False,21.109365711396503,3.7533262956364686,0.01600894555369265,5.61210240951896,1.3631450640426466,4768.897207011537,2256.8963457797704,2021.9038386458526,4053.0509252739603,2170.5902157756186
GEO_00619,362161.15955218096,7153650.45659961,intrusive,background,0.008086880460352275,0.14350946042006948,0.05568954058986812,0.3810215045747617,0.8094480359547942,37.76066743572869,4.5551387696083845,0.014550139740514199,6.759714061458811,1.9076938625967148,5056.39667507063,2857.670269916398,2408.4682401706714,4787.600856173549,2014.6204786392768,False,False,False,False,False,False,False,False,False,False,37.76066743572869,4.5551387696083845,0.014550139740514199,6.759714061458811,1.9076938625967148,5056.39667507063,2857.670269916398,2408.4682401706714,4787.600856173549,2014.6204786392768
GEO_00620,399200.3820629827,7132442.334069147,volcanic,background,0.4396401196506268,0.0,0.29576852848297636,0.9306663723738662,0.0976680665309024,55.19520352344961,5.972364259948103,0.021109257820058503,5.266565925324464,1.289776769437525,8736.987761824497,5340.203271685199,1696.3095777939286,2562.1458644526474,1473.5054288807794,False,False,False,False,False,False,False,False,False,False,55.19520352344961,5.972364259948103,0.021109257820058503,5.266565925324464,1.289776769437525,8736.987761824497,5340.203271685199,1696.3095777939286,2562.1458644526474,1473.5054288807794
GEO_00621,395960.69340462144,7127877.696253009,intrusive,background,0.29700612151770134,0.0,0.0920266218305296,0.26672176394044267,0.9301105970592275,51.510786837213615,5.642871714616713,0.011451283604936063,8.408405451019057,1.4566929599488274,5791.129802718802,2868.5686648249575,2159.232143672957,3656.673884374366,2950.590865018013,False,False,False,False,False,False,False,False,False,False,51.510786837213615,5.642871714616713,0.011451283604936063,8.408405451019057,1.4566929599488274,5791.129802718802,2868.5686648249575,2159.232143672957,3656.673884374366,2950.590865018013
GEO_00622,406201.0372877184,7138166.7625439605,sedimentary,background,0.2498903189714839,0.10328457179622148,0.2005396694131931,0.0,0.19318916795603308,51.00847049786399,5.307251993563468,0.01375062267214485,5.237137684398859,1.5508506632041197,4385.57024946452,2450.762375019354,3642.7181755365746,0.0,1511.5072835969133,False,False,False,False,False,False,False,False,True,False,51.00847049786399,5.307251993563468,0.01375062267214485,5.237137684398859,1.5508506632041197,4385.57024946452,2450.762375019354,3642.7181755365746,2435.9634891092187,1511.5072835969133
GEO_00623,421515.1443784138,7131313.223744965,sedimentary,background,0.0,0.04744886341068867,0.0,0.021103331894890862,0.10083924193033689,30.533930087636417,0.0,0.0,6.564570183568987,1.2602660581260527,3779.8412249967937,2267.3610754024457,3023.1891432093257,2998.4903717860493,1288.2085112782686,False,True,True,False,False,False,False,False,False,False,30.533930087636417,3.318085208806015,0.009338630403704678,6.564570183568987,1.2602660581260527,3779.8412249967937,2267.3610754024457,3023.1891432093257,2998.4903717860493,1288.2085112782686
GEO_00624,411442.3921319918,7144739.743962671,volcanic,background,0.3041119737395798,0.14507674057296685,0.1885187800154731,0.6983903954840532,0.027387092507031655,64.79014171564265,4.59036943347561,0.012889070916385779,8.176350250034893,0.0,7628.4849913647,3720.501757869214,2269.095884709386,3323.556894128836,1452.1769963751747,False,False,False,False,True,False,False,False,False,False,64.79014171564265,4.59036943347561,0.012889070916385779,8.176350250034893,1.0165320649813139,7628.4849913647,3720.501757869214,2269.095884709386,3323.556894128836,1452.1769963751747
GEO_00625,398851.86870296585,7178980.231659332,intrusive,background,0.03637105476036448,0.0,0.0790044273775018,0.15510139958806718,0.6888689799585752,39.16758513289955,0.0,0.010900941359036957,0.0,0.0,3232.7535648457238,2090.8769644780373,1934.5711310661472,3715.589518289202,1889.2660096097052,False,True,False,True,True,False,False,False,False,False,39.16758513289955,2.7956914642228416,0.010900941359036957,4.484681934292885,0.9460196439221549,3232.7535648457238,2090.8769644780373,1934.5711310661472,3715.589518289202,1889.2660096097052
GEO_00626,429530.7591087971,7164008.35061681,volcanic,background,0.0,0.0,0.19735368000832415,0.36554426070302315,0.04327084801109335,45.47840556698861,4.128626933749701,0.0,4.807965341278028,1.363544395315203,5486.989804554432,2343.1096641018294,1871.7989047646975,3556.7409726250003,0.0,False,False,True,False,False,False,False,False,False,True,45.47840556698861,4.128626933749701,0.009355378586337997,4.807965341278028,1.363544395315203,5486.989804554432,2343.1096641018294,1871.7989047646975,3556.7409726250003,1054.9522459876991
GEO_00627,376940.601731476,7171774.249353971,intrusive,background,0.21195002773134675,0.18225771279864228,0.03298545725332919,0.2590004808922532,0.8291422516578747,44.25821068170126,5.18723812857174,0.012998336078555486,7.034353140431636,1.8701171562632524,3950.230157358129,2146.3424587395803,2375.223297942773,4759.17312606,2092.929278751964,False,False,False,False,False,False,False,False,False,False,44.25821068170126,5.18723812857174,0.012998336078555486,7.034353140431636,1.8701171562632524,3950.230157358129,2146.3424587395803,2375.223297942773,4759.17312606,2092.929278751964
GEO_00628,369269.438695581,7120924.875369807,sedimentary,background,0.0,0.0,0.09193973285491064,0.0,0.2158089664612045,35.167983232192306,4.28275336145606,0.010554477091690856,0.0,0.0,0.0,2612.897682347643,2959.3360053295614,4564.543311783605,1581.8145572582764,False,False,False,True,True,True,False,False,False,False,35.167983232192306,4.28275336145606,0.010554477091690856,3.9085273366163755,1.1929184368807706,2984.3344741985325,2612.897682347643,2959.3360053295614,4564.543311783605,1581.8145572582764
GEO_00629,371486.5789077639,7125861.933061427,sedimentary,background,0.17332483959342945,0.2571962119047764,0.1436429571417922,0.0,0.2625532937770678,43.26366855538798,4.8760447633100465,0.02178870240903551,6.303196672942261,1.6365320500653855,3519.040375508062,2103.133911864164,3067.732729920363,3480.125261128251,1925.3779209597058,False,False,False,False,False,False,False,False,False,False,43.26366855538798,4.8760447633100465,0.02178870240903551,6.303196672942261,1.6365320500653855,3519.040375508062,2103.133911864164,3067.732729920363,3480.125261128251,1925.3779209597058
GEO_00630,400261.30426757585,7177134.833922266,sedimentary,background,0.0,0.0,0.08056889004797813,0.0,0.20711377340214815,31.092723573415547,4.78203226444801,0.010911157932142375,5.334908867575565,1.4988850729775671,3462.6824648215343,2146.761242981205,3067.0319348914218,2653.556840747136,1657.9833177131381,False,False,False,False,False,False,False,False,False,False,31.092723573415547,4.78203226444801,0.010911157932142375,5.334908867575565,1.4988850729775671,3462.6824648215343,2146.761242981205,3067.0319348914218,2653.556840747136,1657.9833177131381
GEO_00631,359560.8539988535,7130819.784096766,intrusive,background,0.10029919267459445,0.0,0.0,0.20750336764553817,0.7826669900616133,42.51867901958842,4.698831205366452,0.014184520129248606,5.003708925111817,1.9611118485303516,3880.5792890495145,2533.1612034493087,1845.2219257435984,4407.987302670758,2028.8115514641204,False,False,False,False,False,False,False,False,False,False,42.51867901958842,4.698831205366452,0.014184520129248606,5.003708925111817,1.9611118485303516,3880.5792890495145,2533.1612034493087,1845.2219257435984,4407.987302670758,2028.8115514641204
GEO_00632,382632.1984945156,7144766.383520707,volcanic,halo,0.429891379381298,0.05284114772842383,0.34762958048234477,0.70695238903277,0.0,81.72758056957707,5.769330466632313,0.01579163684217951,7.62053476616023,1.7134545740872507,5318.826912512172,3808.5094596957524,2549.31370091941,3089.484324491471,0.0,False,False,False,False,False,False,False,False,False,True,81.72758056957707,5.769330466632313,0.01579163684217951,7.62053476616023,1.7134545740872507,5318.826912512172,3808.5094596957524,2549.31370091941,3089.484324491471,1120.7908136220788
GEO_00633,377545.7467365512,7103111.986543735,sedimentary,background,0.09755491020055795,0.0,0.028628551495360716,0.0,0.37412627214263716,37.430901698538065,3.8700285356849404,0.0,5.725641464595625,1.5173774549788377,0.0,1855.7495449780884,2957.1287279930866,3915.6433634051377,1596.1576929189678,False,False,True,False,False,True,False,False,False,False,37.430901698538065,3.8700285356849404,0.009798013850584498,5.725641464595625,1.5173774549788377,2430.146360097985,1855.7495449780884,2957.1287279930866,3915.6433634051377,1596.1576929189678
GEO_00634,359539.78742044355,7171497.81434249,volcanic,background,0.02191090297585562,0.04247888690600222,0.025277667681944605,0.6207123990589106,0.0,0.0,4.829543112257229,0.011351169412696607,7.361511262208145,1.4630596503604325,4496.335863731036,2450.408511919979,1560.629787699292,2810.9075328659596,1370.897806751404,True,False,False,False,False,False,False,False,False,False,26.661509853772394,4.829543112257229,0.011351169412696607,7.361511262208145,1.4630596503604325,4496.335863731036,2450.408511919979,1560.629787699292,2810.9075328659596,1370.897806751404
GEO_00635,416323.11463801574,7162498.973212699,volcanic,background,0.26779460111460723,0.13827441350299224,0.13229621542438966,0.7548194121622603,0.0,61.787407366019025,3.9909886860950787,0.016480959269009294,7.625642855409111,2.006356365825386,7033.797522876188,3913.5272515079064,2371.1868836819604,0.0,1388.2600600892836,False,False,False,False,False,False,False,False,True,False,61.787407366019025,3.9909886860950787,0.016480959269009294,7.625642855409111,2.006356365825386,7033.797522876188,3913.5272515079064,2371.1868836819604,2349.86889792105,1388.2600600892836
GEO_00636,416710.5920613195,7162968.146232025,intrusive,background,0.07266338563967832,0.1454113010403009,0.03821063350157555,0.32115223682429617,0.6843911467215916,0.0,6.729863522694057,0.016171793815046236,6.440932679591372,1.4972858829346933,4230.886125996141,2833.942968082223,1826.0976453207552,4243.389895377474,1919.5189535100676,True,False,False,False,False,False,False,False,False,False,29.388426314473815,6.729863522694057,0.016171793815046236,6.440932679591372,1.4972858829346933,4230.886125996141,2833.942968082223,1826.0976453207552,4243.389895377474,1919.5189535100676
GEO_00637,370111.64764805353,7109905.263983522,sedimentary,background,0.024690743970302933,0.0,0.0,0.0,0.18002190367443782,37.92335260355175,4.430964599033429,0.0,6.175358845647642,1.318176679068653,4292.245787713848,2405.7693635755086,3179.180981479594,3691.6457682273576,1880.8370207325563,False,False,True,False,False,False,False,False,False,False,37.92335260355175,4.430964599033429,0.00949978019154464,6.175358845647642,1.318176679068653,4292.245787713848,2405.7693635755086,3179.180981479594,3691.6457682273576,1880.8370207325563
GEO_00638,357131.1920356105,7111499.638328418,volcanic,background,0.029887422633971088,0.11409111236582505,0.031102265334378026,0.7745792368338816,0.0,0.0,3.8368546536680994,0.0,7.129300355524133,0.0,6878.369311491679,3370.579650110746,2389.250859481556,4347.6819414596985,1346.7738472775386,True,False,True,False,True,False,False,False,False,False,28.07721698465524,3.8368546536680994,0.010475299787459048,7.129300355524133,1.1359876435082852,6878.369311491679,3370.579650110746,2389.250859481556,4347.6819414596985,1346.7738472775386
GEO_00639,400178.18354997353,7133040.195237348,volcanic,halo,0.4505500875523693,0.048794621208787914,0.3498581792669354,0.825486169238316,0.0,55.74085376881887,5.03826856273628,0.020819765769962726,4.942023718131927,0.0,6974.7188797932085,4715.14379018898,2266.792893144832,4212.990581385282,1777.658947477043,False,False,False,False,True,False,False,False,False,False,55.74085376881887,5.03826856273628,0.020819765769962726,4.942023718131927,1.094582991945386,6974.7188797932085,4715.14379018898,2266.792893144832,4212.990581385282,1777.658947477043
GEO_00640,366319.9355359246,7170325.644207419,intrusive,background,0.0,0.0,0.0,0.2879462461630872,0.9100855845694256,38.41359568400161,4.810705390135736,0.011992239620921009,5.970179139512729,1.6374026569058382,4471.563654590335,1904.86350997746,0.0,4071.4694597039015,2664.3629931108626,False,False,False,False,False,False,False,True,False,False,38.41359568400161,4.810705390135736,0.011992239620921009,5.970179139512729,1.6374026569058382,4471.563654590335,1904.86350997746,1407.2627772726094,4071.4694597039015,2664.3629931108626
GEO_00641,396680.6971124313,7105729.183694545,volcanic,background,0.14714951923860395,0.0019988884131798175,0.0466348983779097,0.7420643011734298,0.04209431993063717,30.767248027059928,4.19838888783554,0.013503904363296798,6.810446839217616,0.0,4837.925030435461,2755.688844731944,1677.5977825763034,2822.132546564769,1810.9544221660476,False,False,False,False,True,False,False,False,False,False,30.767248027059928,4.19838888783554,0.013503904363296798,6.810446839217616,1.1422505670479526,4837.925030435461,2755.688844731944,1677.5977825763034,2822.132546564769,1810.9544221660476
GEO_00642,381254.9801573662,7105383.898819671,intrusive,background,0.0,0.07971529301987411,0.0,0.260321818292586,0.726531299703761,0.0,4.200356201780764,0.01233083798515893,7.669499737134761,1.837304134595849,4456.117202082817,1760.7745857867292,1615.549947026844,4102.314124578498,1971.4336836851876,True,False,False,False,False,False,False,False,False,False,18.31034621276757,4.200356201780764,0.01233083798515893,7.669499737134761,1.837304134595849,4456.117202082817,1760.7745857867292,1615.549947026844,4102.314124578498,1971.4336836851876
GEO_00643,418855.11444054445,7160135.281868906,intrusive,background,0.0,0.18454870859913952,0.0748047040272498,0.2862250238256062,0.7520157809031841,38.086206140973125,3.8199516487079785,0.0,6.811614515343635,1.8863591033868303,3908.518355558481,2016.5056037434715,1624.417801868012,4490.284749591026,2474.2562827463603,False,False,True,False,False,False,False,False,False,False,38.086206140973125,3.8199516487079785,0.010401941804176595,6.811614515343635,1.8863591033868303,3908.518355558481,2016.5056037434715,1624.417801868012,4490.284749591026,2474.2562827463603
GEO_00644,374940.2525116898,7162780.882533448,intrusive,background,0.0,0.0,0.0,0.19950987080883442,0.856926153878448,0.0,3.7382334387355054,0.012556601519195923,8.085785852806977,2.144995818401452,6250.021966737983,2051.428852959999,1934.3232332047464,,2332.2343959542372,True,False,False,False,False,False,False,False,False,False,28.915462017394933,3.7382334387355054,0.012556601519195923,8.085785852806977,2.144995818401452,6250.021966737983,2051.428852959999,1934.3232332047464,4693.149986854633,2332.2343959542372
GEO_00645,391582.6619910018,7140924.062709082,sedimentary,anomalous,1.023571600608399,0.1729721718536493,0.6044571583805476,0.12639427467717254,0.2880482599823023,135.79903850917407,12.580435871326754,0.039087472742481484,9.765003914894725,2.0872837042706753,4356.326570803727,2093.1090019464364,4221.919471679526,3971.2558021311615,1679.2554394072279,False,False,False,False,False,False,False,False,False,False,135.79903850917407,12.580435871326754,0.039087472742481484,9.765003914894725,2.0872837042706753,4356.326570803727,2093.1090019464364,4221.919471679526,3971.2558021311615,1679.2554394072279
GEO_00646,356566.2938111322,7138709.444604343,volcanic,background,0.0,0.02497246870533739,0.0,0.6950875471808219,0.03421615612016385,33.68082827312112,0.0,0.012037560678968096,0.0,1.474722603310227,3298.9606629602736,3389.2705395910784,1669.4250957377756,2759.836197332541,1401.1122215972416,False,True,False,True,False,False,False,False,False,False,33.68082827312112,2.684792652788852,0.012037560678968096,4.582409490793332,1.474722603310227,3298.9606629602736,3389.2705395910784,1669.4250957377756,2759.836197332541,1401.1122215972416
GEO_00647,379155.9423179232,7113605.486595732,volcanic,background,0.0,0.03839383842788543,0.018982618546846054,0.5521443537205186,0.09405876774997175,0.0,5.021479756703534,0.013722404700366923,5.384288998991123,1.9244437203198332,5066.93423958456,3144.8552405515347,2792.2374978071716,4451.48165073235,1458.0497880039409,True,False,False,False,False,False,False,False,False,False,29.499751102055615,5.021479756703534,0.013722404700366923,5.384288998991123,1.9244437203198332,5066.93423958456,3144.8552405515347,2792.2374978071716,4451.48165073235,1458.0497880039409
GEO_00648,422230.73096704925,7114773.975378115,sedimentary,background,0.0,0.0,0.07408061064779611,0.05039340134545697,0.0,39.11798474556139,3.630216957624364,0.013425216825179607,5.349306561108387,1.678573899946215,0.0,2238.1638878789167,4366.5782612438625,3104.921313052248,0.0,False,False,False,False,False,True,False,False,False,True,39.11798474556139,3.630216957624364,0.013425216825179607,5.349306561108387,1.678573899946215,2853.646893408227,2238.1638878789167,4366.5782612438625,3104.921313052248,1005.4969442691516
GEO_00649,361629.35438077647,7111812.283050075,sedimentary,background,0.0,0.06057376649905418,0.0,0.08709358944062957,0.2890542526680285,34.598321991907504,0.0,0.010748035655397812,6.0069417077067255,1.9898010175929055,3719.4281340236953,1721.1872827999678,4836.228509712966,3302.1594733034767,1472.1672505246966,False,True,False,False,False,False,False,False,False,False,34.598321991907504,3.1989717987667543,0.010748035655397812,6.0069417077067255,1.9898010175929055,3719.4281340236953,1721.1872827999678,4836.228509712966,3302.1594733034767,1472.1672505246966
GEO_00650,410229.04837877257,7120528.7846659785,volcanic,background,0.0,0.0,0.0,0.7377137145912804,0.0,31.426488040915093,0.0,0.013891742284279408,0.0,0.0,6391.374443483809,3497.852800851832,2008.4836152817352,0.0,1533.2791608672753,False,True,False,True,True,False,False,False,True,False,31.426488040915093,3.457074772708414,0.013891742284279408,3.6706435727291153,1.1369229881951397,6391.374443483809,3497.852800851832,2008.4836152817352,2057.0443770385327,1533.2791608672753
GEO_00651,386029.0982440619,7168895.601225725,intrusive,background,0.027789926502660517,0.04045852772193548,0.07727104458697781,0.1474624843281438,0.6764755324464705,31.081858569268533,5.4393060251315495,0.0,6.065735463180134,1.521928714842541,5307.634246221082,2217.433543181462,1615.535221997051,4406.342681921926,2058.1894027793746,False,False,True,False,False,False,False,False,False,False,31.081858569268533,5.4393060251315495,0.007603974043729067,6.065735463180134,1.521928714842541,5307.634246221082,2217.433543181462,1615.535221997051,4406.342681921926,2058.1894027793746
GEO_00652,395146.41611566086,7146890.184266786,volcanic,halo,0.7597240988010765,0.16760436041837118,0.5594009561116227,0.7590697371546112,0.0,105.0699143819518,5.948996995716801,0.026674499433583437,7.564465676089192,1.6431658812491183,6470.456881358886,4810.931180573431,2952.3145932977186,3569.205566379082,1464.1944475783982,False,False,False,False,False,False,False,False,False,False,105.0699143819518,5.948996995716801,0.026674499433583437,7.564465676089192,1.6431658812491183,6470.456881358886,4810.931180573431,2952.3145932977186,3569.205566379082,1464.1944475783982
GEO_00653,421561.25193256006,7149041.577701468,sedimentary,background,0.08534258193992432,0.04089208220628613,0.0,0.0,0.20968560269651407,47.326855302453154,4.305929594634538,0.011651999409854683,5.1936623675522755,1.3809220805860498,4748.794178346406,2531.746090154688,4313.269067323429,3580.411080411366,1414.4040224968458,False,False,False,False,False,False,False,False,False,False,47.326855302453154,4.305929594634538,0.011651999409854683,5.1936623675522755,1.3809220805860498,4748.794178346406,2531.746090154688,4313.269067323429,3580.411080411366,1414.4040224968458
GEO_00654,422100.2317891765,7178962.099557959,intrusive,background,0.0,0.0,0.0,0.416231886228447,0.5785197493498213,35.08717678348108,4.099174617972612,0.0,6.6326498164349506,0.0,3654.3635916228072,2208.363012675666,1780.6487147589314,4018.384684267372,2381.610941642911,False,False,True,False,True,False,False,False,False,False,35.08717678348108,4.099174617972612,0.009940420541101941,6.6326498164349506,1.0185492942186731,3654.3635916228072,2208.363012675666,1780.6487147589314,4018.384684267372,2381.610941642911
GEO_00655,384867.4883461272,7125990.09499334,intrusive,background,0.33209342951580745,0.08627086663866675,0.0945160993205915,0.30217106289363155,0.7838735893945461,61.736696196081084,5.833178603849932,0.015117009391285933,6.358467420601113,1.806101215948013,4885.832015363073,2852.7255318153666,2298.5683355194265,4996.99050500052,2502.4823740373713,False,False,False,False,False,False,False,False,False,False,61.736696196081084,5.833178603849932,0.015117009391285933,6.358467420601113,1.806101215948013,4885.832015363073,2852.7255318153666,2298.5683355194265,4996.99050500052,2502.4823740373713
GEO_00656,429503.7466783537,7139474.4315281855,sedimentary,background,0.05438419056567922,0.0,0.05167078244348413,0.0,0.1234067375494508,0.0,3.7152234992980535,0.0,4.886467488394965,1.2943814152275959,4232.860418068475,2445.3945207989445,3032.2760849313213,3580.823786622603,1692.7648941832192,True,False,True,False,False,False,False,False,False,False,25.407635462969125,3.7152234992980535,0.009491450932925097,4.886467488394965,1.2943814152275959,4232.860418068475,2445.3945207989445,3032.2760849313213,3580.823786622603,1692.7648941832192
GEO_00657,372755.5289523786,7165354.021747663,intrusive,background,0.014194535298148386,0.1147026331024558,0.0,0.03861345063547941,0.8230155407027382,0.0,4.792023577436719,0.012645518378004034,0.0,1.619223576106253,4371.617598042828,2449.236018465105,1733.5156610234826,5591.1261167980865,3126.372303482951,True,False,False,True,False,False,False,False,False,False,24.52821370982524,4.792023577436719,0.012645518378004034,4.695961593858959,1.619223576106253,4371.617598042828,2449.236018465105,1733.5156610234826,5591.1261167980865,3126.372303482951
GEO_00658,367828.20986072574,7150428.7020429885,volcanic,background,0.0,0.0,0.050394450628974075,0.9342405925341465,0.0,39.308287545993835,0.0,0.013577692144703545,5.2201389677406045,1.2754537941831583,8466.455191207959,5466.593450425022,3003.2558550549174,0.0,1810.9405237130097,False,True,False,False,False,False,False,False,True,False,39.308287545993835,2.9571589681080717,0.013577692144703545,5.2201389677406045,1.2754537941831583,8466.455191207959,5466.593450425022,3003.2558550549174,1843.7332314151845,1810.9405237130097
GEO_00659,399297.2273653037,7122707.88543131,intrusive,background,0.12781046411657318,0.1279129744251615,0.11709691285502441,0.2692575100566174,0.7888986061361759,0.0,5.748290924857955,0.011707063994289217,7.206865676831758,1.9524288196310682,5436.994841850074,2390.4999182818046,0.0,4237.818765500648,2291.149280984417,True,False,False,False,False,False,False,True,False,False,28.73870198786401,5.748290924857955,0.011707063994289217,7.206865676831758,1.9524288196310682,5436.994841850074,2390.4999182818046,1218.4123445531793,4237.818765500648,2291.149280984417
GEO_00660,397232.9598871735,7115205.882856283,sedimentary,background,0.07961877096697889,0.0,0.0,0.0,0.15498678041984587,37.91333284815707,5.062664714189928,0.010724831268006683,6.480469110779979,0.0,3357.834752545115,2208.6215836977485,4117.468269954877,3978.0770478532063,1403.1740208126519,False,False,False,False,True,False,False,False,False,False,37.91333284815707,5.062664714189928,0.010724831268006683,6.480469110779979,1.187723962210551,3357.834752545115,2208.6215836977485,4117.468269954877,3978.0770478532063,1403.1740208126519
GEO_00661,391654.8766348848,7128923.518090218,intrusive,halo,0.5323620971092204,0.0,0.2941414864041462,0.27920174031418626,0.6318061793684292,84.5740835323067,6.534393859676946,0.028989245265991715,6.81940678880612,1.4249085268432016,4112.697701970213,2306.084009757601,2049.565399512716,3858.534055828848,2370.632046815402,False,False,False,False,False,False,False,False,False,False,84.5740835323067,6.534393859676946,0.028989245265991715,6.81940678880612,1.4249085268432016,4112.697701970213,2306.084009757601,2049.565399512716,3858.534055828848,2370.632046815402
GEO_00662,374565.1938388757,7125626.556601765,volcanic,background,0.10107896306594837,0.0,0.04112482206599847,0.6735204619777404,0.12233603791126174,33.616498956677425,3.852714302170409,0.01539782311003673,4.841560248915879,1.301424939041197,4830.482811861255,3813.257023479099,1803.5935256580362,3118.516550628756,1545.6819679424514,False,False,False,False,False,False,False,False,False,False,33.616498956677425,3.852714302170409,0.01539782311003673,4.841560248915879,1.301424939041197,4830.482811861255,3813.257023479099,1803.5935256580362,3118.516550628756,1545.6819679424514
GEO_00663,384669.52192351106,7109691.402209237,intrusive,background,0.08320773910487736,0.08314263304630683,0.0,0.22555378923751557,0.8583995418650221,36.18407378505349,5.518181318738084,0.014082744049833534,6.4949183565717235,1.38869735895061,4137.841448283118,2105.305255531346,1713.7679437164647,4136.005016797162,3446.329123544188,False,False,False,False,False,False,False,False,False,False,36.18407378505349,5.518181318738084,0.014082744049833534,6.4949183565717235,1.38869735895061,4137.841448283118,2105.305255531346,1713.7679437164647,4136.005016797162,3446.329123544188
GEO_00664,393715.7293910785,7125601.015592112,sedimentary,background,0.2780181302265863,0.0525688196632844,0.14571715835993568,0.026379442554583462,0.10459778915698306,60.41830364518289,4.371074827194905,0.015606851197059443,7.281590043922465,1.4402999091014994,5378.655532216584,1700.5425098585408,3690.896644686531,0.0,1918.3844251196085,False,False,False,False,False,False,False,False,True,False,60.41830364518289,4.371074827194905,0.015606851197059443,7.281590043922465,1.4402999091014994,5378.655532216584,1700.5425098585408,3690.896644686531,2214.5811607764795,1918.3844251196085
GEO_00665,352126.95022375055,7119674.938094687,sedimentary,background,0.1834041058339132,0.06538457633886738,0.08323204598222515,0.02445204432916671,0.16798803630183634,39.42923235002303,5.0295693618549615,0.01751842847851665,6.125983864675804,1.381361110966863,3449.6161053879214,,4810.70817182996,3099.777697189637,2047.5772077593256,False,False,False,False,False,False,False,False,False,False,39.42923235002303,5.0295693618549615,0.01751842847851665,6.125983864675804,1.381361110966863,3449.6161053879214,2723.3912361520784,4810.70817182996,3099.777697189637,2047.5772077593256
GEO_00666,355197.1111688822,7166465.618456725,intrusive,background,0.11387614022015893,0.0,0.0,0.13905745541942044,0.8933277813594606,35.657105952380896,0.0,0.01136546149009128,4.860243108941262,1.4607743137609266,4348.508930295941,1968.779577628001,1644.9069536654572,4790.897255632909,1704.0997704885046,False,True,False,False,False,False,False,False,False,False,35.657105952380896,3.4219303006127677,0.01136546149009128,4.860243108941262,1.4607743137609266,4348.508930295941,1968.779577628001,1644.9069536654572,4790.897255632909,1704.0997704885046
GEO_00667,353088.18522211397,7113091.485258155,intrusive,background,0.003828235956106014,0.03001254321092951,0.0,0.27554156389927237,0.7570993795954765,37.40684293157716,5.17290938733483,0.01166072515573572,0.0,1.3624560467722355,3716.4870404307503,2192.6453294847793,2581.963229679117,4327.026649853428,2091.3225228790607,False,False,False,True,False,False,False,False,False,False,37.40684293157716,5.17290938733483,0.01166072515573572,4.4308304946490855,1.3624560467722355,3716.4870404307503,2192.6453294847793,2581.963229679117,4327.026649853428,2091.3225228790607
GEO_00668,417116.28568575403,7140852.74008418,volcanic,background,0.0,0.0,0.15958617216802293,0.7167469360902003,0.0,39.00769052897398,0.0,0.015130601660877166,6.062410902779395,1.4127021085434948,6207.040057969681,2640.057159835257,2309.4619003742437,3256.207724850884,1382.223756481359,False,True,False,False,False,False,False,False,False,False,39.00769052897398,2.837896511454383,0.015130601660877166,6.062410902779395,1.4127021085434948,6207.040057969681,2640.057159835257,2309.4619003742437,3256.207724850884,1382.223756481359
GEO_00669,399592.3996674859,7161183.641718511,sedimentary,anomalous,0.796160917841989,0.7752246973439548,0.5106204693954999,0.0,0.10163758033937403,93.53167738348955,9.18788202592958,0.06158041813459769,13.958036950105276,3.407693170893286,4855.404063051882,0.0,3185.645033882345,3334.0494001437596,1963.3911234224713,False,False,False,False,False,False,True,False,False,False,93.53167738348955,9.18788202592958,0.06158041813459769,13.958036950105276,3.407693170893286,4855.404063051882,1601.722788857472,3185.645033882345,3334.0494001437596,1963.3911234224713
GEO_00670,375062.9120283612,7124028.948514151,intrusive,background,0.09955613811926993,0.20406626507023906,0.19105105957763785,0.3414935443697854,0.6689426023520344,42.2994353450226,4.212811494406077,0.014494395925127267,5.3320312055273815,1.845012467526942,4606.542629711166,2459.4230641988265,1951.8410054271624,4433.377089481234,1883.859525089962,False,False,False,False,False,False,False,False,False,False,42.2994353450226,4.212811494406077,0.014494395925127267,5.3320312055273815,1.845012467526942,4606.542629711166,2459.4230641988265,1951.8410054271624,4433.377089481234,1883.859525089962
GEO_00671,395957.90746907506,7114959.695695676,intrusive,background,0.0,0.04755972239764041,0.02006623699726534,0.2992964528928562,0.8034824022558514,48.57744780436012,3.5320712557032086,0.011760629143922393,5.834475951668443,0.0,4134.268678546476,2067.9429251956517,0.0,3292.8874152133662,2382.6663072948395,False,False,False,False,True,False,False,True,False,False,48.57744780436012,3.5320712557032086,0.011760629143922393,5.834475951668443,1.0493172865820126,4134.268678546476,2067.9429251956517,1479.2272810445377,3292.8874152133662,2382.6663072948395
GEO_00672,420181.86566327885,7149453.602443401,volcanic,background,0.0,0.00018561419514298572,0.0,0.5935979234962534,0.08770925757567105,38.736453420363716,4.229092596350493,0.010689111017534569,5.7778035511434185,0.0,5412.997560214632,2762.041353295951,2241.8751363713186,3497.6133534030837,1416.2121256519201,False,False,False,False,True,False,False,False,False,False,38.736453420363716,4.229092596350493,0.010689111017534569,5.7778035511434185,0.8890977907629127,5412.997560214632,2762.041353295951,2241.8751363713186,3497.6133534030837,1416.2121256519201
GEO_00673,357968.5540585758,7132509.15881155,sedimentary,background,0.0,0.0,0.0,0.1760525653893266,0.1574403095516761,31.02498902046169,3.5439945908727313,0.015048673654881549,5.027724851388491,1.414147479220394,4651.048964450373,2868.384160173479,2725.835668598632,3265.0055245714357,1194.8618202635816,False,False,False,False,False,False,False,False,False,False,31.02498902046169,3.5439945908727313,0.015048673654881549,5.027724851388491,1.414147479220394,4651.048964450373,2868.384160173479,2725.835668598632,3265.0055245714357,1194.8618202635816
GEO_00674,365704.2985316327,7139231.231791147,sedimentary,background,0.06498284970955995,0.061564830505751775,0.0038574123120430175,0.052010077649540604,0.09075501058366786,33.20498704472557,4.499300589446745,0.0,5.982556340721169,1.3876808686459654,4294.681238392433,2044.1874475058953,3574.9222214993065,2924.928781475863,1724.0104164676757,False,False,True,False,False,False,False,False,False,False,33.20498704472557,4.499300589446745,0.008912712281917153,5.982556340721169,1.3876808686459654,4294.681238392433,2044.1874475058953,3574.9222214993065,2924.928781475863,1724.0104164676757
GEO_00675,376385.9171782061,7107334.549726145,intrusive,background,0.0,0.03474736939530661,0.0,0.3850337958054836,0.6636888018118238,37.04119770026172,4.347981732183991,0.0,6.331196093696066,1.2256625721682617,5055.685727403495,2797.107006414738,2134.6086060863477,3962.024478524259,2249.6577902439667,False,False,True,False,False,False,False,False,False,False,37.04119770026172,4.347981732183991,0.006322104202349159,6.331196093696066,1.2256625721682617,5055.685727403495,2797.107006414738,2134.6086060863477,3962.024478524259,2249.6577902439667
GEO_00676,386654.57749202795,7179512.047664724,volcanic,background,0.04374336551764197,0.0,0.03888746910381582,0.6226946432516716,0.0,33.85178017989988,0.0,0.01224914602026988,0.0,1.3418621953005987,6249.642766839189,3935.541119614543,2204.6312841740178,3079.8908195847507,1320.1790187882773,False,True,False,True,False,False,False,False,False,False,33.85178017989988,2.9020824667560112,0.01224914602026988,4.711991621709068,1.3418621953005987,6249.642766839189,3935.541119614543,2204.6312841740178,3079.8908195847507,1320.1790187882773
GEO_00677,378643.5288010521,7117360.276340996,volcanic,background,0.1691817783878125,0.10258878710311559,0.11546634597801385,0.6496083083501271,0.03807891058876323,36.225259343795024,4.81449635134577,0.015027145750174548,5.660282904068983,1.632852903577051,4434.537311341243,3435.3555765399574,1803.5231268590671,2585.312249663767,1193.3601446490463,False,False,False,False,False,False,False,False,False,False,36.225259343795024,4.81449635134577,0.015027145750174548,5.660282904068983,1.632852903577051,4434.537311341243,3435.3555765399574,1803.5231268590671,2585.312249663767,1193.3601446490463
GEO_00678,417875.74760510994,7161452.870804648,sedimentary,background,0.06549869850303364,0.25271035225982935,0.013468141606818473,0.010783347529113307,0.19062367690015852,32.63763590286824,0.0,0.014642314386378343,7.597132775047337,2.9758595917483652,0.0,1857.5215923293022,3950.8529022017574,4247.784369989534,1534.3631737917576,False,True,False,False,False,True,False,False,False,False,32.63763590286824,3.4148204461945597,0.014642314386378343,7.597132775047337,2.9758595917483652,2675.891779286421,1857.5215923293022,3950.8529022017574,4247.784369989534,1534.3631737917576
GEO_00679,393641.1156241733,7178907.0312461285,volcanic,background,0.06959414034133946,0.09620384765491391,0.12612944807321955,0.6411707603671499,0.09956150995214023,43.88991215687722,3.751095241115844,0.014686297622401366,5.689240491157065,0.0,5589.073633583609,3055.663898922218,2024.532178992283,2853.8948822006278,0.0,False,False,False,False,True,False,False,False,False,True,43.88991215687722,3.751095241115844,0.014686297622401366,5.689240491157065,1.1773852234585735,5589.073633583609,3055.663898922218,2024.532178992283,2853.8948822006278,1109.2409747572233
GEO_00680,356114.3104054067,7124967.673937115,intrusive,background,0.0,0.04129790481294299,0.0,0.22679108075646096,0.9670253093716352,30.275861456835305,3.9345977056799613,0.0,4.85366261919769,1.3569705546736064,4077.6317037919466,1967.5858637683034,1516.8120040176982,4369.041399238273,2339.5940806284025,False,False,True,False,False,False,False,False,False,False,30.275861456835305,3.9345977056799613,0.00909481420327921,4.85366261919769,1.3569705546736064,4077.6317037919466,1967.5858637683034,1516.8120040176982,4369.041399238273,2339.5940806284025
GEO_00681,371041.0822912852,7179759.572414875,intrusive,background,0.0,0.02576075400637549,0.0,0.10415005465847033,0.8755775065338054,30.848277187913922,5.700300361751578,0.0,0.0,1.7526657891297586,,1936.5190728472462,1944.2667559984548,4278.538853768977,3362.2454372103143,False,False,True,True,False,False,False,False,False,False,30.848277187913922,5.700300361751578,0.010342164660525744,3.9237393335837303,1.7526657891297586,3727.6800364858927,1936.5190728472462,1944.2667559984548,4278.538853768977,3362.2454372103143
GEO_00682,390575.7231838824,7127502.7834300045,intrusive,background,0.03173541771731744,0.019907833696479832,0.06872722721567866,0.4527376258111243,0.6999682811481434,33.802218925858774,4.215077499815282,0.010511232626803176,5.906151631109757,1.2772060886592906,4374.863149182481,2637.159619469511,1644.7869639538094,4877.473695333179,2794.3075541062485,False,False,False,False,False,False,False,False,False,False,33.802218925858774,4.215077499815282,0.010511232626803176,5.906151631109757,1.2772060886592906,4374.863149182481,2637.159619469511,1644.7869639538094,4877.473695333179,2794.3075541062485
GEO_00683,410717.4663820886,7138242.32658777,volcanic,background,0.1355767236825342,0.04270098274120811,0.18451740295092678,0.7501303242095747,0.0,33.64304840965997,3.847050644139228,0.0138330639248994,0.0,0.0,6326.0141349885225,3449.8272215456423,2144.2836125526487,,1632.3900367060032,False,False,False,True,True,False,False,False,True,False,33.64304840965997,3.847050644139228,0.0138330639248994,4.62071871194944,1.1976008998976866,6326.0141349885225,3449.8272215456423,2144.2836125526487,2054.6047300280998,1632.3900367060032
GEO_00684,400298.3654970039,7138244.088789615,volcanic,halo,0.7102354929553156,0.06028591199562468,0.36910767086998536,0.8294071225570989,0.0,,7.886424887918942,0.03216607921918148,7.332474358227886,0.0,8938.879539588279,3257.935633767024,2019.6225976440924,0.0,1810.311688416881,False,False,False,False,True,False,False,False,True,False,92.39372349663991,7.886424887918942,0.03216607921918148,7.332474358227886,1.07308020190532,8938.879539588279,3257.935633767024,2019.6225976440924,2350.6457808009122,1810.311688416881
GEO_00685,429692.4411276072,7127341.333295907,volcanic,background,0.0,0.12756282136009217,0.0035527336054570653,0.8721639339551994,0.0,32.32691681226888,3.964547304306293,0.01456009768228315,6.400923862974404,0.0,8110.160054394897,3592.197706384482,1630.0334207006995,2766.833576398852,1254.4783081801656,False,False,False,False,True,False,False,False,False,False,32.32691681226888,3.964547304306293,0.01456009768228315,6.400923862974404,1.069019781955566,8110.160054394897,3592.197706384482,1630.0334207006995,2766.833576398852,1254.4783081801656
GEO_00686,375799.8128656249,7121816.010352072,volcanic,background,0.06202608653146734,0.0,0.0,0.693017312052082,0.17744485358070394,32.968266945530786,3.9916006139999163,0.012749923458807436,7.583565965089398,1.5868909443374004,5642.549789304825,4991.8610952972995,2101.1447312853566,5034.791894153926,1545.6438775467427,False,False,False,False,False,False,False,False,False,False,32.968266945530786,3.9916006139999163,0.012749923458807436,7.583565965089398,1.5868909443374004,5642.549789304825,4991.8610952972995,2101.1447312853566,5034.791894153926,1545.6438775467427
GEO_00687,399593.1078035524,7113732.9690491315,intrusive,background,0.02407431376947511,0.015259083244552244,0.0,0.447898353786721,0.7645918875201425,0.0,5.663875251856527,0.01116875314314011,,1.344309848165011,4848.414135572287,3131.27921866034,1948.8860200902948,3609.0174702182267,2551.8025857685993,True,False,False,False,False,False,False,False,False,False,25.268866302492615,5.663875251856527,0.01116875314314011,5.293370430613083,1.344309848165011,4848.414135572287,3131.27921866034,1948.8860200902948,3609.0174702182267,2551.8025857685993
GEO_00688,426738.43141695845,7164931.243652096,sedimentary,background,0.22008611234640135,0.10898104707401968,0.031633245217644934,0.0,0.03440588811655618,48.864877590655766,4.49068155320852,0.01619113226913914,7.0978764654179765,0.0,0.0,1727.7397881159197,4070.4038768135583,0.0,1698.2181733185898,False,False,False,False,True,True,False,False,True,False,48.864877590655766,4.49068155320852,0.01619113226913914,7.0978764654179765,1.104243411308956,2573.4451376116567,1727.7397881159197,4070.4038768135583,2294.799641629269,1698.2181733185898
GEO_00689,385807.203436579,7121679.957260545,intrusive,background,0.22869211734215172,0.23406886495984872,0.0,0.2091633836508967,0.8070060037943898,40.27103137855503,6.084558162775422,0.01551615818886893,6.585394027229517,1.6320474286057307,3552.775263267665,1929.280759937401,1625.6915651293446,4285.7750843817585,2266.943761945849,False,False,False,False,False,False,False,False,False,False,40.27103137855503,6.084558162775422,0.01551615818886893,6.585394027229517,1.6320474286057307,3552.775263267665,1929.280759937401,1625.6915651293446,4285.7750843817585,2266.943761945849
GEO_00690,362885.4019496877,7131810.122785506,intrusive,background,0.0,0.011225850000837135,0.1655616403533409,0.1921209330735117,0.5262324758234627,0.0,3.6859863624975104,0.010539660930147264,6.363419473597025,1.5086981011335594,4335.635925803824,2381.233374760331,0.0,3611.0239554650752,2325.073556635251,True,False,False,False,False,False,False,True,False,False,26.59378579934776,3.6859863624975104,0.010539660930147264,6.363419473597025,1.5086981011335594,4335.635925803824,2381.233374760331,1499.449166985002,3611.0239554650752,2325.073556635251
GEO_00691,368382.25203453173,7131184.447891594,sedimentary,background,0.007377197372921848,0.15567579633826298,0.05425211290450833,0.0,0.16419994168244112,36.27993538261731,4.989958769066306,0.018704076450329725,9.340444372295574,1.4293760209267352,3282.201668142122,1871.3345655198032,4390.42700219858,3459.3860026331167,1444.722384365879,False,False,False,False,False,False,False,False,False,False,36.27993538261731,4.989958769066306,0.018704076450329725,9.340444372295574,1.4293760209267352,3282.201668142122,1871.3345655198032,4390.42700219858,3459.3860026331167,1444.722384365879
GEO_00692,382225.277219192,7152248.274389625,intrusive,halo,0.5956516139653187,0.23481576758239883,0.372476451051829,0.13074274577587616,0.7469860903642855,65.18356133916902,8.29732308959111,0.023344310631284674,9.907853959774513,2.7379301911816754,3345.0222349587193,0.0,2157.6102372546006,5092.547910022185,2222.613506904988,False,False,False,False,False,False,True,False,False,False,65.18356133916902,8.29732308959111,0.023344310631284674,9.907853959774513,2.7379301911816754,3345.0222349587193,1656.863945835152,2157.6102372546006,5092.547910022185,2222.613506904988
GEO_00693,359977.7321915197,7112549.20028872,volcanic,background,0.02401780980948251,0.1008195046911694,0.0,0.7837939830060917,0.0,36.26928058876329,4.031316704532919,0.0,7.084352760444518,1.368067382469176,6067.671033625262,4581.649854831328,1767.5252500561446,3490.870838204456,1546.00669864422,False,False,True,False,False,False,False,False,False,False,36.26928058876329,4.031316704532919,0.01015183390845209,7.084352760444518,1.368067382469176,6067.671033625262,4581.649854831328,1767.5252500561446,3490.870838204456,1546.00669864422
GEO_00694,388012.1377695398,7166896.159921414,volcanic,background,0.15523708354605117,0.26631730633984363,0.1528674746991734,0.893950800136861,0.0,56.80357774715835,3.7790766029945355,0.017474961776459613,5.978753370484947,1.805313035767631,8347.926490176584,5547.653129403295,2453.0576377545503,0.0,0.0,False,False,False,False,False,False,False,False,True,True,56.80357774715835,3.7790766029945355,0.017474961776459613,5.978753370484947,1.805313035767631,8347.926490176584,5547.653129403295,2453.0576377545503,2485.37853170565,1022.4253843877611
GEO_00695,427601.4639958553,7111445.129289071,sedimentary,background,0.14521785469996745,0.0,0.10371100315834118,0.019222512269894992,0.2634486106396561,44.52313640576352,4.084873299535645,0.013965870625206024,5.66566154703782,1.362003256308938,5122.732661280109,0.0,3371.4096618223825,4026.617554292508,2219.0811735613725,False,False,False,False,False,False,True,False,False,False,44.52313640576352,4.084873299535645,0.013965870625206024,5.66566154703782,1.362003256308938,5122.732661280109,1567.5815987726053,3371.4096618223825,4026.617554292508,2219.0811735613725
GEO_00696,420257.5246766922,7151901.309382139,intrusive,background,0.20022701810437143,0.2514286392515014,0.26410774149427596,0.3061640709995524,0.6815016181710494,38.48684916487295,4.218995601970152,0.0152875932820235,5.709459188892572,1.4221066880997897,6056.676250340269,2132.0155753331524,0.0,3974.52900947525,2364.737741915174,False,False,False,False,False,False,False,True,False,False,38.48684916487295,4.218995601970152,0.0152875932820235,5.709459188892572,1.4221066880997897,6056.676250340269,2132.0155753331524,1493.1031759043585,3974.52900947525,2364.737741915174
GEO_00697,397698.1101097731,7170055.912975131,volcanic,background,0.15768829853578542,0.14243854602029218,0.023023517928760354,0.478001329182137,0.09923569900834348,35.011558073451575,4.452247050862639,0.017216889212216174,7.4489792793306755,1.4927529486753541,6041.458011745053,3813.8898364362417,2185.143307102684,0.0,1709.8470344672226,False,False,False,False,False,False,False,False,True,False,35.011558073451575,4.452247050862639,0.017216889212216174,7.4489792793306755,1.4927529486753541,6041.458011745053,3813.8898364362417,2185.143307102684,2186.476229154309,1709.8470344672226
GEO_00698,424958.5137066566,7122797.587196933,sedimentary,background,0.3521373827213634,0.09604061536548746,0.16951661855920006,0.0,0.0036407184428147443,51.562961382908554,6.5156634399877085,0.015155796270397906,5.557302991428253,1.3201877467549505,3427.5245209558475,2698.08499586947,3086.942412965291,2703.7536605746354,1398.9623901962432,False,False,False,False,False,False,False,False,False,False,51.562961382908554,6.5156634399877085,0.015155796270397906,5.557302991428253,1.3201877467549505,3427.5245209558475,2698.08499586947,3086.942412965291,2703.7536605746354,1398.9623901962432
GEO_00699,400285.8819504073,7122472.159672513,intrusive,background,0.1265927965515975,0.0,0.0,0.28549352597956157,0.6925999211352858,31.19480844929672,4.339856415216099,0.0,6.39701577104059,0.0,4152.280902954308,2524.964242519003,2364.5060450003543,4997.4967083771235,2339.8710706436045,False,False,True,False,True,False,False,False,False,False,31.19480844929672,4.339856415216099,0.010320559583379678,6.39701577104059,1.0169772383901992,4152.280902954308,2524.964242519003,2364.5060450003543,4997.4967083771235,2339.8710706436045
GEO_00700,356455.19731488737,7164361.189589929,volcanic,background,0.0,0.0,0.016933355069503556,0.6277251908468869,0.15607508330037437,0.0,5.803369449249078,0.01418295295837309,5.91028237287764,0.0,4795.57112028343,2552.4228155592327,1617.0669316052843,2728.9140210160344,0.0,True,False,False,False,True,False,False,False,False,True,27.50430242717948,5.803369449249078,0.01418295295837309,5.91028237287764,1.021693006670804,4795.57112028343,2552.4228155592327,1617.0669316052843,2728.9140210160344,1106.388695601697
GEO_00701,402360.20830923103,7153828.47763339,sedimentary,anomalous,0.8555653207283882,0.48539945671658175,0.4991479192836211,0.0262419629085567,0.0810456488522387,89.05449263592071,8.752140118675035,0.035973930324961725,7.410218335221024,2.097771037594821,5394.023570894386,1881.2911672201576,3015.095347031639,2688.723372198789,2209.6802128343534,False,False,False,False,False,False,False,False,False,False,89.05449263592071,8.752140118675035,0.035973930324961725,7.410218335221024,2.097771037594821,5394.023570894386,1881.2911672201576,3015.095347031639,2688.723372198789,2209.6802128343534
GEO_00702,397069.9098297104,7112727.6119450955,volcanic,background,0.04129764462580249,0.05198852968444706,0.0,0.6558398028401593,0.0,39.06867706283151,4.323734196969444,0.012957992309535272,5.673812763245324,1.9756823920815905,5018.043419364449,2132.4643514924473,2207.2423823716736,3428.0414516349583,1366.9467892993964,False,False,False,False,False,False,False,False,False,False,39.06867706283151,4.323734196969444,0.012957992309535272,5.673812763245324,1.9756823920815905,5018.043419364449,2132.4643514924473,2207.2423823716736,3428.0414516349583,1366.9467892993964
GEO_00703,401645.48888159904,7114679.922258086,intrusive,background,0.18834942283475017,0.0,0.0,0.2818099932164798,0.7357695640201241,46.25982518422646,5.639341883035177,0.014085927581458801,7.890312528913711,1.7562470366150553,4768.405463554302,2536.5986792718572,1752.3446956844484,3597.028845589044,1824.2509258099092,False,False,False,False,False,False,False,False,False,False,46.25982518422646,5.639341883035177,0.014085927581458801,7.890312528913711,1.7562470366150553,4768.405463554302,2536.5986792718572,1752.3446956844484,3597.028845589044,1824.2509258099092
GEO_00704,370753.33108107245,7174223.821172998,intrusive,background,0.038784744156712604,0.0,0.0,0.10687165044236482,0.6873983137556137,0.0,4.161396506886123,0.010854938912544649,6.135735788074396,1.371919446316504,0.0,0.0,1608.6455458990588,6806.1931206240615,2047.9078818006055,True,False,False,False,False,True,True,False,False,False,27.73535842047319,4.161396506886123,0.010854938912544649,6.135735788074396,1.371919446316504,2649.429986894757,1556.8265104399989,1608.6455458990588,6806.1931206240615,2047.9078818006055
GEO_00705,408619.3066897112,7168835.211049566,volcanic,background,0.1324003920223193,0.24349026839989552,0.049567479670259776,0.7479959489327038,0.007574328458017979,43.751160670244886,4.43738718153086,0.014093286769968816,8.451401616937389,0.0,4723.305211948738,2584.065380595477,2219.787941404107,4336.001564394815,1229.8749503817467,False,False,False,False,True,False,False,False,False,False,43.751160670244886,4.43738718153086,0.014093286769968816,8.451401616937389,1.1946843024772864,4723.305211948738,2584.065380595477,2219.787941404107,4336.001564394815,1229.8749503817467
GEO_00706,392694.83140896057,7142852.76605607,intrusive,anomalous,0.9458247030475864,0.06931501254137284,0.5530246642900467,0.39039065339753476,0.8341057444426963,106.52103088423665,10.283706253284894,0.029713365359693246,6.320183988382589,1.5279750527603715,4596.850116364683,,2366.029083751744,5857.52434912773,3037.8129533287197,False,False,False,False,False,False,False,False,False,False,106.52103088423665,10.283706253284894,0.029713365359693246,6.320183988382589,1.5279750527603715,4596.850116364683,2304.8994343339905,2366.029083751744,5857.52434912773,3037.8129533287197
GEO_00707,427361.6869218359,7162970.379583585,sedimentary,background,0.0,0.0,0.03273711467653876,0.06696343421343452,0.23984486139824615,0.0,4.786473099178818,0.019792039411423046,0.0,1.5579051641963582,3674.00246024921,2259.313532055482,3666.382383544442,3799.361983425614,1428.6329023526027,True,False,False,True,False,False,False,False,False,False,27.87858594012328,4.786473099178818,0.019792039411423046,4.568891450899695,1.5579051641963582,3674.00246024921,2259.313532055482,3666.382383544442,3799.361983425614,1428.6329023526027
GEO_00708,360275.58718949935,7131854.04538459,volcanic,background,0.0,0.02970619529943362,0.015214344107959573,0.9102539708943785,0.004210835359701052,34.25689389581996,0.0,0.011981494283409777,5.737026100806232,1.2149200052902165,6162.526179753491,3571.336794085174,2274.86231160217,3082.987565766114,1406.5420393642955,False,True,False,False,False,False,False,False,False,False,34.25689389581996,3.266102780469942,0.011981494283409777,5.737026100806232,1.2149200052902165,6162.526179753491,3571.336794085174,2274.86231160217,3082.987565766114,1406.5420393642955
GEO_00709,392038.9716864111,7100847.153638224,sedimentary,background,0.03859852090210144,0.08535149295642987,0.0,0.0,0.14329530405891514,0.0,3.7607458912756493,0.010825874600529322,5.401756142269423,1.7339645079747772,4130.100890843066,1999.3224389486472,4479.440673645751,4034.4300569539737,1576.5952105787405,True,False,False,False,False,False,False,False,False,False,22.835901100069194,3.7607458912756493,0.010825874600529322,5.401756142269423,1.7339645079747772,4130.100890843066,1999.3224389486472,4479.440673645751,4034.4300569539737,1576.5952105787405
GEO_00710,418229.0142863569,7122827.950225103,intrusive,background,0.0,0.0,0.12177963298414064,0.33641742243228845,0.7547385566040222,40.90374198818206,5.895420502558607,0.0,0.0,0.0,4262.219427567466,2538.8565372326566,2426.037033350272,4003.2173861420115,3151.2833534729175,False,False,True,True,True,False,False,False,False,False,40.90374198818206,5.895420502558607,0.009149917137388056,4.463839256915154,1.1237388390123337,4262.219427567466,2538.8565372326566,2426.037033350272,4003.2173861420115,3151.2833534729175
GEO_00711,363373.67708563193,7118134.310485931,sedimentary,background,0.0,0.006126315475241991,0.033811683738970415,0.0,0.2761979289357705,42.91954300065411,4.977743173879065,0.011280316400862725,4.824979092018048,1.7229544608107237,4022.1552664388623,1931.4936898909682,4114.666207030174,3737.2728361284335,1456.2908574344442,False,False,False,False,False,False,False,False,False,False,42.91954300065411,4.977743173879065,0.011280316400862725,4.824979092018048,1.7229544608107237,4022.1552664388623,1931.4936898909682,4114.666207030174,3737.2728361284335,1456.2908574344442
GEO_00712,411755.23065346596,7163789.664441514,volcanic,halo,0.23412259599290206,0.48199246267477547,0.26434019021198735,0.7946968261927106,0.0,53.60983568854083,4.997169843925317,0.02055565193678834,11.475421902719635,1.9932422982524525,6368.434238613418,3296.2871764624138,2439.262597588438,3058.014951109909,1344.1786708514683,False,False,False,False,False,False,False,False,False,False,53.60983568854083,4.997169843925317,0.02055565193678834,11.475421902719635,1.9932422982524525,6368.434238613418,3296.2871764624138,2439.262597588438,3058.014951109909,1344.1786708514683
GEO_00713,424765.1034822989,7112427.35749002,intrusive,background,0.0,0.0,0.11337683499603621,0.29975835878974966,0.6905263901855977,40.388890348476075,3.792263508069325,0.0,6.854878382390396,0.0,5827.486964679674,3013.8031283474047,1813.9505068723622,3884.1259123274385,3358.9059083209672,False,False,True,False,True,False,False,False,False,False,40.388890348476075,3.792263508069325,0.009679993755883333,6.854878382390396,1.1442630777674725,5827.486964679674,3013.8031283474047,1813.9505068723622,3884.1259123274385,3358.9059083209672
GEO_00714,409035.8182583153,7132170.0744955605,volcanic,background,0.21086511542131717,0.0005877910275499734,0.09610767403702818,0.6738946885764748,0.0,45.87124646369082,4.437334188183952,0.012557248609469869,0.0,2.0334214948340614,6381.041239928246,3442.20002916972,1924.389732109045,2841.723923173897,1641.988512293784,False,False,False,True,False,False,False,False,False,False,45.87124646369082,4.437334188183952,0.012557248609469869,4.750530050947368,2.0334214948340614,6381.041239928246,3442.20002916972,1924.389732109045,2841.723923173897,1641.988512293784
GEO_00715,402261.50553364336,7178263.138306137,volcanic,background,0.0,0.06902787158747956,0.03116675222138421,0.813107354522371,0.0,0.0,0.0,0.0,,1.7379148478808648,5539.093517451393,4708.418936298377,2706.010622874316,2576.6910730879536,1696.4492493466748,True,True,True,True,False,False,False,False,False,False,23.04055577846371,3.317167619078766,0.010325077348818002,4.746752384163929,1.7379148478808648,5539.093517451393,4708.418936298377,2706.010622874316,2576.6910730879536,1696.4492493466748
GEO_00716,367307.73446885904,7122225.859035726,volcanic,background,0.017167800984883193,0.11413536379660115,0.06631775947111579,0.5844337482883014,0.0,37.8638849048186,3.740930001879773,0.01623056422811706,6.97081429756233,1.6473034610023432,4230.618405932497,3827.8311836859107,2031.9381452707362,3891.868010851752,1355.0356611249633,False,False,False,False,False,False,False,False,False,False,37.8638849048186,3.740930001879773,0.01623056422811706,6.97081429756233,1.6473034610023432,4230.618405932497,3827.8311836859107,2031.9381452707362,3891.868010851752,1355.0356611249633
GEO_00717,424267.45478513045,7151129.388382331,intrusive,background,0.0,0.0,0.0047552876120952325,0.2241156247966716,0.6789568193193634,41.391550285404385,4.510497372020372,0.013098287113540833,0.0,1.4065070082698137,4161.558725362966,2347.5507473969815,1593.3323579689886,3175.4494429931356,2595.704030587814,False,False,False,True,False,False,False,False,False,False,41.391550285404385,4.510497372020372,0.013098287113540833,3.9171852550562667,1.4065070082698137,4161.558725362966,2347.5507473969815,1593.3323579689886,3175.4494429931356,2595.704030587814
GEO_00718,356587.15753289516,7154790.322265201,volcanic,background,0.034854349902756813,0.0,0.10835875047406192,0.7305219239509441,0.0,36.70720018543387,4.052162018745441,0.014186615983576905,5.172549543313073,,6750.053291030994,3752.3855712767645,2202.412104349376,4262.13451983284,1531.8307180794932,False,False,False,False,False,False,False,False,False,False,36.70720018543387,4.052162018745441,0.014186615983576905,5.172549543313073,1.7778268464195586,6750.053291030994,3752.3855712767645,2202.412104349376,4262.13451983284,1531.8307180794932
GEO_00719,379259.0454035783,7173327.473628091,volcanic,background,0.0,0.0,0.0,0.5991011981392091,0.0,38.98522682314675,0.0,0.012398469500959993,0.0,1.227108014424579,5767.793496305004,3059.5431535895314,0.0,2516.6644951295752,1231.4509720297713,False,True,False,True,False,False,False,True,False,False,38.98522682314675,3.175071020824779,0.012398469500959993,4.665075106431374,1.227108014424579,5767.793496305004,3059.5431535895314,1497.5678564810692,2516.6644951295752,1231.4509720297713
GEO_00720,354459.33899798343,7176997.184324399,volcanic,background,0.054713258651929816,0.0,0.0,0.6013347874605263,0.051091567282330344,40.345713393572645,3.6563024761767853,0.014529427828271803,5.7085956591584885,0.0,7166.910357685137,3143.765575952543,1917.2338873945473,2781.2177000422867,1406.784539015917,False,False,False,False,True,False,False,False,False,False,40.345713393572645,3.6563024761767853,0.014529427828271803,5.7085956591584885,1.1516054074097615,7166.910357685137,3143.765575952543,1917.2338873945473,2781.2177000422867,1406.784539015917
GEO_00721,387376.08474911057,7174731.447917589,intrusive,background,0.04176554425613569,0.007121012946376728,0.009147343514350204,0.34920671210683263,0.6778785150135088,33.19690459400201,4.7202402888327875,0.013736813113984907,5.814938902336452,1.2281298245399304,5559.473186704876,2545.1328917415663,2142.372714560352,2971.321207815,2791.356695342575,False,False,False,False,False,False,False,False,False,False,33.19690459400201,4.7202402888327875,0.013736813113984907,5.814938902336452,1.2281298245399304,5559.473186704876,2545.1328917415663,2142.372714560352,2971.321207815,2791.356695342575
GEO_00722,408947.9824099892,7146451.226310766,volcanic,halo,0.5702856942884542,0.2726724165766923,0.254299531984607,0.6642302134849677,0.06949118484089749,68.3133600763354,8.57292261475921,0.0204963863501278,8.008178080019015,2.385596623757849,7339.5934479009475,3564.7326244961287,2420.683538470364,0.0,1330.9070918757802,False,False,False,False,False,False,False,False,True,False,68.3133600763354,8.57292261475921,0.0204963863501278,8.008178080019015,2.385596623757849,7339.5934479009475,3564.7326244961287,2420.683538470364,2180.4782676053487,1330.9070918757802
GEO_00723,390150.79379497713,7177455.961564367,volcanic,background,0.07057934423859105,0.0,0.013957799128925434,0.5956492447614031,0.0,36.02567310896449,0.0,0.011016201832055504,5.817119131663105,1.6234447434157502,5111.221743430864,3999.4990993241836,3331.291541671842,2982.5093253260256,1547.5219770448914,False,True,False,False,False,False,False,False,False,False,36.02567310896449,2.8160148279605637,0.011016201832055504,5.817119131663105,1.6234447434157502,5111.221743430864,3999.4990993241836,3331.291541671842,2982.5093253260256,1547.5219770448914
GEO_00724,368718.29855701595,7105389.429985729,intrusive,background,0.0,0.07310791665639861,0.0,0.20142667210514625,0.6591662399727465,38.04452275129418,5.487243090119157,0.0,6.556303025148509,1.3510070025477177,3313.6309325362836,1889.2459358191904,1773.84309962604,4689.923425576878,1989.290670655655,False,False,True,False,False,False,False,False,False,False,38.04452275129418,5.487243090119157,0.008225997056664368,6.556303025148509,1.3510070025477177,3313.6309325362836,1889.2459358191904,1773.84309962604,4689.923425576878,1989.290670655655
GEO_00725,400473.0386838176,7102355.010155129,volcanic,background,0.0,0.0,0.0,0.6407533704647165,0.06455063968304313,0.0,3.5997527870636,0.014276463761178393,0.0,1.526798051044094,6728.426210047147,3197.0618586917985,1814.3742394151845,2631.173487645181,1795.8868336814132,True,False,False,True,False,False,False,False,False,False,25.43498066919526,3.5997527870636,0.014276463761178393,4.630269704255573,1.526798051044094,6728.426210047147,3197.0618586917985,1814.3742394151845,2631.173487645181,1795.8868336814132
GEO_00726,409075.0218971591,7158270.932945965,intrusive,anomalous,0.6279946016318348,0.7249581653447652,0.4761899971337072,0.1725241164270845,0.6557856905430184,98.51014201397228,8.615249341085816,0.040510508677348046,13.361944027264864,2.9336780964986047,6099.5977410018095,2554.927365987984,2073.239765312356,4897.289787102553,2153.959760638028,False,False,False,False,False,False,False,False,False,False,98.51014201397228,8.615249341085816,0.040510508677348046,13.361944027264864,2.9336780964986047,6099.5977410018095,2554.927365987984,2073.239765312356,4897.289787102553,2153.959760638028
GEO_00727,370291.485919562,7148991.196294527,sedimentary,background,0.1766093443020238,0.06148353647280763,0.042243158238790005,0.033424814765605944,0.3008835389258355,44.94462184923152,3.915444561497158,0.0,5.877467441811446,1.326599709980995,3357.8635440630906,0.0,3272.3185290818424,3322.0374666737557,1424.6778462816544,False,False,True,False,False,False,True,False,False,False,44.94462184923152,3.915444561497158,0.009166686702366573,5.877467441811446,1.326599709980995,3357.8635440630906,1579.4777567065478,3272.3185290818424,3322.0374666737557,1424.6778462816544
GEO_00728,376260.3758672385,7131451.183895591,sedimentary,background,0.3345117569567917,0.08444773235465913,0.16739086434851622,0.0,0.0,46.447422873917056,4.241393741886243,0.014762475051278432,7.092677692799059,1.2154005755843214,4290.510924732788,0.0,2991.910088478193,4991.899166468896,0.0,False,False,False,False,False,False,True,False,False,True,46.447422873917056,4.241393741886243,0.014762475051278432,7.092677692799059,1.2154005755843214,4290.510924732788,1552.6007845302047,2991.910088478193,4991.899166468896,1041.9501585865187
GEO_00729,366507.6966400115,7154265.841932129,volcanic,background,0.0,0.03085686059914765,0.0,0.5508613497443899,0.0,38.56900058632588,0.0,0.011831385683430758,6.165490695112946,1.6206109166249714,4919.215208786592,2677.272084503713,3097.3407266912127,3321.538503339553,1492.4382912800527,False,True,False,False,False,False,False,False,False,False,38.56900058632588,3.0934405514326535,0.011831385683430758,6.165490695112946,1.6206109166249714,4919.215208786592,2677.272084503713,3097.3407266912127,3321.538503339553,1492.4382912800527
GEO_00730,386267.2738812321,7166686.102836713,sedimentary,background,0.0,0.08988098231669506,0.12173211484335644,0.0034410477989371088,0.13262306969763293,0.0,0.0,0.01323290864606747,8.129548800279716,1.3334358284215806,3031.2312193342195,2348.7165639258474,3092.127537554727,3444.510778941666,1232.347464513407,True,True,False,False,False,False,False,False,False,False,29.386343180598804,3.0585575211155294,0.01323290864606747,8.129548800279716,1.3334358284215806,3031.2312193342195,2348.7165639258474,3092.127537554727,3444.510778941666,1232.347464513407
GEO_00731,354709.77637561416,7179420.581292938,intrusive,background,0.0,0.0,0.0,0.24043494194854664,0.6967263020004328,32.696363181052995,3.6191972282403664,0.0,0.0,1.402423382001685,3931.863194881411,2489.3797862869337,1720.3211127408083,5307.384453219878,1975.4986212424028,False,False,True,True,False,False,False,False,False,False,32.696363181052995,3.6191972282403664,0.010242461653787295,4.69506642211481,1.402423382001685,3931.863194881411,2489.3797862869337,1720.3211127408083,5307.384453219878,1975.4986212424028
GEO_00732,383340.5250009777,7154147.252189456,sedimentary,background,0.36108641702663413,0.029864082909964326,0.39259252697047764,0.11980225274120958,0.213364339228085,55.683823141327295,6.956033908684138,0.01661911016330338,5.3581065126632,1.2537884470589218,3708.4215848992735,2614.004725954787,3531.412550016245,3309.4152821712905,1248.8396142498632,False,False,False,False,False,False,False,False,False,False,55.683823141327295,6.956033908684138,0.01661911016330338,5.3581065126632,1.2537884470589218,3708.4215848992735,2614.004725954787,3531.412550016245,3309.4152821712905,1248.8396142498632
GEO_00733,356759.8810082754,7157084.792339914,intrusive,background,0.0,0.21318918384238064,0.0,0.1163071509481334,0.5363154971220019,38.410839646054825,,0.01652635614613337,5.80795713318049,2.099900220499175,3477.671149944449,2321.3253492317253,1887.3840980245095,4626.107909835276,1551.2887509621164,False,False,False,False,False,False,False,False,False,False,38.410839646054825,4.7633661261906965,0.01652635614613337,5.80795713318049,2.099900220499175,3477.671149944449,2321.3253492317253,1887.3840980245095,4626.107909835276,1551.2887509621164
GEO_00734,370844.8515458677,7152241.5482562175,volcanic,background,0.06285465324205536,0.1678333013933117,0.03465758038993941,0.6404350312634718,0.20164733112832953,36.516910894136295,4.659222975231998,0.01900341208980073,6.521136567566763,1.7615695214721254,6913.416783784776,3013.9362062487326,1947.7131925057859,3332.076204872952,1993.4010480780657,False,False,False,False,False,False,False,False,False,False,36.516910894136295,4.659222975231998,0.01900341208980073,6.521136567566763,1.7615695214721254,6913.416783784776,3013.9362062487326,1947.7131925057859,3332.076204872952,1993.4010480780657
GEO_00735,429286.18047510827,7136290.618322018,sedimentary,background,0.0,0.13622617530149742,0.0,0.09883792008513415,0.14260757801278628,31.264007602953257,3.9543038393190764,0.011662861386140092,6.722000801868282,2.159512518062972,4401.388494815639,2397.32168038274,3305.800939944562,2893.9469220480505,1768.8747296319816,False,False,False,False,False,False,False,False,False,False,31.264007602953257,3.9543038393190764,0.011662861386140092,6.722000801868282,2.159512518062972,4401.388494815639,2397.32168038274,3305.800939944562,2893.9469220480505,1768.8747296319816
GEO_00736,355547.1115479764,7136765.383379943,intrusive,background,0.0,0.0835950264011729,0.0,0.2822264158868619,0.9862034567159883,41.59821935441771,3.9441863527165606,0.011432652888837465,5.658030242388215,1.4052282332326176,5048.334655577935,2038.7769565440158,2338.534713285151,6773.785251562048,2213.0223117426935,False,False,False,False,False,False,False,False,False,False,41.59821935441771,3.9441863527165606,0.011432652888837465,5.658030242388215,1.4052282332326176,5048.334655577935,2038.7769565440158,2338.534713285151,6773.785251562048,2213.0223117426935
GEO_00737,373607.49022853514,7117516.110253698,intrusive,background,0.03548387091025128,0.0,0.0,0.19000983341732622,0.8216258568883663,35.59627924495201,4.358265564518527,0.0,7.779546853167744,1.774156424509981,3738.4213975152657,2127.8967763108017,1965.4880524193234,5953.038721044784,3050.2940454229365,False,False,True,False,False,False,False,False,False,False,35.59627924495201,4.358265564518527,0.009678222075980245,7.779546853167744,1.774156424509981,3738.4213975152657,2127.8967763108017,1965.4880524193234,5953.038721044784,3050.2940454229365
GEO_00738,380434.9513057047,7150694.8769815285,intrusive,background,0.23775471323453395,0.24716974313023687,0.2173867391241308,0.16459610916752432,0.7596629078501407,50.911358858245485,4.646197739988912,0.013117417068300045,7.770444201510817,2.00204017862576,5029.502883532808,2996.3765228335164,1883.51263565794,4500.8817592425885,3065.1517430134013,False,False,False,False,False,False,False,False,False,False,50.911358858245485,4.646197739988912,0.013117417068300045,7.770444201510817,2.00204017862576,5029.502883532808,2996.3765228335164,1883.51263565794,4500.8817592425885,3065.1517430134013
GEO_00739,416446.92048783915,7128309.489395022,volcanic,background,0.018876832449980598,0.0,0.0,0.7644804865016005,0.0,33.66751334267676,4.423086455236975,0.0,6.9419113094582885,1.4499611284984926,6246.9833943897875,4244.267860317605,2173.361700746606,0.0,1256.9533852536435,False,False,True,False,False,False,False,False,True,False,33.66751334267676,4.423086455236975,0.007537131038378925,6.9419113094582885,1.4499611284984926,6246.9833943897875,4244.267860317605,2173.361700746606,2316.1901955384933,1256.9533852536435
GEO_00740,359081.8104919754,7101400.974989782,volcanic,background,0.0,0.0,0.0,0.6919581034006649,0.16299132861272864,45.454029836083606,3.7435422273360737,0.011244318952907676,5.062352595196453,1.3267879497989592,5001.02617538654,2790.821169494132,2095.83148061209,2926.6442257584113,1248.2233426932646,False,False,False,False,False,False,False,False,False,False,45.454029836083606,3.7435422273360737,0.011244318952907676,5.062352595196453,1.3267879497989592,5001.02617538654,2790.821169494132,2095.83148061209,2926.6442257584113,1248.2233426932646
GEO_00741,424224.68867770745,7174470.308494368,volcanic,background,0.0,0.10215169760336533,0.08079513658171518,0.6127270724602092,0.05536899305200187,42.07489095175934,3.6098411867616087,0.013022092304344878,8.511207301258944,2.082347418785638,4962.81292726703,3458.047159365269,2066.054173557644,2740.1742557991556,1501.3846549314458,False,False,False,False,False,False,False,False,False,False,42.07489095175934,3.6098411867616087,0.013022092304344878,8.511207301258944,2.082347418785638,4962.81292726703,3458.047159365269,2066.054173557644,2740.1742557991556,1501.3846549314458
GEO_00742,407741.19632778474,7146637.066246171,intrusive,halo,0.4332351047486603,0.22689655725588415,0.28162078195519985,0.2012244288662666,0.860208509447089,58.160852810962716,6.381707296609585,0.020984447928842413,8.167245634619322,1.9566717264842841,4373.156561373673,2804.341107526263,1769.906856124311,4504.830527715186,3075.2001952857195,False,False,False,False,False,False,False,False,False,False,58.160852810962716,6.381707296609585,0.020984447928842413,8.167245634619322,1.9566717264842841,4373.156561373673,2804.341107526263,1769.906856124311,4504.830527715186,3075.2001952857195
GEO_00743,421888.4127587022,7150306.912615298,sedimentary,background,0.0,0.1773688343176985,0.004568438466970647,0.0,0.03084680677468049,0.0,4.107376731323805,0.014926532115295939,6.310259311962246,1.4881792451739773,3735.9067971835184,2217.765845277255,3223.6858447789477,2862.7994888836265,0.0,True,False,False,False,False,False,False,False,False,True,28.888632904558914,4.107376731323805,0.014926532115295939,6.310259311962246,1.4881792451739773,3735.9067971835184,2217.765845277255,3223.6858447789477,2862.7994888836265,1055.185646679143
GEO_00744,415570.9443348612,7159875.258962046,intrusive,background,0.27207486672152553,0.0469677791148394,0.10304919708337847,0.3382063015452879,0.5594479338682204,51.62170621947971,6.487631737544398,0.017917133497391702,5.887468970828746,1.581900448454699,6033.264232492763,,2026.1451243886256,4162.868028987825,2303.8096655487952,False,False,False,False,False,False,False,False,False,False,51.62170621947971,6.487631737544398,0.017917133497391702,5.887468970828746,1.581900448454699,6033.264232492763,2999.8326839726938,2026.1451243886256,4162.868028987825,2303.8096655487952
GEO_00745,397016.0400692968,7121694.018122198,volcanic,background,0.02779155966012585,0.12360140201564293,0.0,0.44123776309658247,0.0,37.28738059289433,3.715128233005331,0.015393708311690218,6.494750005873493,1.7924201835860991,4519.709290191838,3530.49912530908,2083.8583573690175,2770.362660131341,1213.2905515017019,False,False,False,False,False,False,False,False,False,False,37.28738059289433,3.715128233005331,0.015393708311690218,6.494750005873493,1.7924201835860991,4519.709290191838,3530.49912530908,2083.8583573690175,2770.362660131341,1213.2905515017019
GEO_00746,354242.10054740816,7130935.385107188,intrusive,background,0.0,0.059727663066697884,0.03096664659478779,0.18680419452216854,0.7923369712645861,46.78402644818836,4.809495793959199,0.014313114273928645,5.642594144979822,1.4335519643529742,3931.7910489391875,2534.2964111265624,1862.9668508695436,4997.400665565706,2084.8362387707516,False,False,False,False,False,False,False,False,False,False,46.78402644818836,4.809495793959199,0.014313114273928645,5.642594144979822,1.4335519643529742,3931.7910489391875,2534.2964111265624,1862.9668508695436,4997.400665565706,2084.8362387707516
GEO_00747,422280.76126583235,7179382.663736105,volcanic,background,0.021432776306457613,0.0,0.0,0.8149937347940814,0.06956408506702241,51.43877236370631,0.0,0.02557018346022603,5.988795355680823,1.7591527603267212,6142.357679147478,4615.821265568972,2359.904560622481,2625.114020396746,1237.0724318699197,False,True,False,False,False,False,False,False,False,False,51.43877236370631,3.2114010789258556,0.02557018346022603,5.988795355680823,1.7591527603267212,6142.357679147478,4615.821265568972,2359.904560622481,2625.114020396746,1237.0724318699197
GEO_00748,396666.16143512196,7120004.239963637,volcanic,background,0.061025004298112,0.08934933253051265,0.017125318807950814,0.5262106859115229,0.11290782093380868,30.184112866316674,4.836404359316857,0.01267132858190268,6.275824151664833,1.5740913477483596,5076.5545108634105,,1796.8290009711632,2725.7483266609656,1617.0796295420753,False,False,False,False,False,False,False,False,False,False,30.184112866316674,4.836404359316857,0.01267132858190268,6.275824151664833,1.5740913477483596,5076.5545108634105,3031.218483435876,1796.8290009711632,2725.7483266609656,1617.0796295420753
GEO_00749,363557.2111700791,7130259.194108449,intrusive,background,0.0510246279825151,0.1251851244650957,0.032814571179392855,0.21515531709567456,0.6493267294219065,38.55584627865509,4.552147093022953,0.014981801916174665,7.2085130415561816,1.7131332450348224,,0.0,2090.2059630217873,2937.9823202429375,2601.1451461807496,False,False,False,False,False,False,True,False,False,False,38.55584627865509,4.552147093022953,0.014981801916174665,7.2085130415561816,1.7131332450348224,5415.908114529891,1681.9254155907804,2090.2059630217873,2937.9823202429375,2601.1451461807496
GEO_00750,426234.42951541475,7173109.483659188,intrusive,background,0.036480315736374995,0.08503260585248312,0.0071326172209262165,0.32655327902234205,0.601360388505356,40.73830255173705,4.326188692172886,0.012634604158616601,7.097189592412925,1.418149189012526,4436.242365795905,3023.9740273602283,0.0,4518.8447951647995,2332.182182868104,False,False,False,False,False,False,False,True,False,False,40.73830255173705,4.326188692172886,0.012634604158616601,7.097189592412925,1.418149189012526,4436.242365795905,3023.9740273602283,1316.0376897937053,4518.8447951647995,2332.182182868104
GEO_00751,363110.8229185933,7120714.179089267,intrusive,background,0.0,0.11066946167885326,0.06514631486788723,0.11182111048284299,0.8140693417632702,39.76006429199146,4.800488703528528,0.0,8.120349439295437,1.2968814687148775,0.0,2298.835925614272,1903.1915511764773,5024.357479395892,2835.720293441686,False,False,True,False,False,True,False,False,False,False,39.76006429199146,4.800488703528528,0.00942539383913142,8.120349439295437,1.2968814687148775,2573.907116618673,2298.835925614272,1903.1915511764773,5024.357479395892,2835.720293441686
GEO_00752,365641.71447634517,7111389.18421216,volcanic,background,0.0,0.0,0.060177687955736116,0.6380756833254565,0.0,45.18612928273141,4.431776214606817,0.0,6.135653792701251,1.4868461770855528,5401.540331642411,3313.462608140272,2045.2518735525164,3463.6737313698495,1180.7068356490681,False,False,True,False,False,False,False,False,False,False,45.18612928273141,4.431776214606817,0.008849193369630547,6.135653792701251,1.4868461770855528,5401.540331642411,3313.462608140272,2045.2518735525164,3463.6737313698495,1180.7068356490681
GEO_00753,398430.8137500907,7113864.299600281,volcanic,background,0.08593718965790297,0.10562152630464373,0.0,0.605933654482035,0.0,0.0,,0.011508319003009066,6.006006860628447,1.745178804333915,4347.615650493492,3237.3360049886187,1695.2007307654944,2523.9423134323156,1207.6878309110862,True,False,False,False,False,False,False,False,False,False,24.799539863696584,4.026915687091232,0.011508319003009066,6.006006860628447,1.745178804333915,4347.615650493492,3237.3360049886187,1695.2007307654944,2523.9423134323156,1207.6878309110862
GEO_00754,409021.6815315024,7114612.87101867,intrusive,background,0.0,0.10572370267290626,0.0,0.25866006628593885,0.9480440538551063,0.0,4.849534138309986,0.0,6.165847399597816,1.4906104747437525,4056.2734873325526,2801.4021895947217,2339.9454614035144,5704.056004563642,3437.5320583733587,True,False,True,False,False,False,False,False,False,False,28.538958381371256,4.849534138309986,0.010173709384681196,6.165847399597816,1.4906104747437525,4056.2734873325526,2801.4021895947217,2339.9454614035144,5704.056004563642,3437.5320583733587
GEO_00755,360562.37518465193,7117865.143170601,intrusive,background,0.22667060596307004,0.14833477452615007,0.07809010533919447,0.1763603476856259,0.6956076627212717,46.33948177369992,6.857622584477184,0.018684913845441933,6.894122392388963,1.9893384776326184,3601.981904752076,1943.7528273626142,1530.063716077684,4720.714877757977,1854.2974555831534,False,False,False,False,False,False,False,False,False,False,46.33948177369992,6.857622584477184,0.018684913845441933,6.894122392388963,1.9893384776326184,3601.981904752076,1943.7528273626142,1530.063716077684,4720.714877757977,1854.2974555831534
GEO_00756,381525.7128222343,7101033.892742931,sedimentary,background,0.0,0.06601609099698501,0.0,0.0,0.22754384563533325,39.031813676995995,0.0,0.011138430577343176,5.987823084487803,1.6063238022173179,3242.7872229462328,2255.2114168838384,4059.327516545146,3393.158777412217,1170.731338707991,False,True,False,False,False,False,False,False,False,False,39.031813676995995,3.114998054853508,0.011138430577343176,5.987823084487803,1.6063238022173179,3242.7872229462328,2255.2114168838384,4059.327516545146,3393.158777412217,1170.731338707991
GEO_00757,385895.2554977097,7103091.348410068,volcanic,background,0.018653926651087546,0.0,0.05155943646781041,0.7003029404838536,0.016053164291932327,41.76075220823211,3.5422030451212496,0.0,5.711961848106304,0.0,6601.958321758398,2766.1387615759572,,3068.6227015288237,1198.1652735114517,False,False,True,False,True,False,False,False,False,False,41.76075220823211,3.5422030451212496,0.010083606978770051,5.711961848106304,0.9523653991827549,6601.958321758398,2766.1387615759572,2255.396188769721,3068.6227015288237,1198.1652735114517
GEO_00758,386616.01220190275,7154058.800915935,sedimentary,halo,0.5167663372537702,0.1617439026102717,0.2740133620380838,0.012441817865008519,0.19010300695287333,75.59845918809698,7.420161943554035,0.020894296967515127,7.257858067013662,1.7105576977406007,3538.7391780738135,1714.2547820505317,3451.287816916003,0.0,1340.5853578818599,False,False,False,False,False,False,False,False,True,False,75.59845918809698,7.420161943554035,0.020894296967515127,7.257858067013662,1.7105576977406007,3538.7391780738135,1714.2547820505317,3451.287816916003,2476.321492971703,1340.5853578818599
GEO_00759,388323.115548806,7158205.972726474,sedimentary,background,0.39272496928507966,0.0,0.07278018408805842,0.10385310754386355,0.22874088954564892,63.28762565531836,6.779685187657968,0.016062452050832957,6.175051101766551,1.314072197674163,3469.838107298542,2394.302283118337,3531.5772702238146,3398.169335993281,1573.162160899351,False,False,False,False,False,False,False,False,False,False,63.28762565531836,6.779685187657968,0.016062452050832957,6.175051101766551,1.314072197674163,3469.838107298542,2394.302283118337,3531.5772702238146,3398.169335993281,1573.162160899351
GEO_00760,386151.08879395854,7158054.269574561,sedimentary,background,0.22527528475018216,0.0,0.058784269551251184,0.0,0.2411542998033701,67.28192584949846,5.541482084450605,0.016462371869282302,5.393671993676466,1.489416287352676,3307.0659473539995,1896.3675044348843,3378.7492388011383,3394.2973583566472,2186.053978681394,False,False,False,False,False,False,False,False,False,False,67.28192584949846,5.541482084450605,0.016462371869282302,5.393671993676466,1.489416287352676,3307.0659473539995,1896.3675044348843,3378.7492388011383,3394.2973583566472,2186.053978681394
GEO_00761,351399.879192148,7139744.483730687,intrusive,background,0.02191943461893403,0.0,0.0,0.22501486993711284,0.7462030100087497,30.18879092917051,,0.01199025109927139,5.650381815680113,1.953965638980321,4072.4973785188313,1773.156555617906,2318.794532089825,5086.527238443148,,False,False,False,False,False,False,False,False,False,False,30.18879092917051,5.1505984489613414,0.01199025109927139,5.650381815680113,1.953965638980321,4072.4973785188313,1773.156555617906,2318.794532089825,5086.527238443148,1799.172277301664
GEO_00762,424781.0962440382,7138460.11502715,volcanic,background,0.19716180858284824,0.014725506000439679,0.0,0.6341558910047719,0.14508512402356388,,4.015038964922609,0.013517857832196284,7.001460386156547,0.0,5165.02896785515,4060.995154383784,2043.9775593081804,3014.801568132027,1744.8401727208354,False,False,False,False,True,False,False,False,False,False,47.97553410034493,4.015038964922609,0.013517857832196284,7.001460386156547,1.1673127970742716,5165.02896785515,4060.995154383784,2043.9775593081804,3014.801568132027,1744.8401727208354
GEO_00763,396196.42315892817,7165731.414672487,sedimentary,halo,0.2814069607045518,0.2834258774200649,0.3810153034216275,0.10765740723315079,0.28658594353035804,64.01130659476135,6.490701881811433,0.02846061169810065,6.344607270679402,1.397579300774513,3891.720657231968,0.0,3050.266029800672,2776.6543255137863,1975.0522342426345,False,False,False,False,False,False,True,False,False,False,64.01130659476135,6.490701881811433,0.02846061169810065,6.344607270679402,1.397579300774513,3891.720657231968,1638.6467818956094,3050.266029800672,2776.6543255137863,1975.0522342426345
GEO_00764,406486.13855803374,7151960.914378584,volcanic,halo,0.46636422084397067,0.6327395243978899,0.49792310930967587,0.8109936425866713,0.0,84.36174820509905,5.6298306542751,0.044874273482148945,18.015972953360954,2.3856411258820787,6355.395646526108,3553.322782177667,2363.8798994921294,3330.608133793679,1472.1397518913839,False,False,False,False,False,False,False,False,False,False,84.36174820509905,5.6298306542751,0.044874273482148945,18.015972953360954,2.3856411258820787,6355.395646526108,3553.322782177667,2363.8798994921294,3330.608133793679,1472.1397518913839
GEO_00765,403024.09878935566,7161186.2896607695,volcanic,anomalous,0.7067216965570454,0.7456194318439728,0.4695165886596468,0.6117852567559761,0.1381611576067111,100.34159822767008,8.881459705983662,0.04770182796138835,13.682664875779944,3.1282426796837965,5092.721226527032,3198.3232912755325,1950.2922828101177,3300.836683972404,,False,False,False,False,False,False,False,False,False,False,100.34159822767008,8.881459705983662,0.04770182796138835,13.682664875779944,3.1282426796837965,5092.721226527032,3198.3232912755325,1950.2922828101177,3300.836683972404,1166.9530158703737
GEO_00766,426542.8303312586,7171735.456155232,volcanic,background,0.051870868668105294,0.035599681843614034,0.07768631285869539,0.4797835807360449,0.005169690490016473,0.0,5.2659853389839,0.012811306183757032,5.079362817472425,1.5410756209071188,7274.882331750105,3554.4584810292286,1671.3924164677267,2658.6522600925605,0.0,True,False,False,False,False,False,False,False,False,True,28.552555413715247,5.2659853389839,0.012811306183757032,5.079362817472425,1.5410756209071188,7274.882331750105,3554.4584810292286,1671.3924164677267,2658.6522600925605,992.5647353147267
GEO_00767,394295.3951973688,7145240.209815541,intrusive,anomalous,0.9479509586603752,0.18778293322486803,0.4493751752252805,0.43355184503565103,0.7244942289979275,109.24884816919315,15.102219560757971,0.044160141821972546,7.773706752972587,1.2964114596124992,3505.4472773421135,2872.7731394122607,1964.939412878494,4357.146497277588,2473.7499966135033,False,False,False,False,False,False,False,False,False,False,109.24884816919315,15.102219560757971,0.044160141821972546,7.773706752972587,1.2964114596124992,3505.4472773421135,2872.7731394122607,1964.939412878494,4357.146497277588,2473.7499966135033
GEO_00768,378211.0775724371,7176885.404673627,volcanic,background,0.0,0.03088932038606353,0.010187990057912403,0.5068282851357392,0.0,46.760440266528384,3.5045316570522314,0.012060090872120375,6.404343129309911,1.8445287579722618,4872.504102973765,2851.3781400574458,2244.9978454148227,2991.1657651661803,0.0,False,False,False,False,False,False,False,False,False,True,46.760440266528384,3.5045316570522314,0.012060090872120375,6.404343129309911,1.8445287579722618,4872.504102973765,2851.3781400574458,2244.9978454148227,2991.1657651661803,1126.846086873748
GEO_00769,410227.00916275056,7144613.332274289,intrusive,background,0.3591843485687083,0.2424323644827664,0.20315306668879995,0.06799119575642068,0.8200143680917312,55.88158404682354,6.376849194090244,0.01696462806668077,5.986346708153387,1.5324839003841793,,2411.3531560340484,2252.992659552354,2910.2419873688464,2629.5948486597204,False,False,False,False,False,False,False,False,False,False,55.88158404682354,6.376849194090244,0.01696462806668077,5.986346708153387,1.5324839003841793,3643.498675187185,2411.3531560340484,2252.992659552354,2910.2419873688464,2629.5948486597204
GEO_00770,364559.39151760726,7167747.29191068,volcanic,background,0.12027855058318698,0.0,0.1622283331170976,0.6366522680610968,0.0,39.555229067559004,4.302327871738949,0.013972745224516232,4.885796662472541,0.0,5925.801598193094,,2302.062103780006,3221.917880788314,1299.843435545143,False,False,False,False,True,False,False,False,False,False,39.555229067559004,4.302327871738949,0.013972745224516232,4.885796662472541,0.8462963209985244,5925.801598193094,3130.364207976342,2302.062103780006,3221.917880788314,1299.843435545143
GEO_00771,397545.1965513822,7150777.28812517,intrusive,halo,0.804112284002783,0.24539479547873522,0.4987689111410309,0.4294408622743545,0.661110272720587,122.58618716504961,10.097104802371117,0.032757251021283885,7.133043201590435,1.8573487559364543,5633.29844073063,2461.20433472862,1986.385898707731,5764.263740404486,2196.633416330011,False,False,False,False,False,False,False,False,False,False,122.58618716504961,10.097104802371117,0.032757251021283885,7.133043201590435,1.8573487559364543,5633.29844073063,2461.20433472862,1986.385898707731,5764.263740404486,2196.633416330011
GEO_00772,409098.1292816699,7176537.556606355,volcanic,background,0.022413427664850473,0.1364739807258794,0.0,0.8018341175041814,0.0,0.0,4.879294827425955,0.018327402779934453,6.775651562529131,1.7082531587533512,6696.730171269183,3463.465388590254,2479.112604281189,2864.8805497880558,0.0,True,False,False,False,False,False,False,False,False,True,27.59289224781661,4.879294827425955,0.018327402779934453,6.775651562529131,1.7082531587533512,6696.730171269183,3463.465388590254,2479.112604281189,2864.8805497880558,897.6848820910575
GEO_00773,395546.3999230934,7149590.436869627,volcanic,anomalous,0.9360008088407364,0.331597816036982,0.5684335754613999,0.6660796016607625,0.10714434082863396,124.28359341405582,11.587068389623173,0.05208542913432908,9.074654892075232,1.7261092380131702,6332.179267879968,3226.0240879897415,1871.465571886648,3919.1715825551532,1704.787088261307,False,False,False,False,False,False,False,False,False,False,124.28359341405582,11.587068389623173,0.05208542913432908,9.074654892075232,1.7261092380131702,6332.179267879968,3226.0240879897415,1871.465571886648,3919.1715825551532,1704.787088261307
GEO_00774,417288.59644740337,7115892.963753313,intrusive,background,0.06452502539344515,0.0,0.0,0.310317730645726,0.7082464263376096,31.305921164087895,4.666247086219331,0.013829409625355216,0.0,0.0,4183.532287217765,2282.686749638853,1609.3360512828212,4025.7030884806845,1778.0806270997027,False,False,False,True,True,False,False,False,False,False,31.305921164087895,4.666247086219331,0.013829409625355216,4.22961818781886,1.0151654045473588,4183.532287217765,2282.686749638853,1609.3360512828212,4025.7030884806845,1778.0806270997027
GEO_00775,361471.83675802883,7149470.9567666575,intrusive,background,0.0,0.10747263547370695,0.021893637065974334,0.22386539529924,0.7010656379231412,46.1765556870225,4.404811956183787,0.013520699123674101,5.612529786277187,1.664369983013252,0.0,2071.666532663536,2006.863631314574,3903.257239876426,2253.640028916619,False,False,False,False,False,True,False,False,False,False,46.1765556870225,4.404811956183787,0.013520699123674101,5.612529786277187,1.664369983013252,2623.4067485781497,2071.666532663536,2006.863631314574,3903.257239876426,2253.640028916619
GEO_00776,415159.91930230975,7119283.737151861,intrusive,background,0.020866641445608486,0.11134672873634263,0.027527400017936902,0.3515095566494314,0.9975747904765935,0.0,4.342038917610651,0.013192075373412505,6.970204127239336,1.4998404661709952,3984.1316805237434,3251.557324102363,1638.972501299252,4616.336488422733,2738.2181581478526,True,False,False,False,False,False,False,False,False,False,23.518861938134417,4.342038917610651,0.013192075373412505,6.970204127239336,1.4998404661709952,3984.1316805237434,3251.557324102363,1638.972501299252,4616.336488422733,2738.2181581478526
GEO_00777,425407.28705863614,7167275.0109345745,volcanic,background,0.20300371472911644,0.0,0.024305893924643027,0.6473620542022313,0.0266573794046589,44.84050394850877,5.079424904346586,0.011775157992716192,6.054715062639931,1.4677704773785518,4279.431698360495,3528.769595660361,1749.1044141954746,3838.505952222033,1839.6540182024194,False,False,False,False,False,False,False,False,False,False,44.84050394850877,5.079424904346586,0.011775157992716192,6.054715062639931,1.4677704773785518,4279.431698360495,3528.769595660361,1749.1044141954746,3838.505952222033,1839.6540182024194
GEO_00778,417977.9227711414,7179812.612787691,volcanic,background,0.19348794258970334,0.0,0.0,0.8493458581051521,0.058832812669711146,33.770902591764084,0.0,0.011488971864657853,5.139143123995078,1.3163621217320765,5601.812300815501,4777.967374443957,2240.582709871597,3391.7013876072606,0.0,False,True,False,False,False,False,False,False,False,True,33.770902591764084,3.1824332601827625,0.011488971864657853,5.139143123995078,1.3163621217320765,5601.812300815501,4777.967374443957,2240.582709871597,3391.7013876072606,1001.13945223383
GEO_00779,380447.64911737305,7165762.59813127,sedimentary,background,0.0,0.0,0.016136662644810326,0.04873478103346482,0.20606416918215528,35.60853318314046,3.5484849943873895,0.011223225649848843,5.403559236893563,1.6668946433749525,0.0,2273.2473280368717,2468.3732124483195,3574.4759069491333,1555.4255465875774,False,False,False,False,False,True,False,False,False,False,35.60853318314046,3.5484849943873895,0.011223225649848843,5.403559236893563,1.6668946433749525,2946.7448468678995,2273.2473280368717,2468.3732124483195,3574.4759069491333,1555.4255465875774
GEO_00780,362242.82950774155,7139225.301697879,intrusive,background,0.27404736404894753,0.0,0.2022318383052932,0.1845831619483158,0.7400354008018348,64.60785524548567,5.704539400268032,0.015709258852999886,4.947772564164927,1.3956406008810294,4307.086261754467,2215.8813013146205,1777.2421059785504,4630.495812971381,2016.2268443813082,False,False,False,False,False,False,False,False,False,False,64.60785524548567,5.704539400268032,0.015709258852999886,4.947772564164927,1.3956406008810294,4307.086261754467,2215.8813013146205,1777.2421059785504,4630.495812971381,2016.2268443813082
GEO_00781,397712.8863270317,7135018.754364199,intrusive,halo,0.5003232110065928,0.006965187149920754,0.3034540706244502,0.06993105363519417,0.644348224565982,69.16123473102013,9.044686663773529,0.02120945681313697,6.352566032390661,0.0,3313.395280415822,0.0,1652.4189839042456,4061.6787543751493,2529.9724042553175,False,False,False,False,True,False,True,False,False,False,69.16123473102013,9.044686663773529,0.02120945681313697,6.352566032390661,0.9991782838110446,3313.395280415822,1617.71449531149,1652.4189839042456,4061.6787543751493,2529.9724042553175
GEO_00782,370790.4959675043,7168955.616569246,intrusive,background,0.11608619237552298,0.0,0.05211950443615233,0.354923729101824,0.8146813965144388,35.59100374861379,4.43721770261585,0.014699365288303281,5.1615227276802536,0.0,4770.396970098999,2162.135946604781,1952.6715980779918,5549.42527132684,2735.94350483991,False,False,False,False,True,False,False,False,False,False,35.59100374861379,4.43721770261585,0.014699365288303281,5.1615227276802536,0.9842927327745759,4770.396970098999,2162.135946604781,1952.6715980779918,5549.42527132684,2735.94350483991
GEO_00783,406105.4419946449,7109835.814436542,sedimentary,background,0.0,0.08779132666972363,0.0,0.042751226670529184,0.22181853283165043,0.0,3.6601002319679585,0.0,7.380891254624753,1.6788004212784406,3810.1288091261363,2298.9714040191334,4244.432881461504,3109.8408753325457,1747.2913174441576,True,False,True,False,False,False,False,False,False,False,29.19407959601595,3.6601002319679585,0.010246679111051026,7.380891254624753,1.6788004212784406,3810.1288091261363,2298.9714040191334,4244.432881461504,3109.8408753325457,1747.2913174441576
GEO_00784,375250.8549052378,7155536.6170363305,intrusive,background,0.10411809955967793,0.0,0.0,0.1441293317143007,0.6599617036629957,49.53428582504089,4.470532890710375,0.015231678278884768,5.99671856859843,0.0,3872.115337631207,1747.860234752904,2072.296491580866,3666.372674535156,2149.9967288335693,False,False,False,False,True,False,False,False,False,False,49.53428582504089,4.470532890710375,0.015231678278884768,5.99671856859843,1.1302965163944434,3872.115337631207,1747.860234752904,2072.296491580866,3666.372674535156,2149.9967288335693
GEO_00785,407543.7824208782,7117325.821744717,volcanic,background,0.0,0.019326726612310538,0.08845860629137842,0.6002180206368343,0.0,32.58627087651088,5.097283291793003,0.012681458491080742,5.847934959478186,1.8616299598262465,4679.710387952216,3601.51946994086,,3139.937226434879,1585.3487862563775,False,False,False,False,False,False,False,False,False,False,32.58627087651088,5.097283291793003,0.012681458491080742,5.847934959478186,1.8616299598262465,4679.710387952216,3601.51946994086,2206.817689630346,3139.937226434879,1585.3487862563775
GEO_00786,381228.7988969137,7109533.22125696,volcanic,background,0.07863600346418788,0.10496316866915056,0.024790352211009555,0.6410563078299806,0.17147581575457035,32.41906516765363,5.604463070943423,0.014463165053591697,6.990327241575578,1.6446350371000074,,5465.32240374486,2080.4277004818055,2838.5914503419385,1439.867300659532,False,False,False,False,False,False,False,False,False,False,32.41906516765363,5.604463070943423,0.014463165053591697,6.990327241575578,1.6446350371000074,5668.660690333541,5465.32240374486,2080.4277004818055,2838.5914503419385,1439.867300659532
GEO_00787,388047.22584015375,7171115.228047144,intrusive,background,0.0906988228375972,0.0,0.14732005834050327,0.20517569709939826,0.7723676947553978,0.0,5.217568613731303,0.011310488492135623,5.561024648757725,1.204465980528558,4835.141739182713,3352.752883395732,1628.6426885532128,5496.6042001703045,2771.725445778417,True,False,False,False,False,False,False,False,False,False,23.748390082506795,5.217568613731303,0.011310488492135623,5.561024648757725,1.204465980528558,4835.141739182713,3352.752883395732,1628.6426885532128,5496.6042001703045,2771.725445778417
GEO_00788,422859.9697506221,7110134.781883896,volcanic,background,0.05397493653279771,0.04424890085254444,0.09242794963453489,0.6718066785976089,0.0,41.838701191738686,4.100133432666919,0.014483960372373053,7.405023020823205,1.337358369996311,3587.9031815397793,3642.7800713836664,1905.8551635420731,3841.9078264798,1254.1216860318314,False,False,False,False,False,False,False,False,False,False,41.838701191738686,4.100133432666919,0.014483960372373053,7.405023020823205,1.337358369996311,3587.9031815397793,3642.7800713836664,1905.8551635420731,3841.9078264798,1254.1216860318314
GEO_00789,381847.76539676235,7125143.178832913,sedimentary,background,0.16713258534035988,0.01004451028763402,0.11149678754020004,0.0,0.12958323022624718,45.02512882932493,0.0,0.014212861150531777,5.912003228816473,1.754494625981347,4072.2015003470756,2220.882683705805,3762.350078692825,0.0,1805.583659636247,False,True,False,False,False,False,False,False,True,False,45.02512882932493,2.9960217463479584,0.014212861150531777,5.912003228816473,1.754494625981347,4072.2015003470756,2220.882683705805,3762.350078692825,2318.0768896039194,1805.583659636247
GEO_00790,354214.5153818638,7137061.446112837,intrusive,background,0.008433921316349527,0.0,0.0,0.2389843134999905,0.6854001251431994,35.30353569557317,4.508303580367157,0.012429143174936907,5.069174736444905,1.322236261745721,4298.457789344228,2607.4097851516385,2396.70552640551,4666.418162011018,2503.114751422887,False,False,False,False,False,False,False,False,False,False,35.30353569557317,4.508303580367157,0.012429143174936907,5.069174736444905,1.322236261745721,4298.457789344228,2607.4097851516385,2396.70552640551,4666.418162011018,2503.114751422887
GEO_00791,426954.68598656025,7119708.237659439,intrusive,background,0.11999273575659553,0.10813590007378653,0.1645349942694283,0.1826059583576311,0.7982627874761111,35.96645097514357,6.994762268490064,0.017643534830807734,7.640406875550414,1.2531006049847875,4786.373193958084,1888.0767348713837,1783.2329134737831,4180.757956421205,2069.841166649852,False,False,False,False,False,False,False,False,False,False,35.96645097514357,6.994762268490064,0.017643534830807734,7.640406875550414,1.2531006049847875,4786.373193958084,1888.0767348713837,1783.2329134737831,4180.757956421205,2069.841166649852
GEO_00792,363205.753006402,7166512.039761499,sedimentary,background,0.006213112301336067,0.12922608268496852,0.01865584018420085,0.19251926868402552,0.2805498364651321,35.742242507315254,5.409453901800483,0.011296206763839394,7.775982669360147,1.5745624122133914,3980.5933407169114,2458.667857104232,3981.5141493173596,3092.454615056145,1344.2656256594528,False,False,False,False,False,False,False,False,False,False,35.742242507315254,5.409453901800483,0.011296206763839394,7.775982669360147,1.5745624122133914,3980.5933407169114,2458.667857104232,3981.5141493173596,3092.454615056145,1344.2656256594528
GEO_00793,373342.4409488354,7179165.422779086,intrusive,background,0.02482308179667007,0.14817287884289113,0.18365817267353307,0.21146915703798325,0.7641220979180272,32.57436862012622,0.0,0.0,5.961980268169248,1.64115089995216,4128.558192878656,2146.483662942755,1637.749811346608,3893.570319998801,2376.543150810591,False,True,True,False,False,False,False,False,False,False,32.57436862012622,2.6445293721057013,0.007552880623025176,5.961980268169248,1.64115089995216,4128.558192878656,2146.483662942755,1637.749811346608,3893.570319998801,2376.543150810591
GEO_00794,411206.8834794278,7102990.760547852,volcanic,background,0.0,0.21592116963368527,0.06917075190507813,0.6242509547008908,0.0860574050020222,33.48398909902517,3.5468169704875665,0.013615467716807769,8.32769088608744,1.3604061231951061,4019.679238872425,4041.271924711407,1677.9732842996982,2751.3108163174998,1559.2192386495155,False,False,False,False,False,False,False,False,False,False,33.48398909902517,3.5468169704875665,0.013615467716807769,8.32769088608744,1.3604061231951061,4019.679238872425,4041.271924711407,1677.9732842996982,2751.3108163174998,1559.2192386495155
GEO_00795,350040.9950089502,7171743.526503564,intrusive,background,0.0,0.0,0.0867264062729148,0.2929302156194169,0.6605492191489732,32.39989601647952,5.068152984863265,0.011077811612160912,6.380931971786384,1.4057771766648879,4892.012624700989,2312.9906063002927,1731.8573870845055,4480.161103387731,1870.8602979003376,False,False,False,False,False,False,False,False,False,False,32.39989601647952,5.068152984863265,0.011077811612160912,6.380931971786384,1.4057771766648879,4892.012624700989,2312.9906063002927,1731.8573870845055,4480.161103387731,1870.8602979003376
GEO_00796,410639.89620919,7134027.800422169,intrusive,background,0.09322943662498624,0.0,0.15388325173642117,0.15228207971985092,0.7028732037207003,49.26368743410804,4.651778326939317,0.011549989411699792,7.522439273058681,1.2239707418474968,3664.0347218343613,2498.308835730655,1807.8443223903712,4421.568341767186,2415.911944696474,False,False,False,False,False,False,False,False,False,False,49.26368743410804,4.651778326939317,0.011549989411699792,7.522439273058681,1.2239707418474968,3664.0347218343613,2498.308835730655,1807.8443223903712,4421.568341767186,2415.911944696474
GEO_00797,389362.0027624516,7151122.179208183,sedimentary,halo,0.7897175868361906,0.13446939435647237,0.5214720392287739,0.03268619095757988,0.2290396333853633,123.5175845217214,8.9987929484816,0.03435381363117268,6.35936214981498,1.6345842641678003,4011.545602627714,2633.424585617055,3070.7546845427487,5329.96123633766,1501.724979089332,False,False,False,False,False,False,False,False,False,False,123.5175845217214,8.9987929484816,0.03435381363117268,6.35936214981498,1.6345842641678003,4011.545602627714,2633.424585617055,3070.7546845427487,5329.96123633766,1501.724979089332
GEO_00798,403555.2810232416,7137427.259027126,volcanic,halo,0.5346173774167654,0.10129654391121516,0.277384485886013,0.7031461832531932,0.1103293150896709,78.75653318668395,7.414778352662038,0.023401920240469033,7.304539223428184,1.2184955067109369,4709.686418871138,3342.4327183940873,2179.0446679405027,2708.312666028506,1623.6656950381312,False,False,False,False,False,False,False,False,False,False,78.75653318668395,7.414778352662038,0.023401920240469033,7.304539223428184,1.2184955067109369,4709.686418871138,3342.4327183940873,2179.0446679405027,2708.312666028506,1623.6656950381312
GEO_00799,376900.77102709614,7134249.464145834,intrusive,background,0.25766528849021625,0.1975925314635711,0.3477576877657287,0.3415128863130321,0.6964713175653275,66.50944757643524,5.9293856018532525,0.01936766219454815,6.74393846891443,2.5518711176211677,4951.84992215979,2694.889152558376,2029.6928114691777,4211.524064101356,2439.290444100798,False,False,False,False,False,False,False,False,False,False,66.50944757643524,5.9293856018532525,0.01936766219454815,6.74393846891443,2.5518711176211677,4951.84992215979,2694.889152558376,2029.6928114691777,4211.524064101356,2439.290444100798
GEO_00800,374256.98486834066,7135160.162232146,intrusive,background,0.34643742016974266,0.06052914276277509,0.054698376497933354,0.14377880653601166,0.8395799330229272,56.10372556978325,5.4632383254693595,0.019107954189848047,6.678618788956151,1.379631450145432,3319.9342418867977,2125.3293589812165,1580.6920379891023,6714.428744631777,3206.0554899916406,False,False,False,False,False,False,False,False,False,False,56.10372556978325,5.4632383254693595,0.019107954189848047,6.678618788956151,1.379631450145432,3319.9342418867977,2125.3293589812165,1580.6920379891023,6714.428744631777,3206.0554899916406
GEO_00801,426419.78163098753,7160974.731412969,sedimentary,background,0.123495172824714,0.0,0.0,0.0,0.08553270643364184,41.07543654270556,4.178287828973875,0.015321171649088585,6.299985797719578,1.9147559894786843,0.0,2259.4282452008692,2752.440239939888,4572.7887498086975,0.0,False,False,False,False,False,True,False,False,False,True,41.07543654270556,4.178287828973875,0.015321171649088585,6.299985797719578,1.9147559894786843,2664.8730741895347,2259.4282452008692,2752.440239939888,4572.7887498086975,1028.5013579747285
GEO_00802,421552.3660044614,7117523.943450285,intrusive,background,0.0012315902656439438,0.14202500447800573,0.042089862388601795,0.35585689924985875,0.8552924787773757,0.0,3.7610694780961933,0.011961987380760378,6.329890234253249,1.9104044572717012,4510.645276196116,2707.8019097054257,2081.8271561711063,3713.170381709154,3224.8509866949466,True,False,False,False,False,False,False,False,False,False,28.18723527549529,3.7610694780961933,0.011961987380760378,6.329890234253249,1.9104044572717012,4510.645276196116,2707.8019097054257,2081.8271561711063,3713.170381709154,3224.8509866949466
GEO_00803,401113.7297207675,7176980.6353567885,volcanic,background,0.05069169764271091,0.0733252643739524,0.0,0.671530498273099,0.1238220561456058,0.0,4.521287975039196,0.014145112616598414,4.998889449365072,1.7960190455625373,6136.918539892851,3622.839882011519,2192.069467541804,3407.665076087763,1680.1302309124171,True,False,False,False,False,False,False,False,False,False,28.92551423163163,4.521287975039196,0.014145112616598414,4.998889449365072,1.7960190455625373,6136.918539892851,3622.839882011519,2192.069467541804,3407.665076087763,1680.1302309124171
GEO_00804,377897.0450325644,7164078.792353546,sedimentary,background,0.08241927981714678,0.05400757235776389,0.14218924322804372,0.16196107915343358,0.1620645740232847,48.161928708339985,0.0,0.018071753773674648,6.4901675090706,1.5886244422485805,3876.6503974273314,2147.1384374226336,4041.265458172675,2846.0055964383014,1263.2842717576234,False,True,False,False,False,False,False,False,False,False,48.161928708339985,2.924820250831852,0.018071753773674648,6.4901675090706,1.5886244422485805,3876.6503974273314,2147.1384374226336,4041.265458172675,2846.0055964383014,1263.2842717576234
GEO_00805,357997.6179903256,7112368.415057041,intrusive,background,0.0,0.0,0.0036498378259439616,0.3122421261471761,0.7792744038410441,38.4840970856012,4.572939981536331,0.010553873739635712,7.679148151499255,1.4468335305604276,4860.658473649776,2567.4222169861864,2003.854314546318,4111.1909352787525,3173.6082337545913,False,False,False,False,False,False,False,False,False,False,38.4840970856012,4.572939981536331,0.010553873739635712,7.679148151499255,1.4468335305604276,4860.658473649776,2567.4222169861864,2003.854314546318,4111.1909352787525,3173.6082337545913
GEO_00806,355301.9524538247,7101327.713251931,volcanic,background,0.09515319043890014,0.06280862256940345,0.11189370443015371,0.6448614185608904,0.06932509339760373,30.373204072911612,3.8381174781491163,0.0,5.8362036248611675,1.5374250865504986,5714.000121641641,3726.2473383442184,1902.8091005075044,3442.207726596536,1288.3031652725726,False,False,True,False,False,False,False,False,False,False,30.373204072911612,3.8381174781491163,0.009458340299995876,5.8362036248611675,1.5374250865504986,5714.000121641641,3726.2473383442184,1902.8091005075044,3442.207726596536,1288.3031652725726
GEO_00807,371896.84797047323,7126532.26037422,sedimentary,background,0.06092065493618273,0.06578423013430558,0.054971093365222684,0.02452744010043513,0.1269195457953013,32.08411406944025,4.064645852836065,0.014942196764379261,0.0,1.2675668406300702,3284.5521546844675,2230.0706214231195,3285.5526764817414,3431.859460403158,1876.0135947101573,False,False,False,True,False,False,False,False,False,False,32.08411406944025,4.064645852836065,0.014942196764379261,4.2905791683578105,1.2675668406300702,3284.5521546844675,2230.0706214231195,3285.5526764817414,3431.859460403158,1876.0135947101573
GEO_00808,408791.64067197806,7117777.110181851,sedimentary,background,0.0,0.0,0.0,0.0,0.15452927395265503,35.696700792519906,3.901103920936119,0.0,0.0,1.2894788236071832,4909.753476668155,0.0,,2770.5681460455985,1651.5040132646723,False,False,True,True,False,False,True,False,False,False,35.696700792519906,3.901103920936119,0.009845059137023634,4.3101787757556895,1.2894788236071832,4909.753476668155,1675.7409734562368,3485.2584703121115,2770.5681460455985,1651.5040132646723
GEO_00809,370669.92598613625,7109409.615429417,intrusive,background,0.07411608391997025,0.0,0.0,0.14348522513611645,0.7012670200266036,44.57798556152967,3.7347510336279277,0.012179015851047529,5.325534982592369,1.256341939426749,3353.2994916941943,2389.8981918356108,1994.9273678452312,5824.464859095949,2033.7041250516565,False,False,False,False,False,False,False,False,False,False,44.57798556152967,3.7347510336279277,0.012179015851047529,5.325534982592369,1.256341939426749,3353.2994916941943,2389.8981918356108,1994.9273678452312,5824.464859095949,2033.7041250516565
GEO_00810,370652.9024973747,7159615.2782121245,sedimentary,background,0.0,0.0,0.10374879899955389,0.0,0.24999631211800374,34.90754296952865,0.0,0.0,8.097812588496557,1.6790036228762901,3610.730955328138,1952.7621113013943,3594.660506853639,4553.150975112941,2015.860993196328,False,True,True,False,False,False,False,False,False,False,34.90754296952865,3.420226798700128,0.010208586019534633,8.097812588496557,1.6790036228762901,3610.730955328138,1952.7621113013943,3594.660506853639,4553.150975112941,2015.860993196328
GEO_00811,392204.8910609839,7107032.527870871,intrusive,background,0.0,0.038449653594824294,0.0,0.2534823931174984,0.8374021001115682,33.441122752957405,3.558890511323693,0.010938555811125211,7.822739232055578,1.2202618672229315,4089.3186768097944,1749.1942415873687,2100.7500821189783,4872.7142740309255,3481.050551973358,False,False,False,False,False,False,False,False,False,False,33.441122752957405,3.558890511323693,0.010938555811125211,7.822739232055578,1.2202618672229315,4089.3186768097944,1749.1942415873687,2100.7500821189783,4872.7142740309255,3481.050551973358
GEO_00812,411536.0339585386,7126165.580639554,intrusive,background,0.0,0.15411044922401618,0.0,0.07486472208829933,0.6539443127765943,0.0,3.5005253840218775,0.01057940062976595,7.68811821657148,1.620556539925821,3047.5153934871646,2353.2853401519774,0.0,5418.144755380408,2601.573714229491,True,False,False,False,False,False,False,True,False,False,23.557251917576625,3.5005253840218775,0.01057940062976595,7.68811821657148,1.620556539925821,3047.5153934871646,2353.2853401519774,1081.0231023689366,5418.144755380408,2601.573714229491
GEO_00813,428522.7080220655,7122993.784893638,volcanic,background,0.0,0.11518203928576287,0.0029951223101716694,0.7679615774496177,0.0,0.0,0.0,0.0,6.580439825293226,1.6666642011933563,4960.66711591205,4692.753143688484,1986.1280833343367,3376.3431799697987,1466.4297242990929,True,True,True,False,False,False,False,False,False,False,25.275533621074313,3.1656051898332884,0.009326428150645386,6.580439825293226,1.6666642011933563,4960.66711591205,4692.753143688484,1986.1280833343367,3376.3431799697987,1466.4297242990929
GEO_00814,426825.3268828304,7162228.155204021,volcanic,background,0.05078814053899137,0.13369243616988905,0.05016477706184501,0.7430078724099023,0.060277596115514476,38.34507535329303,4.279417796139228,0.012681496882054862,5.7155120900815,1.2912644610304316,5484.939138423986,,2860.2476949250904,3256.378180391788,1375.2183355206596,False,False,False,False,False,False,False,False,False,False,38.34507535329303,4.279417796139228,0.012681496882054862,5.7155120900815,1.2912644610304316,5484.939138423986,3967.1922758794744,2860.2476949250904,3256.378180391788,1375.2183355206596
GEO_00815,395594.55664163444,7174412.34118766,intrusive,background,0.022309536423218444,0.24864083518825386,0.1474619034198674,0.345400207085768,0.6819158661853344,34.559617160904864,4.329504365402351,0.011334876651907582,6.43442372345732,1.9040221092764098,5598.88013951416,3330.4129427958273,2172.7161128872417,3959.4112432176994,2825.733264593854,False,False,False,False,False,False,False,False,False,False,34.559617160904864,4.329504365402351,0.011334876651907582,6.43442372345732,1.9040221092764098,5598.88013951416,3330.4129427958273,2172.7161128872417,3959.4112432176994,2825.733264593854
GEO_00816,401671.96612519573,7140040.69382024,intrusive,halo,0.6011609096286674,0.21964109314694058,0.4267345547385584,0.09842117624616958,0.7263974388557278,89.05611081598137,8.214927881436314,0.03454996117981768,7.897702542895955,2.192309502206567,4147.101495223852,2185.576963199548,1897.4165306738735,4558.402485189634,2494.8349485270583,False,False,False,False,False,False,False,False,False,False,89.05611081598137,8.214927881436314,0.03454996117981768,7.897702542895955,2.192309502206567,4147.101495223852,2185.576963199548,1897.4165306738735,4558.402485189634,2494.8349485270583
GEO_00817,376687.03818393266,7131247.903628157,sedimentary,background,0.0,0.1791910537258816,0.19158343527135646,0.04964656908302752,0.27802945850866506,37.489820705291926,4.969351973227964,0.013430120876605356,6.2877936570142765,0.0,4589.567882750294,2869.597974857551,2902.1684551091253,3760.4546193756855,2410.615541863566,False,False,False,False,True,False,False,False,False,False,37.489820705291926,4.969351973227964,0.013430120876605356,6.2877936570142765,1.1532064345946595,4589.567882750294,2869.597974857551,2902.1684551091253,3760.4546193756855,2410.615541863566
GEO_00818,361923.08686950227,7125981.52612274,sedimentary,background,0.0426855952809942,0.10188215186286634,0.004990848361029617,0.0,0.2013955377489707,32.27941208691387,3.800909393677659,0.01519419289437554,5.629226990842963,1.2372222956897043,3547.9042816143633,0.0,2897.515779213034,3823.892721460712,1464.3814023162672,False,False,False,False,False,False,True,False,False,False,32.27941208691387,3.800909393677659,0.01519419289437554,5.629226990842963,1.2372222956897043,3547.9042816143633,1139.0580755918797,2897.515779213034,3823.892721460712,1464.3814023162672
GEO_00819,400330.21554295806,7141513.308445348,sedimentary,halo,0.7234642338883613,0.23791735786520624,0.6009501719825053,0.0,0.30164171830349656,95.97919511451168,8.892955362330554,0.02591733497065304,7.259298722771814,1.6812113320983075,3289.9171473023293,2114.4899613122348,3375.0754351586593,3913.341106988013,1695.6798083536703,False,False,False,False,False,False,False,False,False,False,95.97919511451168,8.892955362330554,0.02591733497065304,7.259298722771814,1.6812113320983075,3289.9171473023293,2114.4899613122348,3375.0754351586593,3913.341106988013,1695.6798083536703
GEO_00820,362289.4876999734,7124679.19763595,sedimentary,background,0.032038585200935235,0.0,0.19327646018719716,0.09640275672454467,0.2063277048029265,49.27011673477535,3.936407322986783,0.0,6.830701749784514,0.0,5282.2936711680395,3171.9517988620337,2891.1061006949285,2589.5529031310703,1723.0085287338775,False,False,True,False,True,False,False,False,False,False,49.27011673477535,3.936407322986783,0.010458426750257615,6.830701749784514,1.1322657676014642,5282.2936711680395,3171.9517988620337,2891.1061006949285,2589.5529031310703,1723.0085287338775
GEO_00821,421207.84563275747,7156930.064270834,intrusive,background,0.12346616575151484,0.0,0.017301542828981963,0.24934307144255743,0.7351614338386814,44.547080573061194,5.518277903132909,0.0,0.0,0.0,4490.016509876263,2063.5477205331513,0.0,4682.785844480624,2648.0551445818346,False,False,True,True,True,False,False,True,False,False,44.547080573061194,5.518277903132909,0.01048902849873176,4.314866662068205,0.9142704397104352,4490.016509876263,2063.5477205331513,1269.5734691753464,4682.785844480624,2648.0551445818346
GEO_00822,361805.6705218769,7103785.112607386,sedimentary,background,0.09579570475662331,0.05217043916928908,0.03564372991570721,0.050183887094524496,0.12314288446244476,39.7725875406363,3.770052368868655,0.014401636322225877,0.0,1.4670379324755483,4183.590180348901,1961.930384689996,2986.335650237214,2861.190515477379,1883.006510897351,False,False,False,True,False,False,False,False,False,False,39.7725875406363,3.770052368868655,0.014401636322225877,3.7504708751988205,1.4670379324755483,4183.590180348901,1961.930384689996,2986.335650237214,2861.190515477379,1883.006510897351
GEO_00823,403436.9302938804,7170423.2856593,intrusive,background,0.16416641141814842,0.09590218332523928,0.12720632323108713,0.33187030291744596,0.5238818725656699,36.77581402154046,0.0,0.014362813464500648,0.0,1.4293679620770776,3995.8011466129433,2487.14105886739,1515.7080982624773,4384.117045986925,2238.4805505779173,False,True,False,True,False,False,False,False,False,False,36.77581402154046,3.219925718299463,0.014362813464500648,4.7424543220287045,1.4293679620770776,3995.8011466129433,2487.14105886739,1515.7080982624773,4384.117045986925,2238.4805505779173
GEO_00824,354317.46794655285,7165535.94706035,intrusive,background,0.08471152825060431,0.0,0.041925271836164714,0.3555543035017632,0.7079355488819026,38.86298342157434,4.88776129757766,0.012733652667635504,5.058615085467278,1.3173599691589957,5000.540536021388,2423.803435382286,1536.401894849095,2767.320080549353,2414.5566139247935,False,False,False,False,False,False,False,False,False,False,38.86298342157434,4.88776129757766,0.012733652667635504,5.058615085467278,1.3173599691589957,5000.540536021388,2423.803435382286,1536.401894849095,2767.320080549353,2414.5566139247935
GEO_00825,404978.9553293968,7120400.516656364,intrusive,background,0.20905624325254693,0.07827258831325935,0.01921503269192409,0.15358753259970948,0.5635925750390078,54.21008137431952,5.320784269492292,0.014293164635893465,5.208820221131696,1.3949472917212704,4567.996204152726,3160.3344935323266,2085.6294502767264,4175.135844229449,2647.1758378798363,False,False,False,False,False,False,False,False,False,False,54.21008137431952,5.320784269492292,0.014293164635893465,5.208820221131696,1.3949472917212704,4567.996204152726,3160.3344935323266,2085.6294502767264,4175.135844229449,2647.1758378798363
GEO_00826,365800.0536328272,7100904.435439705,volcanic,background,0.0,0.0,0.0,0.6016506867184077,0.07647601030083852,42.18676190698564,0.0,0.0,0.0,0.0,5337.899281178824,3021.7649092341258,1934.836847841748,3498.8258146447674,1403.2610080186944,False,True,True,True,True,False,False,False,False,False,42.18676190698564,2.442102979481697,0.009835381792939897,3.853173879680661,0.8769583981707721,5337.899281178824,3021.7649092341258,1934.836847841748,3498.8258146447674,1403.2610080186944
GEO_00827,402414.38822056405,7158610.371455,sedimentary,anomalous,0.7138062861382415,0.8047866038565966,0.38964170638843176,0.030259758061453087,0.2729554163222112,98.38600936349572,9.371579970961589,0.03843298108574138,23.997355883468842,3.8655830432389697,4020.898358999844,2210.345323938444,3106.5181540017484,3662.022772353523,1871.804693215215,False,False,False,False,False,False,False,False,False,False,98.38600936349572,9.371579970961589,0.03843298108574138,23.997355883468842,3.8655830432389697,4020.898358999844,2210.345323938444,3106.5181540017484,3662.022772353523,1871.804693215215
GEO_00828,417180.8871310401,7116126.475707991,sedimentary,background,0.0,0.006808417118527839,0.0,0.049875752508330554,0.2422936497136415,0.0,0.0,0.01876045387459643,0.0,1.7270380386892463,3268.5106450639632,1892.1559619359853,3970.275305621219,2670.7211556905518,2264.994521159966,True,True,False,True,False,False,False,False,False,False,29.099528922599053,3.3053690827859343,0.01876045387459643,4.759680149512393,1.7270380386892463,3268.5106450639632,1892.1559619359853,3970.275305621219,2670.7211556905518,2264.994521159966
GEO_00829,352064.20291046595,7135092.007882178,volcanic,background,0.022684972518141246,0.0,0.017580168408808272,0.6253626754429498,0.10993305822187836,39.31080329931084,3.850952614960337,0.016149810055029853,4.929996609630143,1.767177302641065,5460.405286350101,3617.008672676084,2008.0829729679144,2853.6070394959274,1366.275656601196,False,False,False,False,False,False,False,False,False,False,39.31080329931084,3.850952614960337,0.016149810055029853,4.929996609630143,1.767177302641065,5460.405286350101,3617.008672676084,2008.0829729679144,2853.6070394959274,1366.275656601196
GEO_00830,377733.2637071865,7126925.680943477,intrusive,background,0.2591074269681013,0.10194185209406158,0.1689717381276959,0.28649550846054794,0.9588954050716967,58.801085463611,6.002526236336525,0.014743856079539834,5.742522985879889,0.0,5693.874126180434,2581.1357171169197,0.0,4797.319135723297,2937.5056274017843,False,False,False,False,True,False,False,True,False,False,58.801085463611,6.002526236336525,0.014743856079539834,5.742522985879889,1.0676679988217477,5693.874126180434,2581.1357171169197,1495.4123605999196,4797.319135723297,2937.5056274017843
GEO_00831,360447.81897765986,7143390.319933119,volcanic,background,0.0,0.09148060215510442,0.06956276413784461,0.6127221970498581,0.0,30.42713330041541,3.5226558652722333,0.011683144974789384,6.681418452488307,1.4997057934400133,6243.488501539464,3745.579932688148,2141.8293257307732,3151.987356071602,1302.1846390292135,False,False,False,False,False,False,False,False,False,False,30.42713330041541,3.5226558652722333,0.011683144974789384,6.681418452488307,1.4997057934400133,6243.488501539464,3745.579932688148,2141.8293257307732,3151.987356071602,1302.1846390292135
GEO_00832,371576.1738154125,7172041.673215406,intrusive,background,0.0,0.0,0.0,0.22090934562025635,0.73340957036973,39.21261056852974,5.869786746977518,0.01218008906851354,6.2267719385052525,1.6802639412747475,3709.3084094800106,2360.461177941353,2274.1349796370673,4739.7809598181675,2923.0824577569083,False,False,False,False,False,False,False,False,False,False,39.21261056852974,5.869786746977518,0.01218008906851354,6.2267719385052525,1.6802639412747475,3709.3084094800106,2360.461177941353,2274.1349796370673,4739.7809598181675,2923.0824577569083
GEO_00833,377971.0698375833,7129395.7379977135,intrusive,background,0.08228617396318466,0.06832164174776072,0.06423663981666738,0.23789278436735334,0.8286764662860895,39.04071685964913,6.768250021298993,0.014945767830379101,5.719274386097543,1.2048893321053589,5314.89568525348,2281.802456454403,1807.6889803392928,4089.809223674328,1960.369317304288,False,False,False,False,False,False,False,False,False,False,39.04071685964913,6.768250021298993,0.014945767830379101,5.719274386097543,1.2048893321053589,5314.89568525348,2281.802456454403,1807.6889803392928,4089.809223674328,1960.369317304288
GEO_00834,427682.85752454126,7159955.416907758,sedimentary,background,0.03276249748884944,0.0,0.0,0.021080033693827993,0.173368810689963,42.15499502102074,3.6722107317530077,0.011677095304268604,0.0,0.0,3715.237254554741,1956.681978614391,4282.564794126715,3792.989516786715,1702.799269663794,False,False,False,True,True,False,False,False,False,False,42.15499502102074,3.6722107317530077,0.011677095304268604,4.704873913891555,1.163553540030643,3715.237254554741,1956.681978614391,4282.564794126715,3792.989516786715,1702.799269663794
GEO_00835,379153.0442494694,7146183.766204503,intrusive,background,0.29060049069806954,0.10052446284134453,0.34282134397760067,0.3160455227265144,0.7353970713184745,74.24013549475322,6.36919021329362,0.01450805487063402,8.026475299335285,2.0976194789014224,4680.593263669894,3348.269844215605,2194.706634196382,4513.546167303936,1883.6230463107745,False,False,False,False,False,False,False,False,False,False,74.24013549475322,6.36919021329362,0.01450805487063402,8.026475299335285,2.0976194789014224,4680.593263669894,3348.269844215605,2194.706634196382,4513.546167303936,1883.6230463107745
GEO_00836,405239.19601115055,7108837.201431597,intrusive,background,0.0,0.038291655261644124,0.02409659695824031,0.21937698166629965,0.8564097273173984,30.41346218578544,3.861836926550601,0.013927531894297735,5.0661494900980495,1.688722270164512,5219.638776316346,2318.810228865869,1794.7085143065367,4225.355334828854,2653.734464858332,False,False,False,False,False,False,False,False,False,False,30.41346218578544,3.861836926550601,0.013927531894297735,5.0661494900980495,1.688722270164512,5219.638776316346,2318.810228865869,1794.7085143065367,4225.355334828854,2653.734464858332
GEO_00837,371657.81238073605,7156406.626518889,intrusive,background,0.12931484692680154,0.0,0.11570031539248407,0.26843403886332545,0.7991753231382481,39.41628209843247,4.965835067595997,0.012021651626583259,5.613938323399896,1.85581162878936,4444.7645177422855,2189.67544165841,1671.6506252678619,5080.221782873466,2341.0404708258584,False,False,False,False,False,False,False,False,False,False,39.41628209843247,4.965835067595997,0.012021651626583259,5.613938323399896,1.85581162878936,4444.7645177422855,2189.67544165841,1671.6506252678619,5080.221782873466,2341.0404708258584
GEO_00838,369793.18135464634,7164691.304754776,intrusive,background,0.0,0.03426097667208455,0.0869313439170781,0.17269841580205558,0.6087125261967165,35.554273867740754,4.241805670406666,0.0,0.0,1.3878754019267305,0.0,2662.9367527975724,1511.3571420414596,3820.848697759377,2078.8511931661433,False,False,True,True,False,True,False,False,False,False,35.554273867740754,4.241805670406666,0.01030560716736031,4.194930046905689,1.3878754019267305,2859.4767698179053,2662.9367527975724,1511.3571420414596,3820.848697759377,2078.8511931661433
GEO_00839,381418.9954427188,7136452.425418997,intrusive,halo,0.4457269661456342,0.23320417109399832,0.33182650008823034,0.3274706200572572,0.893077092149752,55.50674425743408,8.761138461291486,0.01850367056181603,8.01566955494207,1.8672818620014588,6263.403480940939,3006.1490424766785,2528.8138667635776,5662.49779861614,1968.831364750753,False,False,False,False,False,False,False,False,False,False,55.50674425743408,8.761138461291486,0.01850367056181603,8.01566955494207,1.8672818620014588,6263.403480940939,3006.1490424766785,2528.8138667635776,5662.49779861614,1968.831364750753
GEO_00840,399204.3801835434,7132398.832044059,sedimentary,background,0.29020687068113943,0.005759330769134527,0.26266559048936694,0.061983112038955485,0.11536905759017597,57.16234762048514,4.963034781846603,0.01554439175412524,5.958511703662853,1.6913176197109037,0.0,2267.273891444129,3413.4949620866532,2526.7731869551553,1451.5069295211633,False,False,False,False,False,True,False,False,False,False,57.16234762048514,4.963034781846603,0.01554439175412524,5.958511703662853,1.6913176197109037,2984.7933435115997,2267.273891444129,3413.4949620866532,2526.7731869551553,1451.5069295211633
GEO_00841,397166.05977930385,7161040.251549015,volcanic,halo,0.3686527145756221,0.3463930288045527,0.3412623493489861,0.6552860667804454,0.01957918327035771,62.80906313490271,5.5715419166016,0.02160467867197477,8.159663037510972,2.0780417651844036,5785.024140430298,2694.4539762571108,2816.944248028085,0.0,1770.1409731017404,False,False,False,False,False,False,False,False,True,False,62.80906313490271,5.5715419166016,0.02160467867197477,8.159663037510972,2.0780417651844036,5785.024140430298,2694.4539762571108,2816.944248028085,2355.048265228916,1770.1409731017404
GEO_00842,381999.0136537069,7155537.72011103,intrusive,background,0.3939487949362306,0.0,0.15003673214925395,0.4462195309460607,0.8044958132852206,51.01683305281242,5.831212511189734,0.018219593735695896,4.83912752725365,0.0,4347.672194317384,3351.189073221711,1500.232029317864,6305.045458726424,2990.6099223892757,False,False,False,False,True,False,False,False,False,False,51.01683305281242,5.831212511189734,0.018219593735695896,4.83912752725365,1.0651989994879512,4347.672194317384,3351.189073221711,1500.232029317864,6305.045458726424,2990.6099223892757
GEO_00843,364576.01680634695,7119998.475402813,sedimentary,background,0.09836232607676021,0.0,0.0,0.0036585326760396847,0.02895209337975027,44.91874688176808,4.530664193951979,0.010526584028732563,5.108519191548428,1.4818412012088118,4272.821573624201,2312.639567998213,3493.4591272588827,2833.3406666966634,2165.902331816619,False,False,False,False,False,False,False,False,False,False,44.91874688176808,4.530664193951979,0.010526584028732563,5.108519191548428,1.4818412012088118,4272.821573624201,2312.639567998213,3493.4591272588827,2833.3406666966634,2165.902331816619
GEO_00844,416625.06688212487,7170515.460584137,sedimentary,background,0.0,0.0,0.08566663165716411,0.0,0.36822934493687903,0.0,4.027536484871981,0.0,6.9840324271925285,1.2488389346728435,4215.652106477125,2653.868358664155,2196.3167904854517,3021.719021121667,1225.2470557752233,True,False,True,False,False,False,False,False,False,False,27.897516398081144,4.027536484871981,0.009099250649007825,6.9840324271925285,1.2488389346728435,4215.652106477125,2653.868358664155,2196.3167904854517,3021.719021121667,1225.2470557752233
GEO_00845,394660.8896963289,7172017.10892806,intrusive,background,0.34583748005851445,0.0,0.24603792174503403,0.22237434049268348,0.8144294427740246,43.02740881640559,4.936901452333209,0.013289446977742366,7.223751742585203,1.3196006644546805,4748.847121298589,3110.3895843384144,1947.674320910689,4517.710826709722,3180.66359338887,False,False,False,False,False,False,False,False,False,False,43.02740881640559,4.936901452333209,0.013289446977742366,7.223751742585203,1.3196006644546805,4748.847121298589,3110.3895843384144,1947.674320910689,4517.710826709722,3180.66359338887
GEO_00846,397494.6306657545,7162543.7933661,intrusive,halo,0.478267225403532,0.4423492884318686,0.29008780910960924,0.30164768845577505,0.7861913948664889,71.14703363604005,,0.017607052861934692,8.763168869083678,2.193059243923011,4044.1413650230684,2784.161070444019,2625.098671665474,5398.01928689541,1594.6717751998665,False,False,False,False,False,False,False,False,False,False,71.14703363604005,6.182650803293132,0.017607052861934692,8.763168869083678,2.193059243923011,4044.1413650230684,2784.161070444019,2625.098671665474,5398.01928689541,1594.6717751998665
GEO_00847,408303.4236742402,7120842.807601987,sedimentary,background,0.07680359212568433,0.04990077724433166,0.051607169886182414,0.0299508027189838,0.27646068942848107,34.34119619011626,3.5297661481238305,0.014781875354202088,6.5327940818593255,1.428074596979581,3683.842724710196,1906.2516761835896,2821.735902265536,3465.6973185046245,1406.9328866039837,False,False,False,False,False,False,False,False,False,False,34.34119619011626,3.5297661481238305,0.014781875354202088,6.5327940818593255,1.428074596979581,3683.842724710196,1906.2516761835896,2821.735902265536,3465.6973185046245,1406.9328866039837
GEO_00848,366924.06317339465,7175921.094910739,volcanic,background,0.07009341161516472,0.0,0.26710608589663554,0.654202286165666,0.0,37.05420415614478,,0.011491287945178737,6.711968748101735,1.429016365526107,5038.281856521653,3735.651354918534,1951.2147828165453,3282.436999233544,1398.2560277253463,False,False,False,False,False,False,False,False,False,False,37.05420415614478,4.922076822960076,0.011491287945178737,6.711968748101735,1.429016365526107,5038.281856521653,3735.651354918534,1951.2147828165453,3282.436999233544,1398.2560277253463
GEO_00849,426083.31552056916,7159183.448926436,sedimentary,background,0.0,0.03846516447951421,0.03282135344049662,0.06268195791719226,0.2678257340799968,41.54414046371499,4.350394975282246,0.011519919342712761,5.167551745186954,2.0901571074385163,3770.30789691576,2207.444185283147,3614.6901582718674,3330.2096370073514,1327.3678679322652,False,False,False,False,False,False,False,False,False,False,41.54414046371499,4.350394975282246,0.011519919342712761,5.167551745186954,2.0901571074385163,3770.30789691576,2207.444185283147,3614.6901582718674,3330.2096370073514,1327.3678679322652
GEO_00850,413306.820412732,7102383.486651373,sedimentary,background,0.08885105178112514,0.09970031695347459,0.0,0.11848348683671635,0.26239834184612554,34.96391577537749,3.667842271788342,0.01612306670758465,9.418267439971004,1.3670645733270261,4052.2331395132087,2563.1634076332666,3049.9266130896244,3114.8520590155213,1458.1383379069687,False,False,False,False,False,False,False,False,False,False,34.96391577537749,3.667842271788342,0.01612306670758465,9.418267439971004,1.3670645733270261,4052.2331395132087,2563.1634076332666,3049.9266130896244,3114.8520590155213,1458.1383379069687
GEO_00851,413641.8128358758,7167799.987060798,volcanic,background,0.15738955316604983,0.24069078167649197,0.1129244554596272,0.8598696219153862,0.0,55.410210570045194,4.963988445634755,0.013837588826584745,7.743582854577047,1.793609720458253,6387.283233431705,2733.3890824702094,2145.6823603413227,3135.433094288623,1523.3701702148046,False,False,False,False,False,False,False,False,False,False,55.410210570045194,4.963988445634755,0.013837588826584745,7.743582854577047,1.793609720458253,6387.283233431705,2733.3890824702094,2145.6823603413227,3135.433094288623,1523.3701702148046
GEO_00852,409832.89163347083,7140529.929442116,intrusive,background,0.3032851460400602,0.11362560521105383,0.159697229023255,0.32347140070960034,0.6272075150588606,53.57442096911648,5.394499462352556,0.015672663444569725,7.646219231388959,2.5870049859268685,4040.308081057271,3124.325706026237,2401.2657509056603,4146.664810028617,1264.6256708431056,False,False,False,False,False,False,False,False,False,False,53.57442096911648,5.394499462352556,0.015672663444569725,7.646219231388959,2.5870049859268685,4040.308081057271,3124.325706026237,2401.2657509056603,4146.664810028617,1264.6256708431056
GEO_00853,366396.17690822354,7100730.961022298,intrusive,background,0.0016401412720569012,0.07476980743728133,0.0,0.24118165861092977,0.8418463850797946,36.84151886014247,4.022843321821615,,6.610936868239269,1.2565726849927992,3533.6417156403413,2871.6509489865107,2290.695662552282,5840.118034245483,2790.391947344908,False,False,False,False,False,False,False,False,False,False,36.84151886014247,4.022843321821615,0.010660867386154902,6.610936868239269,1.2565726849927992,3533.6417156403413,2871.6509489865107,2290.695662552282,5840.118034245483,2790.391947344908
GEO_00854,402149.6221897266,7113028.11360116,intrusive,background,0.0,0.0,0.08365082633129207,0.19925386171716486,0.6426420314008573,35.18769384738374,4.756780569962394,0.013999584363751321,7.618870944980896,1.5545096688580116,5073.971148175039,2243.819724304742,2383.559985289441,6168.441010623272,3159.2579831336866,False,False,False,False,False,False,False,False,False,False,35.18769384738374,4.756780569962394,0.013999584363751321,7.618870944980896,1.5545096688580116,5073.971148175039,2243.819724304742,2383.559985289441,6168.441010623272,3159.2579831336866
GEO_00855,369479.87170229247,7118774.234721979,intrusive,background,0.22976732428364294,0.09671860831913003,0.0,0.3262740860876995,0.8019238934774988,47.322692359535424,4.212729046111441,0.013462002669337938,6.742945729848331,1.2726136405781892,4021.6960182799257,3666.070536901307,1535.3450149001947,3681.034642930306,2515.4664912523785,False,False,False,False,False,False,False,False,False,False,47.322692359535424,4.212729046111441,0.013462002669337938,6.742945729848331,1.2726136405781892,4021.6960182799257,3666.070536901307,1535.3450149001947,3681.034642930306,2515.4664912523785
GEO_00856,392333.94795398315,7153025.155393974,intrusive,anomalous,0.7830222513884418,0.45922973650016485,0.4395894514190294,0.396482730393074,0.7296797428710151,107.01811740442156,15.950471110967598,0.03974745969236638,12.095670232055944,2.4617688686570647,4071.9440424782783,1983.395483832524,1528.631562650671,4400.390403868742,1866.868413952304,False,False,False,False,False,False,False,False,False,False,107.01811740442156,15.950471110967598,0.03974745969236638,12.095670232055944,2.4617688686570647,4071.9440424782783,1983.395483832524,1528.631562650671,4400.390403868742,1866.868413952304
GEO_00857,421291.5066879888,7109593.244137539,intrusive,background,0.0,0.0,0.0,0.4909023115186306,0.8198193086592097,39.05637001798565,4.397947243120143,0.012488177342443426,6.248625583771045,1.391964158511909,3662.043385388489,2507.450666643062,2074.14318398295,3597.7862645623927,2365.972943575783,False,False,False,False,False,False,False,False,False,False,39.05637001798565,4.397947243120143,0.012488177342443426,6.248625583771045,1.391964158511909,3662.043385388489,2507.450666643062,2074.14318398295,3597.7862645623927,2365.972943575783
GEO_00858,392705.36273121735,7118161.777403397,sedimentary,background,0.12178997025113039,0.0,0.07821874344228216,0.0,0.01937285371759459,31.74243385040234,4.708689513696623,0.013579963301976304,5.657936927619974,1.4768182466982895,4458.6724935681095,2012.0653791365435,3646.7361794514172,3563.8918834423316,1446.961507320384,False,False,False,False,False,False,False,False,False,False,31.74243385040234,4.708689513696623,0.013579963301976304,5.657936927619974,1.4768182466982895,4458.6724935681095,2012.0653791365435,3646.7361794514172,3563.8918834423316,1446.961507320384
GEO_00859,355297.4151275695,7108065.337417322,intrusive,background,0.0,0.0,0.0,0.17065646613658558,0.7594648901606565,33.73727742248219,4.160097317142788,0.0,4.829947611863424,1.494601841663374,4225.827085459962,2125.9777181828076,2275.065138389108,,2440.2547144681594,False,False,True,False,False,False,False,False,False,False,33.73727742248219,4.160097317142788,0.01031245418076298,4.829947611863424,1.494601841663374,4225.827085459962,2125.9777181828076,2275.065138389108,5652.203344552707,2440.2547144681594
GEO_00860,409568.64017696277,7141345.983504783,sedimentary,background,0.3100737842832213,0.005180291948435195,0.15196567675188555,0.0,0.198161367115347,45.01895257976788,5.879857745576206,0.01543662435162412,6.392494852827058,1.3862826517494438,4595.080643680702,0.0,3481.7636660604544,3184.726333163045,1711.868709651351,False,False,False,False,False,False,True,False,False,False,45.01895257976788,5.879857745576206,0.01543662435162412,6.392494852827058,1.3862826517494438,4595.080643680702,1653.674409610162,3481.7636660604544,3184.726333163045,1711.868709651351
GEO_00861,427978.9123670324,7114761.165199919,sedimentary,background,0.2602913373338928,0.029245491505779878,0.0,0.05939376204030005,0.22527336898174638,41.46149937421934,4.588790978923952,0.011672661840900392,5.7362997089346655,1.9261518251801804,5134.859197812449,1952.3004983570638,,3636.517516719896,1190.4019510022777,False,False,False,False,False,False,False,False,False,False,41.46149937421934,4.588790978923952,0.011672661840900392,5.7362997089346655,1.9261518251801804,5134.859197812449,1952.3004983570638,3516.317287219045,3636.517516719896,1190.4019510022777
GEO_00862,412481.23019875714,7118834.498910276,sedimentary,background,0.0,0.13831740875634568,0.031053320394998474,0.08905728659787247,0.22075194032493278,37.92026092920847,4.928215631131549,0.012279563937033337,0.0,1.2143230292220433,4293.245855975426,2016.106967873913,3465.510220935968,3791.724270051028,1606.551577448677,False,False,False,True,False,False,False,False,False,False,37.92026092920847,4.928215631131549,0.012279563937033337,4.754876336275442,1.2143230292220433,4293.245855975426,2016.106967873913,3465.510220935968,3791.724270051028,1606.551577448677
GEO_00863,403166.7459133469,7171197.917193232,sedimentary,background,0.1914499485518649,0.24783934259726498,0.08027248883166849,0.0,0.2048923526689121,41.16629354230019,4.507579515505114,0.012032425421922342,9.50729685153157,2.2513496639081687,3439.553178400489,2149.531564310851,2999.8341935097446,3777.121441155928,1590.8261074224808,False,False,False,False,False,False,False,False,False,False,41.16629354230019,4.507579515505114,0.012032425421922342,9.50729685153157,2.2513496639081687,3439.553178400489,2149.531564310851,2999.8341935097446,3777.121441155928,1590.8261074224808
GEO_00864,356062.1759585181,7164940.297900276,volcanic,background,0.0,0.18337473404376808,0.0,0.6093405424143018,0.03424879042683692,30.612801589878362,0.0,0.015895028259378812,6.949606329702732,1.8294756922565367,4594.098890654158,5144.951944851539,2211.9606469272603,0.0,1765.7840623680277,False,True,False,False,False,False,False,False,True,False,30.612801589878362,3.3404102526521937,0.015895028259378812,6.949606329702732,1.8294756922565367,4594.098890654158,5144.951944851539,2211.9606469272603,2449.0199612327124,1765.7840623680277
GEO_00865,372820.5452343675,7119911.244520333,volcanic,background,0.006490914785466541,0.0544407647142304,0.0,0.536249543242391,0.045419502315412336,0.0,4.66242485036398,0.014235079730054497,8.33552914831791,1.3875673267137456,3883.3337215511237,3320.295317790716,2372.3265487190924,3273.293177394657,1434.241343644883,True,False,False,False,False,False,False,False,False,False,27.63006745595564,4.66242485036398,0.014235079730054497,8.33552914831791,1.3875673267137456,3883.3337215511237,3320.295317790716,2372.3265487190924,3273.293177394657,1434.241343644883
GEO_00866,353981.8683607077,7174670.083755289,intrusive,background,0.10058469614754857,0.01653929385618021,0.0,0.34143483568815797,0.6904411488737047,52.20367046221068,5.841491068094129,0.01088355550791702,6.087567048338583,0.0,4332.25733609973,1911.2745866710586,1676.0081706027454,3610.8087911183816,1639.7946562216318,False,False,False,False,True,False,False,False,False,False,52.20367046221068,5.841491068094129,0.01088355550791702,6.087567048338583,1.1261405211704683,4332.25733609973,1911.2745866710586,1676.0081706027454,3610.8087911183816,1639.7946562216318
GEO_00867,382685.9779557433,7128011.825644135,intrusive,background,0.1052038819482493,0.0,0.14704403034639688,0.12014306600402871,0.8907992447214232,39.555856540891476,5.214346922128705,0.011235566866948878,0.0,1.7898414709148915,3982.2590854640284,2029.6779414967593,1690.799939707562,5830.814271829956,2203.669806723538,False,False,False,True,False,False,False,False,False,False,39.555856540891476,5.214346922128705,0.011235566866948878,4.338240280933868,1.7898414709148915,3982.2590854640284,2029.6779414967593,1690.799939707562,5830.814271829956,2203.669806723538
GEO_00868,400924.1885426886,7112074.727973444,volcanic,background,0.0,0.04836957145949177,0.0,0.7726354129390444,0.0,33.41901666558646,0.0,0.013930652606070138,4.9716875094905175,0.0,6370.80136965121,3854.581316880544,2460.8120475552932,3341.0802858551456,1882.0428849198831,False,True,False,False,True,False,False,False,False,False,33.41901666558646,2.91006339603798,0.013930652606070138,4.9716875094905175,1.1906587722495432,6370.80136965121,3854.581316880544,2460.8120475552932,3341.0802858551456,1882.0428849198831
GEO_00869,415644.92190714803,7154070.864649611,sedimentary,background,0.3628072192824431,0.22537260289538544,0.17547349343116725,0.0,0.136091728498969,48.0742778209189,6.2139382522410305,,8.048095475110644,2.2280742320901443,4550.637746617616,2166.248918828349,4387.127076102501,2933.7244590112987,1595.8327355699025,False,False,False,False,False,False,False,False,False,False,48.0742778209189,6.2139382522410305,0.022078362193805948,8.048095475110644,2.2280742320901443,4550.637746617616,2166.248918828349,4387.127076102501,2933.7244590112987,1595.8327355699025
GEO_00870,380387.4709369464,7148725.3962680455,volcanic,halo,0.4829641465683322,0.03121190206708474,0.29625619635752765,0.5234695700038152,0.06366842482559977,61.54360404112544,8.162433943964134,0.01623077618395869,5.239700019481152,1.5095254185942328,5459.568688365197,2425.917006899583,2027.1259049169714,3850.7883142749424,1485.1230990105075,False,False,False,False,False,False,False,False,False,False,61.54360404112544,8.162433943964134,0.01623077618395869,5.239700019481152,1.5095254185942328,5459.568688365197,2425.917006899583,2027.1259049169714,3850.7883142749424,1485.1230990105075
GEO_00871,379787.393110347,7141912.2166146785,volcanic,halo,0.5492756131949137,0.0777149684743575,0.3834174816074433,0.6012754530763142,0.0,60.35539610021015,6.626379722934273,0.016796457769427495,5.516771021060697,1.7079403673713582,6256.59077675524,3972.1401450403728,1761.369700301807,2861.3224871387893,1162.4200004414,False,False,False,False,False,False,False,False,False,False,60.35539610021015,6.626379722934273,0.016796457769427495,5.516771021060697,1.7079403673713582,6256.59077675524,3972.1401450403728,1761.369700301807,2861.3224871387893,1162.4200004414
GEO_00872,365702.4444225739,7177560.2980617555,volcanic,background,0.04246472290301005,0.1733998372690051,0.0,0.8079918244532724,0.1036338104484129,41.04730886157261,0.0,0.011233352284836448,5.5090617341898485,1.8034653311459048,6243.9287150578075,3742.2613621867918,2662.212506098105,3220.4274703108413,1273.5102491124708,False,True,False,False,False,False,False,False,False,False,41.04730886157261,3.325283507921928,0.011233352284836448,5.5090617341898485,1.8034653311459048,6243.9287150578075,3742.2613621867918,2662.212506098105,3220.4274703108413,1273.5102491124708
GEO_00873,354085.55608318746,7126284.264173235,sedimentary,background,0.0,0.09733206148140737,0.0,0.011541658386738008,0.1614460588266984,48.474503641185876,0.0,0.010949572783447862,7.811440963708102,1.5292178529962444,3895.2191333298724,0.0,3075.0848298677083,2807.241594320022,1635.3496183140046,False,True,False,False,False,False,True,False,False,False,48.474503641185876,3.4003301385623583,0.010949572783447862,7.811440963708102,1.5292178529962444,3895.2191333298724,1543.5599358323532,3075.0848298677083,2807.241594320022,1635.3496183140046
GEO_00874,405242.69802882127,7148343.33029078,intrusive,halo,0.4711370374312449,0.42645931198713716,0.4060606117943391,0.23834684146438662,0.7517574625546922,66.25567742001044,8.024251250445372,0.022569501960823257,9.726703073528157,2.3191028101130184,3781.161562493913,2032.0651555955062,2322.0188383740774,4127.95998230577,3759.314279152446,False,False,False,False,False,False,False,False,False,False,66.25567742001044,8.024251250445372,0.022569501960823257,9.726703073528157,2.3191028101130184,3781.161562493913,2032.0651555955062,2322.0188383740774,4127.95998230577,3759.314279152446
GEO_00875,384955.60726727644,7117207.259076983,intrusive,background,0.0,0.0,0.0,0.37948403116867685,0.7487048853302121,38.33830320252678,4.862941710241552,0.010932517824928573,5.910855059493872,,3593.7085563867345,2448.2236082845557,1843.9016181550146,5240.567167713542,2265.091626420849,False,False,False,False,False,False,False,False,False,False,38.33830320252678,4.862941710241552,0.010932517824928573,5.910855059493872,1.3864262212292895,3593.7085563867345,2448.2236082845557,1843.9016181550146,5240.567167713542,2265.091626420849
GEO_00876,396138.49102429365,7156618.519394391,intrusive,halo,0.7008046629660282,0.3729930358456069,0.2427290131998218,0.2561828300907181,0.7926053692819566,57.34521170264006,10.009619521486222,0.029491791371130456,10.132284298363038,2.1341999137992413,3591.202007925403,1847.6734195437073,1689.1855499923543,3883.90821759604,2476.039005655735,False,False,False,False,False,False,False,False,False,False,57.34521170264006,10.009619521486222,0.029491791371130456,10.132284298363038,2.1341999137992413,3591.202007925403,1847.6734195437073,1689.1855499923543,3883.90821759604,2476.039005655735
GEO_00877,406068.1661157557,7154149.016243409,sedimentary,anomalous,0.5984715405259755,0.6956335388956196,0.5597264316731027,0.01942904567325268,0.13003121412918042,76.71189912440843,7.235413321687606,0.0401057285402374,13.859159885177363,2.6549646464611767,4667.624891938592,2400.799808219859,3856.0271662235054,0.0,1648.6444702515978,False,False,False,False,False,False,False,False,True,False,76.71189912440843,7.235413321687606,0.0401057285402374,13.859159885177363,2.6549646464611767,4667.624891938592,2400.799808219859,3856.0271662235054,2431.9766375034746,1648.6444702515978
GEO_00878,382005.58808908483,7128396.785217409,volcanic,background,0.02794301016328324,0.13535504794003206,0.14939423251012474,0.7207759937631016,0.0,34.43965366489637,4.516147257205731,0.0,6.601116163840798,1.5790039650748207,6313.815893364594,3221.5361150568865,1949.956179597746,3035.4022558374973,0.0,False,False,True,False,False,False,False,False,False,True,34.43965366489637,4.516147257205731,0.008221380510277286,6.601116163840798,1.5790039650748207,6313.815893364594,3221.5361150568865,1949.956179597746,3035.4022558374973,1050.212604180458
GEO_00879,417987.98066495225,7100123.420486198,intrusive,background,0.0,0.0667732233707835,0.008175320545899669,0.267579775371143,0.7786300853477391,33.8844637393188,0.0,0.0,6.930231181474226,1.5632756899288878,4617.732319183941,3001.2818408548424,2065.638177190066,4880.484712948597,2106.391622210263,False,True,True,False,False,False,False,False,False,False,33.8844637393188,3.222782787359179,0.010100515402056372,6.930231181474226,1.5632756899288878,4617.732319183941,3001.2818408548424,2065.638177190066,4880.484712948597,2106.391622210263
GEO_00880,388454.34070668364,7127321.514377146,volcanic,background,0.22277712612836428,0.08718899855205586,0.09814580891131175,0.8153990335506807,0.0,40.6830398874948,6.121587607729087,0.01315275297549203,7.446891822386191,1.610545847675431,8183.758207416561,3262.7650367002097,2611.774755218428,2714.668940389216,1288.2460841847426,False,False,False,False,False,False,False,False,False,False,40.6830398874948,6.121587607729087,0.01315275297549203,7.446891822386191,1.610545847675431,8183.758207416561,3262.7650367002097,2611.774755218428,2714.668940389216,1288.2460841847426
GEO_00881,393135.8097310583,7114264.077206033,intrusive,background,0.04330132914570433,0.0,0.039945076317675896,0.2076042616877658,0.7368428840482405,48.92771105321763,6.055599309873247,0.012169784307697903,7.225639110896063,1.5051521822226923,4157.531233222965,2830.628817742815,1526.2932835950833,3622.3943777654554,1447.3292906864544,False,False,False,False,False,False,False,False,False,False,48.92771105321763,6.055599309873247,0.012169784307697903,7.225639110896063,1.5051521822226923,4157.531233222965,2830.628817742815,1526.2932835950833,3622.3943777654554,1447.3292906864544
GEO_00882,415256.4369869722,7149851.071655968,intrusive,background,0.020885125270227817,0.30484559716687626,0.11683181710577376,0.36613231222788756,0.7271662143402944,37.266506911625775,3.7885666957015607,0.01376986499778259,8.342681221627139,1.8957446302257275,5261.100965900038,2643.7217516689384,2450.7695960419824,3289.325367099789,2816.759711547927,False,False,False,False,False,False,False,False,False,False,37.266506911625775,3.7885666957015607,0.01376986499778259,8.342681221627139,1.8957446302257275,5261.100965900038,2643.7217516689384,2450.7695960419824,3289.325367099789,2816.759711547927
GEO_00883,373954.91781811835,7120019.339270566,sedimentary,background,0.17297642109946726,0.3175323557082811,0.1363573618436875,0.15798659320836655,0.15441045511270987,52.503407008302474,4.379442516811103,0.022858026699937722,8.1359576070258,2.8798642264801813,5363.375538871455,2468.7373624941283,3661.359968313361,3633.396987312955,1638.8822836448699,False,False,False,False,False,False,False,False,False,False,52.503407008302474,4.379442516811103,0.022858026699937722,8.1359576070258,2.8798642264801813,5363.375538871455,2468.7373624941283,3661.359968313361,3633.396987312955,1638.8822836448699
GEO_00884,408545.3590761433,7113441.877943123,intrusive,background,0.0,0.0,0.05599100006922678,0.20935294481808858,0.6699033583695132,34.37583574642853,4.541416627202027,0.014254287134273467,5.448156698917788,0.0,6142.3698372911085,2469.0230366476017,2150.099564004567,4296.318420439683,2039.905437330719,False,False,False,False,True,False,False,False,False,False,34.37583574642853,4.541416627202027,0.014254287134273467,5.448156698917788,1.1794198723109606,6142.3698372911085,2469.0230366476017,2150.099564004567,4296.318420439683,2039.905437330719
GEO_00885,371708.13943974953,7134651.473382124,sedimentary,background,0.14205090049527444,0.0,0.17996792146749155,0.0554283244633981,0.10622193510160818,50.967010944147994,5.589356248569701,0.012017907339605624,5.106004855844555,1.4135236528914832,4264.906241655168,1954.4130472858276,4227.330137382296,3357.7480635191487,1285.2091178985968,False,False,False,False,False,False,False,False,False,False,50.967010944147994,5.589356248569701,0.012017907339605624,5.106004855844555,1.4135236528914832,4264.906241655168,1954.4130472858276,4227.330137382296,3357.7480635191487,1285.2091178985968
GEO_00886,410904.22363691014,7144333.058116373,volcanic,background,0.25487066361214844,0.15123513662725385,0.08700902433458217,0.5963101380546563,0.0,46.88863329320104,5.080602399387262,0.016962529985506635,6.229516335854047,1.8217675428417346,4554.298285804813,3444.0094947669354,2029.2386049830584,2541.244325420564,1206.26587948669,False,False,False,False,False,False,False,False,False,False,46.88863329320104,5.080602399387262,0.016962529985506635,6.229516335854047,1.8217675428417346,4554.298285804813,3444.0094947669354,2029.2386049830584,2541.244325420564,1206.26587948669
GEO_00887,399035.10134766385,7105127.360526414,sedimentary,background,0.0,0.10699489647159845,0.0,0.01675175324315098,0.06767012813734657,0.0,0.0,0.0,6.556820443630674,1.4874236287486515,0.0,1796.299009391034,2839.2736815444878,3596.9633425019165,1205.2626983298285,True,True,True,False,False,True,False,False,False,False,25.302705513200365,2.823921170696187,0.00924742315458499,6.556820443630674,1.4874236287486515,2969.7367198792167,1796.299009391034,2839.2736815444878,3596.9633425019165,1205.2626983298285
GEO_00888,426501.90978185454,7175245.746330086,sedimentary,background,0.028744931136311085,0.03519463232239489,0.0,0.12838512942108735,0.07526411971247789,34.74065235447166,4.128311307789348,0.01307286813124695,6.941293052186196,1.338542642902743,0.0,2417.450764315581,3950.450335821254,0.0,1386.278487713178,False,False,False,False,False,True,False,False,True,False,34.74065235447166,4.128311307789348,0.01307286813124695,6.941293052186196,1.338542642902743,2929.038925884546,2417.450764315581,3950.450335821254,2263.6455451726215,1386.278487713178
GEO_00889,387906.79800964874,7116369.5024587875,intrusive,background,0.05156109048370114,0.017461080599123775,0.0,0.3507704387248775,1.007257668161923,37.395977007075466,4.435001982711489,0.011770645669528216,0.0,0.0,3634.6357920477667,3431.1938125322135,1940.7582022606096,4844.202879456932,2425.7249046247416,False,False,False,True,True,False,False,False,False,False,37.395977007075466,4.435001982711489,0.011770645669528216,4.352864300128578,1.1615274128431963,3634.6357920477667,3431.1938125322135,1940.7582022606096,4844.202879456932,2425.7249046247416
GEO_00890,408182.4724734523,7130672.225920606,sedimentary,background,0.2784313098119683,0.21315816490464848,0.21486478828783132,0.0,0.19236150255380252,51.50150707195012,5.366630507142219,0.01685125547569238,6.081165722996802,1.443347864837504,0.0,0.0,3684.2972820092423,2984.8801234296247,1738.8603282986487,False,False,False,False,False,True,True,False,False,False,51.50150707195012,5.366630507142219,0.01685125547569238,6.081165722996802,1.443347864837504,2949.2173022516845,1461.3347811059648,3684.2972820092423,2984.8801234296247,1738.8603282986487
GEO_00891,355147.1583263058,7123993.289528406,volcanic,background,0.18873412107191537,0.0,0.026300071009388755,0.76509804436144,0.08153732629154642,41.60222300497917,4.427701141273353,0.012652764443326909,5.496617234778678,1.88417913803015,6452.570391778766,3119.638843110603,2613.1927931733576,2896.058438909908,0.0,False,False,False,False,False,False,False,False,False,True,41.60222300497917,4.427701141273353,0.012652764443326909,5.496617234778678,1.88417913803015,6452.570391778766,3119.638843110603,2613.1927931733576,2896.058438909908,1128.5359674448453
GEO_00892,407259.0252182948,7176729.430506328,intrusive,background,0.2356851603551364,0.0,0.0,0.30769215618418166,0.7689540800890647,31.745579710196083,4.088105394934494,0.015650332410852653,6.232371994738247,0.0,4229.0319229859315,1977.0566892268123,1874.851148125158,5358.967791652284,2543.073768588168,False,False,False,False,True,False,False,False,False,False,31.745579710196083,4.088105394934494,0.015650332410852653,6.232371994738247,1.1276545456478915,4229.0319229859315,1977.0566892268123,1874.851148125158,5358.967791652284,2543.073768588168
GEO_00893,393297.4193283947,7169123.084307234,intrusive,background,0.21352061698839064,0.0,0.06172235084623274,0.27078428605657945,0.8128893261593167,41.50767211424956,4.7014218198286555,0.014128910945255061,5.942300665032338,1.249986912392804,4229.477297104248,2855.1369355127936,1946.3101498439385,3713.3500881755767,3070.3925997878764,False,False,False,False,False,False,False,False,False,False,41.50767211424956,4.7014218198286555,0.014128910945255061,5.942300665032338,1.249986912392804,4229.477297104248,2855.1369355127936,1946.3101498439385,3713.3500881755767,3070.3925997878764
GEO_00894,368466.6274909101,7113355.397173657,intrusive,background,0.0950972465662124,0.12282175093990577,0.143612549219288,0.2743580490075905,0.7539002567643768,38.35173130092405,0.0,0.016611518764823516,8.551963000385268,1.654562688653542,4008.9804030569753,2020.8245137386675,1759.1190605562497,3145.2167621571584,2646.1221284254507,False,True,False,False,False,False,False,False,False,False,38.35173130092405,3.403414208867088,0.016611518764823516,8.551963000385268,1.654562688653542,4008.9804030569753,2020.8245137386675,1759.1190605562497,3145.2167621571584,2646.1221284254507
GEO_00895,414122.5005140221,7170770.317331876,intrusive,background,0.030414250466092238,0.20337482202120152,0.027706181843387866,0.4494752142537145,0.8406217260147266,38.21250166202415,3.7355747381350484,0.018483542985083774,8.292671890141005,2.224903894494257,5324.901775398065,3522.8512813118473,2128.981547313396,3950.611799261251,2581.064498071071,False,False,False,False,False,False,False,False,False,False,38.21250166202415,3.7355747381350484,0.018483542985083774,8.292671890141005,2.224903894494257,5324.901775398065,3522.8512813118473,2128.981547313396,3950.611799261251,2581.064498071071
GEO_00896,365766.91231108503,7147194.002002393,sedimentary,background,0.0,0.0,0.07655284672431618,0.0,0.21189002592008,0.0,0.0,0.010937215806089707,0.0,0.0,4145.954901276725,1932.8381408670425,3364.2295344830427,3459.7942044680226,1238.2230322419314,True,True,False,True,True,False,False,False,False,False,26.94375916151107,3.2417631032987146,0.010937215806089707,4.541522984297082,1.0532370988218778,4145.954901276725,1932.8381408670425,3364.2295344830427,3459.7942044680226,1238.2230322419314
GEO_00897,390347.0239747887,7126120.046746009,sedimentary,background,0.2314040206347282,0.0,0.005882855992127151,0.0,0.22025177959834644,45.82160123989896,4.26298793465107,0.0150049963687465,5.7881317262799366,1.3594038347071293,4780.913644705976,2048.16441616098,3792.451736064121,3462.732250932503,1681.1243642025597,False,False,False,False,False,False,False,False,False,False,45.82160123989896,4.26298793465107,0.0150049963687465,5.7881317262799366,1.3594038347071293,4780.913644705976,2048.16441616098,3792.451736064121,3462.732250932503,1681.1243642025597
GEO_00898,401567.3713222191,7176743.302034783,volcanic,background,0.0,0.0,0.0,0.7947817916051921,0.0,41.34686993215257,5.303345673956809,0.011637958507628658,5.2680711044838455,1.2929132651979212,5753.836117924468,4565.392727456205,1923.2312242460123,0.0,0.0,False,False,False,False,False,False,False,False,True,True,41.34686993215257,5.303345673956809,0.011637958507628658,5.2680711044838455,1.2929132651979212,5753.836117924468,4565.392727456205,1923.2312242460123,2364.126856469721,831.0452888851961
GEO_00899,357102.64307498233,7159616.242328072,intrusive,background,0.0,0.040929798272504335,0.0,0.24719685275192885,0.8387317030719323,31.606985130251505,4.320986490697134,0.010804779602865546,,1.4061399986839314,3659.1375833615093,2388.2798460091562,1578.1978544456888,4463.688407475401,3804.1648575617496,False,False,False,False,False,False,False,False,False,False,31.606985130251505,4.320986490697134,0.010804779602865546,5.551948394094657,1.4061399986839314,3659.1375833615093,2388.2798460091562,1578.1978544456888,4463.688407475401,3804.1648575617496
GEO_00900,395351.55500840297,7116321.003461438,intrusive,background,0.0,0.10027271995515771,0.0,0.2919501837384177,0.7224250974906095,35.91639942995994,4.347952903628308,0.011783451602119112,6.228968352299992,1.8967018989642428,3756.3246894313215,2484.5486786022307,1822.2906278614985,5390.790124208625,2529.518580285315,False,False,False,False,False,False,False,False,False,False,35.91639942995994,4.347952903628308,0.011783451602119112,6.228968352299992,1.8967018989642428,3756.3246894313215,2484.5486786022307,1822.2906278614985,5390.790124208625,2529.518580285315
GEO_00901,359139.5702743433,7178842.862728932,volcanic,background,0.03232170034216994,0.0,0.0,0.7378303533284885,0.0,30.509598368659233,0.0,0.012953977574035325,6.822012758817905,1.2123787379161708,7263.780897449284,2661.933743223588,1629.495236875237,0.0,1472.0635893000256,False,True,False,False,False,False,False,False,True,False,30.509598368659233,2.707508798271032,0.012953977574035325,6.822012758817905,1.2123787379161708,7263.780897449284,2661.933743223588,1629.495236875237,2143.4637564490727,1472.0635893000256
GEO_00902,422957.8235238225,7151563.061808162,intrusive,background,0.0,0.0,0.05352549920008401,0.2362035206862374,0.7835014069822197,30.931424248524948,4.799876342718031,,6.108345644003796,1.3536489878475553,5595.481710286685,2593.981488384747,0.0,6082.9057845854695,2455.8313043075327,False,False,True,False,False,False,False,True,False,False,30.931424248524948,4.799876342718031,0.0066600416104137935,6.108345644003796,1.3536489878475553,5595.481710286685,2593.981488384747,1453.5164590318366,6082.9057845854695,2455.8313043075327
GEO_00903,367935.65042302123,7152880.072362725,volcanic,background,0.3116719191902529,0.0,0.12445870357328834,0.7100012192709293,0.0174626033573569,63.95950045356635,4.433821202904416,0.016139054498889097,6.609925788932622,1.620031410211889,6599.326840469577,2731.5696012972767,1957.5852264795622,0.0,1454.6684499010883,False,False,False,False,False,False,False,False,True,False,63.95950045356635,4.433821202904416,0.016139054498889097,6.609925788932622,1.620031410211889,6599.326840469577,2731.5696012972767,1957.5852264795622,2492.6471619631316,1454.6684499010883
GEO_00904,395925.96201610897,7137653.475731142,volcanic,halo,0.7592983370612755,0.026041483910675428,0.3025531481556639,0.6350236057632413,0.0,70.59338120713075,11.725762584171218,0.0207814734006855,6.831313965980601,0.0,8556.29788227728,4422.0088649958225,0.0,0.0,1488.1090034698852,False,False,False,False,True,False,False,True,True,False,70.59338120713075,11.725762584171218,0.0207814734006855,6.831313965980601,1.1523442820113832,8556.29788227728,4422.0088649958225,1498.5525692767656,2193.360064442931,1488.1090034698852
GEO_00905,425065.90942748426,7131575.913976638,volcanic,background,0.0,0.06845610128458117,0.0049962125232946835,0.7071927327400724,0.11716032512638375,0.0,3.6097597732429323,0.013955205665554636,4.975340052299674,1.315791285338439,5097.8352695567455,3429.39831236113,2440.2141453372997,3529.2937950519477,0.0,True,False,False,False,False,False,False,False,False,True,24.698793917916696,3.6097597732429323,0.013955205665554636,4.975340052299674,1.315791285338439,5097.8352695567455,3429.39831236113,2440.2141453372997,3529.2937950519477,1146.6373448336974
GEO_00906,385647.476296358,7100573.922724604,intrusive,background,0.04149599122136913,0.030757328950926505,0.05325253649924137,0.3317506120875698,0.6585005790269957,0.0,4.54751170454733,0.01486512897564044,5.183421721152912,0.0,4246.139601530488,2433.790769243266,1983.0928528431373,4098.942562093342,2287.0620488358118,True,False,False,False,True,False,False,False,False,False,28.57363161333227,4.54751170454733,0.01486512897564044,5.183421721152912,1.193447627925568,4246.139601530488,2433.790769243266,1983.0928528431373,4098.942562093342,2287.0620488358118
GEO_00907,350889.4894757601,7160838.100085411,intrusive,background,0.1369373137466035,0.038528637379168076,0.015599638804236537,0.35620127180202854,0.5448155330316603,34.94252536079684,5.633649102670471,0.015024060221438486,6.151934428418559,1.4235566663951593,,2108.922078895733,2033.7147207286664,3863.626230520798,1910.8619290575825,False,False,False,False,False,False,False,False,False,False,34.94252536079684,5.633649102670471,0.015024060221438486,6.151934428418559,1.4235566663951593,4042.245792586982,2108.922078895733,2033.7147207286664,3863.626230520798,1910.8619290575825
GEO_00908,380527.6787502348,7148341.90560719,volcanic,background,0.37086992572099664,0.10776891200493709,0.3848060130923685,0.7588372517481318,0.0,78.26878993830235,5.335930073595841,0.022628506639781294,9.656916462157426,1.8902587170457985,6043.92547025529,3848.787510769161,2022.8286334894365,3115.989716984408,1507.2969651051212,False,False,False,False,False,False,False,False,False,False,78.26878993830235,5.335930073595841,0.022628506639781294,9.656916462157426,1.8902587170457985,6043.92547025529,3848.787510769161,2022.8286334894365,3115.989716984408,1507.2969651051212
GEO_00909,397490.02300944633,7157728.662331329,volcanic,anomalous,0.7146891472023492,0.5444975853661872,0.43475636715233723,0.6836874990092578,0.0,75.93492448554304,8.267683172818135,0.03807251066420259,13.294078496947071,2.6201118553303115,6291.408864676203,3202.66853680141,2570.9308258625592,2741.5577888293205,1300.4084981194585,False,False,False,False,False,False,False,False,False,False,75.93492448554304,8.267683172818135,0.03807251066420259,13.294078496947071,2.6201118553303115,6291.408864676203,3202.66853680141,2570.9308258625592,2741.5577888293205,1300.4084981194585
GEO_00910,393298.81925722974,7131123.141627784,volcanic,background,0.3728404026075718,0.0,0.23843304711248897,0.6701083382854871,0.0,58.65973296320136,5.451162885541851,0.012932844977007005,6.558433705611122,1.654959659662498,6036.129666127214,3355.011403129626,2173.5000088735737,3550.7515454785457,1182.295340580336,False,False,False,False,False,False,False,False,False,False,58.65973296320136,5.451162885541851,0.012932844977007005,6.558433705611122,1.654959659662498,6036.129666127214,3355.011403129626,2173.5000088735737,3550.7515454785457,1182.295340580336
GEO_00911,427020.27589695505,7161336.685492964,sedimentary,background,0.00805252798194088,0.0,0.0,0.0,0.31834543342965144,34.527252585564696,4.909002623634503,0.0,6.27788258325815,0.0,4366.464200042144,2748.3291249627855,4080.552276410282,3945.574922667864,1456.668902093916,False,False,True,False,True,False,False,False,False,False,34.527252585564696,4.909002623634503,0.009791723884482224,6.27788258325815,0.968074691513637,4366.464200042144,2748.3291249627855,4080.552276410282,3945.574922667864,1456.668902093916
GEO_00912,357554.8353823317,7111794.478295783,volcanic,background,0.0,0.05022498608991914,0.06929828644857272,0.689283741657873,0.14587284227966676,0.0,0.0,0.012917485870896455,5.79820909725332,1.759286912638385,5432.1495860675695,3868.6784257349123,2265.8710941385457,3242.6089868010927,1399.935522550764,True,True,False,False,False,False,False,False,False,False,29.077329386678908,3.213313374661252,0.012917485870896455,5.79820909725332,1.759286912638385,5432.1495860675695,3868.6784257349123,2265.8710941385457,3242.6089868010927,1399.935522550764
GEO_00913,359173.3567128999,7179943.08639032,intrusive,background,0.009727000075151693,0.0384756621897312,0.0,0.16452990162144887,0.6375441785570266,38.83557806298911,0.0,0.017961444415433105,5.315598336927143,1.5600201183316802,5805.972106133497,1813.277740568483,1603.3880421009771,5162.951829122157,1734.6634509699122,False,True,False,False,False,False,False,False,False,False,38.83557806298911,2.7982928795327187,0.017961444415433105,5.315598336927143,1.5600201183316802,5805.972106133497,1813.277740568483,1603.3880421009771,5162.951829122157,1734.6634509699122
GEO_00914,380431.2576474333,7162223.377941372,volcanic,background,0.16223824996807348,0.12456909172237177,0.04549880727394348,0.6394890942680043,0.03301821419574528,41.057165742657226,4.332125385267746,0.015469073053890305,6.289210390878209,1.7700157063956772,4772.253813583598,3224.209971029387,1625.7439812571786,3373.4585594304103,0.0,False,False,False,False,False,False,False,False,False,True,41.057165742657226,4.332125385267746,0.015469073053890305,6.289210390878209,1.7700157063956772,4772.253813583598,3224.209971029387,1625.7439812571786,3373.4585594304103,1010.8403495873719
GEO_00915,384893.1911276463,7129722.3106253985,volcanic,background,0.36377490316460054,0.03682691693799849,0.18562810549137795,0.673039812584103,0.0,61.018727654179614,5.022348732534025,0.021661685262902363,6.3431198696525115,1.522563086928171,5176.128777953886,3558.4997949699314,2451.696831621651,3314.499784836606,1908.6984161993926,False,False,False,False,False,False,False,False,False,False,61.018727654179614,5.022348732534025,0.021661685262902363,6.3431198696525115,1.522563086928171,5176.128777953886,3558.4997949699314,2451.696831621651,3314.499784836606,1908.6984161993926
GEO_00916,415305.31602937565,7151598.105283306,sedimentary,background,0.09682687037808743,0.16587125425972193,0.2022336981610663,0.012951752504130488,0.22721055742852922,40.499410515790885,6.1899451465123905,0.011100448977333003,6.493722044334298,1.6017325692886062,3762.398150436278,2240.965207771768,3294.6979909621946,2735.891889552716,1540.803694341942,False,False,False,False,False,False,False,False,False,False,40.499410515790885,6.1899451465123905,0.011100448977333003,6.493722044334298,1.6017325692886062,3762.398150436278,2240.965207771768,3294.6979909621946,2735.891889552716,1540.803694341942
GEO_00917,363935.543891681,7111850.68247557,volcanic,background,0.06384343571173966,0.0,0.0,0.7197196949964064,0.13016690046539076,0.0,4.041163656397714,0.01233994276548717,0.0,1.580339492352179,4835.3165794108945,3350.910044104319,2169.620622613926,3153.9943575756733,1759.778300984669,True,False,False,True,False,False,False,False,False,False,29.021233873281712,4.041163656397714,0.01233994276548717,2.873968605217626,1.580339492352179,4835.3165794108945,3350.910044104319,2169.620622613926,3153.9943575756733,1759.778300984669
GEO_00918,351832.0685138667,7148211.367095981,volcanic,background,0.0,0.0,0.0,0.7074568705729323,0.0,41.58382563247835,0.0,0.017119790473884813,5.177787192836526,1.3892993679918884,5367.85580542333,2872.250994552582,2006.6637666036293,2985.6486971965164,1368.4414257531487,False,True,False,False,False,False,False,False,False,False,41.58382563247835,2.228649390968052,0.017119790473884813,5.177787192836526,1.3892993679918884,5367.85580542333,2872.250994552582,2006.6637666036293,2985.6486971965164,1368.4414257531487
GEO_00919,406057.94025969534,7173543.769199677,volcanic,background,0.029565774289227256,0.17606155721795205,0.10161220306512538,0.5974161879230508,0.14661413567501966,42.1857004558484,4.329221580736201,0.01167120830392076,,1.8423534575211848,4784.650996009226,3461.4845085588713,2396.5102679640304,3158.1668271478734,1511.4978503281484,False,False,False,False,False,False,False,False,False,False,42.1857004558484,4.329221580736201,0.01167120830392076,8.866921221131607,1.8423534575211848,4784.650996009226,3461.4845085588713,2396.5102679640304,3158.1668271478734,1511.4978503281484
GEO_00920,385710.36193766084,7160465.819541777,intrusive,background,0.23631193259828176,0.0348017255369554,0.0757533200178214,0.21195954664376296,0.7727209978469252,0.0,3.9986589135853947,0.013380709347454113,5.560361803800937,1.6301671060272622,3263.5963759571537,2006.2658781032567,1832.9964461595023,3705.2835785212897,1955.1605435173194,True,False,False,False,False,False,False,False,False,False,29.7975154211666,3.9986589135853947,0.013380709347454113,5.560361803800937,1.6301671060272622,3263.5963759571537,2006.2658781032567,1832.9964461595023,3705.2835785212897,1955.1605435173194
GEO_00921,353269.56648661505,7160596.24841602,intrusive,background,0.15604094336674715,0.052290691500491863,0.0,0.32164968964340496,1.0060890572087615,48.773869222292554,5.355918030303351,0.017346285829704284,0.0,1.6550564833343802,5141.117357736662,3599.7280840307694,1975.7886033118823,6536.474056938886,3431.5721161437455,False,False,False,True,False,False,False,False,False,False,48.773869222292554,5.355918030303351,0.017346285829704284,4.79824771776353,1.6550564833343802,5141.117357736662,3599.7280840307694,1975.7886033118823,6536.474056938886,3431.5721161437455
GEO_00922,424395.94360905,7161306.621154678,sedimentary,background,0.0011186286781488496,0.08758769410609069,0.0,0.0,0.13868689088209288,33.13244503940197,0.0,0.0,5.365495605374037,1.396862780597776,4055.465056553679,2360.9301973571114,2828.9579625651036,3448.712813805395,1616.9063866450122,False,True,True,False,False,False,False,False,False,False,33.13244503940197,2.9725914416589827,0.010365592090150774,5.365495605374037,1.396862780597776,4055.465056553679,2360.9301973571114,2828.9579625651036,3448.712813805395,1616.9063866450122
GEO_00923,353631.6853049435,7112473.921496289,volcanic,background,0.0,0.0581749322982868,0.009010204624536422,0.7450845465624101,0.0,37.41994686431596,0.0,0.0,6.571585832621652,1.3731803042252668,5474.111198816342,4495.6690863325775,1818.6316248557496,0.0,1162.8850728410969,False,True,True,False,False,False,False,False,True,False,37.41994686431596,2.967095641256604,0.009144928080084656,6.571585832621652,1.3731803042252668,5474.111198816342,4495.6690863325775,1818.6316248557496,2255.294074469714,1162.8850728410969
GEO_00924,388187.218632187,7122554.125581891,intrusive,background,0.1910575270334694,0.08240843976408907,0.08316763601743782,0.261176186014704,0.8785243620156721,,5.166547006317598,0.015765158229710034,6.693301801536704,2.11416306983322,3771.7169787331077,2583.886389061794,1987.0041423542182,4596.38282068226,2707.2528592043527,False,False,False,False,False,False,False,False,False,False,55.742681301266266,5.166547006317598,0.015765158229710034,6.693301801536704,2.11416306983322,3771.7169787331077,2583.886389061794,1987.0041423542182,4596.38282068226,2707.2528592043527
GEO_00925,378877.1813187111,7157581.895208474,volcanic,background,0.14666438371348364,0.0,0.0,0.851158127125177,0.08865584424944456,0.0,4.740312772454814,0.0,6.479695207883328,1.3134023927728313,4472.4160513640345,3432.6836677511883,2401.9830360732485,2657.5345670732513,0.0,True,False,True,False,False,False,False,False,False,True,29.348963885714564,4.740312772454814,0.01008698934901858,6.479695207883328,1.3134023927728313,4472.4160513640345,3432.6836677511883,2401.9830360732485,2657.5345670732513,962.8532555584156
GEO_00926,426354.391105028,7109460.547041315,volcanic,background,0.0650425379003362,0.11951344474381997,0.0,0.8670067230432452,0.05903310606754783,34.00892193035374,3.924505246120939,0.012697033923176932,6.5043959069283614,1.8883886775122394,7238.355665698355,4641.894748171919,2049.1205651698438,4196.5981620133225,0.0,False,False,False,False,False,False,False,False,False,True,34.00892193035374,3.924505246120939,0.012697033923176932,6.5043959069283614,1.8883886775122394,7238.355665698355,4641.894748171919,2049.1205651698438,4196.5981620133225,1047.642496776033
GEO_00927,383758.27944016096,7125049.225128671,intrusive,background,0.18261333904138116,0.20632470644012213,0.1322678214875475,0.5057528846533652,0.6745054664724309,33.53554204529882,4.174503219749925,0.015018648260844961,7.412550594155604,1.3905629292869173,5007.150072523678,3366.131281138913,2122.956023390511,4522.777257282437,2679.762756825239,False,False,False,False,False,False,False,False,False,False,33.53554204529882,4.174503219749925,0.015018648260844961,7.412550594155604,1.3905629292869173,5007.150072523678,3366.131281138913,2122.956023390511,4522.777257282437,2679.762756825239
GEO_00928,366848.36384393554,7103144.275153849,volcanic,background,0.13316118153030232,0.09106188515371667,0.0,0.6724830966076178,0.016380783815831197,49.50046275842796,,0.012990489973495917,0.0,1.2553752908142688,4555.955529813688,2981.4178821430455,0.0,2808.2452505114247,1324.1209293386778,False,False,False,True,False,False,False,True,False,False,49.50046275842796,3.6466137477125495,0.012990489973495917,4.515470756424372,1.2553752908142688,4555.955529813688,2981.4178821430455,1483.939221835986,2808.2452505114247,1324.1209293386778
GEO_00929,418838.25470849336,7115442.577598803,intrusive,background,0.0,0.17118822019460864,0.0,0.33624648872710755,0.7001762005752472,0.0,3.720475784293961,0.01427287423795321,7.428141515792501,1.349285736348841,3952.376816483119,2412.114774022388,2083.147179034458,5013.160345605242,2026.2172238919693,True,False,False,False,False,False,False,False,False,False,26.058285755227818,3.720475784293961,0.01427287423795321,7.428141515792501,1.349285736348841,3952.376816483119,2412.114774022388,2083.147179034458,5013.160345605242,2026.2172238919693
GEO_00930,391752.5126501077,7154589.63951264,volcanic,halo,0.634939973674573,0.3068704144938771,0.4123983048378243,0.5838449443125411,0.1543870054091981,77.27277130407137,7.957438366251145,0.023907765711347253,9.008547622580794,1.4303948887431146,4854.451344904558,4057.6458039010936,2007.6296032036048,2619.2226224287906,1860.365410983788,False,False,False,False,False,False,False,False,False,False,77.27277130407137,7.957438366251145,0.023907765711347253,9.008547622580794,1.4303948887431146,4854.451344904558,4057.6458039010936,2007.6296032036048,2619.2226224287906,1860.365410983788
GEO_00931,362756.0825506979,7166313.330178598,intrusive,background,0.11928451940624604,0.0,0.043331499603216125,0.328420761110691,0.8148160536103461,38.668297101030674,4.809560253467427,0.012489761974342452,7.7546982151999355,1.2192700834335641,3696.345571563711,2777.8640314922627,2138.710450190158,3864.172615098244,2264.0878707810934,False,False,False,False,False,False,False,False,False,False,38.668297101030674,4.809560253467427,0.012489761974342452,7.7546982151999355,1.2192700834335641,3696.345571563711,2777.8640314922627,2138.710450190158,3864.172615098244,2264.0878707810934
GEO_00932,360884.4772580415,7178935.1670177495,volcanic,background,0.16808589885624065,0.06673855526455129,0.0,0.7539837155445615,0.0,53.869436875227116,4.966728337136788,0.017719321150051204,5.545475125421785,1.4407008307380056,4599.015122864039,2316.5520134641474,2433.7586440701666,0.0,1292.1648721704537,False,False,False,False,False,False,False,False,True,False,53.869436875227116,4.966728337136788,0.017719321150051204,5.545475125421785,1.4407008307380056,4599.015122864039,2316.5520134641474,2433.7586440701666,2374.537150673703,1292.1648721704537
GEO_00933,398030.90372994065,7170664.172402781,volcanic,background,0.1774115771506774,0.1743609102603676,0.15380411527408408,0.6725334016202258,0.0,36.43284575483397,4.320730211480327,0.01338613571738553,9.394280226463755,1.600043302274134,4937.326147232846,3196.182709972891,0.0,3188.4674631241937,1152.106212867675,False,False,False,False,False,False,False,True,False,False,36.43284575483397,4.320730211480327,0.01338613571738553,9.394280226463755,1.600043302274134,4937.326147232846,3196.182709972891,1269.818983730634,3188.4674631241937,1152.106212867675
GEO_00934,354855.72317867196,7160558.723320419,volcanic,background,0.11936008569382091,5.272717308086576e-05,0.0,0.850347397177025,0.0,45.47980328871297,0.0,0.015474135503702843,0.0,0.0,7080.8223630491075,4075.3606379152616,1887.5895283846264,3383.280009010373,0.0,False,True,False,True,True,False,False,False,False,True,45.47980328871297,3.2942005833861665,0.015474135503702843,3.4009900671582587,1.141394427912172,7080.8223630491075,4075.3606379152616,1887.5895283846264,3383.280009010373,1104.1020791277867
GEO_00935,377697.0894981653,7168474.485577994,volcanic,background,0.0930275648871905,0.198776420536333,0.08586557044616838,0.7259454921514873,0.0,44.298343487342876,5.198823829286971,0.018830175615093814,5.775029382798207,2.12610227856367,7189.602579047197,3519.3856176269087,2150.5341265108036,3157.4207438672315,1222.2585235036936,False,False,False,False,False,False,False,False,False,False,44.298343487342876,5.198823829286971,0.018830175615093814,5.775029382798207,2.12610227856367,7189.602579047197,3519.3856176269087,2150.5341265108036,3157.4207438672315,1222.2585235036936
GEO_00936,404550.74375715514,7169627.297553561,sedimentary,background,0.19160970739342129,0.1623839012686974,0.05067275324742784,0.0,0.20271481095538535,40.049222568943094,5.13685624172041,0.017814105024753293,6.643906142634276,0.0,4000.4546022507348,0.0,4241.680969256868,3716.115435567569,1293.968291054346,False,False,False,False,True,False,True,False,False,False,40.049222568943094,5.13685624172041,0.017814105024753293,6.643906142634276,1.1482701500003862,4000.4546022507348,1357.4209093556258,4241.680969256868,3716.115435567569,1293.968291054346
GEO_00937,407260.0435493338,7151202.252805186,volcanic,halo,0.4774477173696736,0.6818619984237709,0.4705794795862686,0.8541788688984913,0.04658006535631115,81.68532777374132,7.325560437368612,0.0287987194887762,10.527085792425668,3.4114294981054605,6925.141486437188,3411.238868892669,2454.4556241153964,2640.5156555517033,1777.1964099810773,False,False,False,False,False,False,False,False,False,False,81.68532777374132,7.325560437368612,0.0287987194887762,10.527085792425668,3.4114294981054605,6925.141486437188,3411.238868892669,2454.4556241153964,2640.5156555517033,1777.1964099810773
GEO_00938,402642.979402495,7140800.942770254,volcanic,halo,0.7979365862077084,0.1147900637455003,0.38114597231983677,0.7203269050552128,0.11132684394298115,138.36900862444267,8.1599669102055,0.024041640633461533,7.677197530765491,1.52196923195365,4326.544907008452,4117.465829031751,,3856.3292087746067,1183.4657314423603,False,False,False,False,False,False,False,False,False,False,138.36900862444267,8.1599669102055,0.024041640633461533,7.677197530765491,1.52196923195365,4326.544907008452,4117.465829031751,1883.5672337869137,3856.3292087746067,1183.4657314423603
GEO_00939,361230.8329714366,7155095.170793197,sedimentary,background,0.13891046617712735,0.0,0.06127036197678482,0.08884169041807476,0.158067122570359,42.306870383514976,4.749726187099369,0.01384468648306179,0.0,0.0,4345.051392952159,2544.193873834334,3572.4912007565176,3517.735351648321,1321.8009352477748,False,False,False,True,True,False,False,False,False,False,42.306870383514976,4.749726187099369,0.01384468648306179,4.634784882397936,1.006851956163668,4345.051392952159,2544.193873834334,3572.4912007565176,3517.735351648321,1321.8009352477748
GEO_00940,351537.6174593996,7158278.544418037,intrusive,background,0.0,0.09036159378460966,0.0,0.19857112499089882,0.8799878036480775,0.0,5.405601983009196,0.01571069976791514,8.591502285985738,1.5906998643111525,3447.433214996181,0.0,1982.2194830970839,5902.75906667573,2909.9883995719247,True,False,False,False,False,False,True,False,False,False,27.017495125719954,5.405601983009196,0.01571069976791514,8.591502285985738,1.5906998643111525,3447.433214996181,1410.217501207918,1982.2194830970839,5902.75906667573,2909.9883995719247
GEO_00941,401860.95111476944,7105631.751276577,intrusive,background,0.09523282955190994,0.045427620334237195,0.07152843113156218,0.18790590182973066,0.5567746437675672,43.19343660533427,3.7166098707268254,0.01574021845089588,7.6290000236660305,2.284685065723083,5305.0821042799935,3104.6913228666317,0.0,3120.8154592009764,1611.7760580219208,False,False,False,False,False,False,False,True,False,False,43.19343660533427,3.7166098707268254,0.01574021845089588,7.6290000236660305,2.284685065723083,5305.0821042799935,3104.6913228666317,1345.1739940996172,3120.8154592009764,1611.7760580219208
GEO_00942,380360.9214014894,7167355.419810973,intrusive,background,0.0,0.04560597036942036,0.01386044131384067,0.14387229433420334,0.747182753609184,39.199115696356145,4.293893274745418,0.0,4.936873673063766,1.5828970294694231,0.0,2420.6013446621528,2030.0522967894874,6636.995489250282,2390.792925680973,False,False,True,False,False,True,False,False,False,False,39.199115696356145,4.293893274745418,0.009623056753882347,4.936873673063766,1.5828970294694231,2948.6601519112883,2420.6013446621528,2030.0522967894874,6636.995489250282,2390.792925680973
GEO_00943,394122.2999584094,7138721.928525785,volcanic,halo,0.669723737538674,0.16979631741997547,0.44703168926331355,0.6075101991911573,0.0705144958062696,65.18525516323443,10.466453247765786,0.026220535586397975,7.347260459465425,1.452473981427263,6182.2251021132515,2790.065271570821,1897.5010689332153,2847.243400183294,1888.3859503014378,False,False,False,False,False,False,False,False,False,False,65.18525516323443,10.466453247765786,0.026220535586397975,7.347260459465425,1.452473981427263,6182.2251021132515,2790.065271570821,1897.5010689332153,2847.243400183294,1888.3859503014378
GEO_00944,360199.9158001588,7144092.4597516935,intrusive,background,0.0,0.1292420525894988,0.0,0.3305239663385488,0.7069057016971538,,0.0,0.012571569528468532,5.899617443563909,1.6337129389856542,4926.735794681972,2467.174815128255,2447.4717113862334,5547.265422389107,1919.0668680604726,False,True,False,False,False,False,False,False,False,False,38.196499476505124,3.378538060021974,0.012571569528468532,5.899617443563909,1.6337129389856542,4926.735794681972,2467.174815128255,2447.4717113862334,5547.265422389107,1919.0668680604726
GEO_00945,361292.456969887,7134139.074927667,volcanic,background,0.08003688415502054,0.05682645578552135,0.0,0.764086806381594,0.030640934796704183,37.06287592005481,0.0,0.0,0.0,0.0,4745.475226190517,3862.8254343882863,2234.445905049955,2659.8397703819105,0.0,False,True,True,True,True,False,False,False,False,True,37.06287592005481,3.349410528485173,0.009552291003374864,4.565952728259815,1.1638532965295099,4745.475226190517,3862.8254343882863,2234.445905049955,2659.8397703819105,1145.2305316028992
GEO_00946,363191.50508937857,7110964.835474009,volcanic,background,0.0,0.0,0.0,0.5522518980135757,0.08793107446448409,34.382774442307685,4.088738253792938,0.014193157599447325,5.682126101583023,1.465683784282948,3819.1791541274897,2827.1947804848282,2194.765851440126,2733.792160245022,1229.4476513198838,False,False,False,False,False,False,False,False,False,False,34.382774442307685,4.088738253792938,0.014193157599447325,5.682126101583023,1.465683784282948,3819.1791541274897,2827.1947804848282,2194.765851440126,2733.792160245022,1229.4476513198838
GEO_00947,406985.21377254144,7169381.225532027,sedimentary,background,0.17880896911009486,0.2680042580829722,0.1044972752334741,0.010249372452292066,0.15232729163207087,64.86527522764902,5.544247665025389,0.016564566903524144,9.307335551523648,1.9006777670100703,3314.090424433642,1949.692312130323,3311.699587388998,3838.277880325468,1453.2845239449578,False,False,False,False,False,False,False,False,False,False,64.86527522764902,5.544247665025389,0.016564566903524144,9.307335551523648,1.9006777670100703,3314.090424433642,1949.692312130323,3311.699587388998,3838.277880325468,1453.2845239449578
GEO_00948,366470.4576393654,7151397.600082229,volcanic,background,0.02168720887207002,0.07202139857045745,0.014235139183755754,0.7124222549545464,0.027774554662275183,33.470859912239284,0.0,0.0,5.720405313708722,1.4084401082564713,6140.1280010545015,3718.3165345836674,2146.1999637866443,0.0,1485.5568054268958,False,True,True,False,False,False,False,False,True,False,33.470859912239284,3.002179078765093,0.009671010753025044,5.720405313708722,1.4084401082564713,6140.1280010545015,3718.3165345836674,2146.1999637866443,2478.332138777696,1485.5568054268958
GEO_00949,366948.1349890146,7119728.72856535,volcanic,background,0.0,0.0,0.0,0.6353646721145993,0.11719962628749443,0.0,3.8456554023747014,0.012154615422796252,7.037082191846031,1.2331391163680636,5424.41336329267,3182.7354478129837,1540.1638086537669,3703.1743845464507,1330.5662155432235,True,False,False,False,False,False,False,False,False,False,24.960245139166208,3.8456554023747014,0.012154615422796252,7.037082191846031,1.2331391163680636,5424.41336329267,3182.7354478129837,1540.1638086537669,3703.1743845464507,1330.5662155432235
GEO_00950,415354.59380420076,7128554.458327748,intrusive,background,0.08857863406433378,0.07380748712648838,0.041831437249910536,0.28654413862049505,0.6396472555969017,42.20329649129011,3.655083609003492,0.014001868354504014,6.807409921576993,1.4580393404849166,6396.478540667954,2582.967604187495,2214.482979008762,2935.145530689903,2503.2637062779922,False,False,False,False,False,False,False,False,False,False,42.20329649129011,3.655083609003492,0.014001868354504014,6.807409921576993,1.4580393404849166,6396.478540667954,2582.967604187495,2214.482979008762,2935.145530689903,2503.2637062779922
GEO_00951,379865.21577285085,7138570.425787842,intrusive,background,0.21381566588793735,0.0,0.2615626991585105,0.181813520145862,0.8685234414853614,34.99585733364487,4.52479780139086,0.011634134982864107,5.232576530410692,1.8476802762069398,4118.367738331018,2297.3678054682778,1653.5085441968731,4641.001604199765,1915.8911803336694,False,False,False,False,False,False,False,False,False,False,34.99585733364487,4.52479780139086,0.011634134982864107,5.232576530410692,1.8476802762069398,4118.367738331018,2297.3678054682778,1653.5085441968731,4641.001604199765,1915.8911803336694
GEO_00952,414786.86456883856,7115748.441198867,intrusive,background,0.0,0.011776101680935418,0.0,0.3502813244035361,0.746070795565701,34.43948389499771,4.424738283849339,0.0,0.0,0.0,4485.378048305024,2119.145841494983,0.0,4722.510426486069,1688.2601032003486,False,False,True,True,True,False,False,True,False,False,34.43948389499771,4.424738283849339,0.008376590943487382,3.7307105274818406,1.1634929793792843,4485.378048305024,2119.145841494983,1375.456635801951,4722.510426486069,1688.2601032003486
GEO_00953,390134.6390703508,7147578.15576124,volcanic,anomalous,0.861182501958531,0.22000366714372613,0.593558755745276,0.6780019632897784,0.0,135.18681908759336,11.997820533131282,0.021702247846176626,8.854930495823561,1.8856734394035133,6949.961793412314,4270.906700211171,2784.69717716595,3161.414577260985,1555.1400361787344,False,False,False,False,False,False,False,False,False,False,135.18681908759336,11.997820533131282,0.021702247846176626,8.854930495823561,1.8856734394035133,6949.961793412314,4270.906700211171,2784.69717716595,3161.414577260985,1555.1400361787344
GEO_00954,396114.2034575328,7136825.069583302,volcanic,halo,0.5926374127616412,0.250898431553671,0.5806736658950326,0.721216942698267,0.04555805438427989,85.0168502016331,7.041375328366046,0.031313701624978096,9.992722172066962,1.8656502644242623,8959.644285616356,4647.991789292276,2701.469662939038,3257.4678946836825,1654.614218191355,False,False,False,False,False,False,False,False,False,False,85.0168502016331,7.041375328366046,0.031313701624978096,9.992722172066962,1.8656502644242623,8959.644285616356,4647.991789292276,2701.469662939038,3257.4678946836825,1654.614218191355
GEO_00955,378582.92857852555,7162042.614200261,intrusive,background,0.1048732596751136,0.0,0.0,0.0,0.8252602086764307,55.493578709151436,6.507258755697022,0.014623743623944082,5.152315187514761,1.3346223650250324,3871.433738665939,2062.371862554167,2287.07888714287,5677.1788934477545,1855.2249292188515,False,False,False,False,False,False,False,False,False,False,55.493578709151436,6.507258755697022,0.014623743623944082,5.152315187514761,1.3346223650250324,3871.433738665939,2062.371862554167,2287.07888714287,5677.1788934477545,1855.2249292188515
GEO_00956,387602.2972739545,7163558.320962738,volcanic,background,0.15377131210115946,0.07316315917982587,0.08884659151275127,0.6556486998881679,0.0,44.99838970184627,5.061601802481768,0.011781440959288843,4.830298753747886,1.487294921870593,5521.330216461616,4390.823815225137,2143.307031864081,3691.7186956050514,1821.2865125669575,False,False,False,False,False,False,False,False,False,False,44.99838970184627,5.061601802481768,0.011781440959288843,4.830298753747886,1.487294921870593,5521.330216461616,4390.823815225137,2143.307031864081,3691.7186956050514,1821.2865125669575
GEO_00957,382283.4436402464,7158245.593263354,intrusive,background,0.31251513834175415,0.13183282451703515,0.20435376228690888,0.2515582795394806,0.7933829123033495,68.28899399610272,5.784604330575073,0.017879151984622855,6.3454517589213,1.360063720258904,5496.56187845368,1942.9099063474657,1562.2235606213628,3823.952171204819,2546.4831089301133,False,False,False,False,False,False,False,False,False,False,68.28899399610272,5.784604330575073,0.017879151984622855,6.3454517589213,1.360063720258904,5496.56187845368,1942.9099063474657,1562.2235606213628,3823.952171204819,2546.4831089301133
GEO_00958,393553.62142189953,7138821.06134201,intrusive,halo,0.758554994310666,0.4290833182271419,0.43052847884882034,0.18747757466933193,0.8080350242577646,100.01165393260278,11.368007632913173,0.038242284097683286,5.757554311367076,1.785940804648383,4444.179160405778,2580.768570771723,2131.759144804861,3703.596849553245,2369.0218374349897,False,False,False,False,False,False,False,False,False,False,100.01165393260278,11.368007632913173,0.038242284097683286,5.757554311367076,1.785940804648383,4444.179160405778,2580.768570771723,2131.759144804861,3703.596849553245,2369.0218374349897
GEO_00959,421375.5639263714,7144260.4328597095,volcanic,background,0.11445726751024751,0.08570742739686071,0.10025543782803084,0.6762161686447757,0.016486399253151453,0.0,4.750047167925022,0.013057695358817085,6.727748756774754,1.446837950784246,4682.09713464376,2438.5060686523066,2797.488825667893,0.0,0.0,True,False,False,False,False,False,False,False,True,True,29.119882635595683,4.750047167925022,0.013057695358817085,6.727748756774754,1.446837950784246,4682.09713464376,2438.5060686523066,2797.488825667893,2180.9431511841935,1064.0057413244012
GEO_00960,399583.4746076416,7123729.849644681,intrusive,background,0.10763616916082158,0.090330693574376,0.019409055574870528,0.15556812931799516,0.773796475401106,47.439520687643274,3.934021996603355,0.014524713116502894,7.807775638013421,1.8808402071118386,4561.509766349543,2381.2876182954687,2320.2643138037315,4875.923776376767,2699.7915046602475,False,False,False,False,False,False,False,False,False,False,47.439520687643274,3.934021996603355,0.014524713116502894,7.807775638013421,1.8808402071118386,4561.509766349543,2381.2876182954687,2320.2643138037315,4875.923776376767,2699.7915046602475
GEO_00961,396468.9925173716,7125829.455806224,volcanic,background,0.2531972507643015,0.0,0.02848208903918359,0.7789444340165296,0.09398471655952956,44.96854023972281,4.705316398490904,0.011216392597868144,7.233012063794741,1.4085361443190836,8323.289334318792,2685.132707147494,1594.3291199943264,2925.7937009129178,1217.4320849264066,False,False,False,False,False,False,False,False,False,False,44.96854023972281,4.705316398490904,0.011216392597868144,7.233012063794741,1.4085361443190836,8323.289334318792,2685.132707147494,1594.3291199943264,2925.7937009129178,1217.4320849264066
GEO_00962,400367.0419430362,7107782.174930827,volcanic,background,0.0,0.23966773967240995,0.0,0.5959742629085786,0.08729109344638743,31.715581376343817,0.0,0.012422616565578064,7.410999167993831,2.3040293093072424,5852.439264926809,2666.943182679639,1997.727987803369,2997.1349100382135,1933.7301621923718,False,True,False,False,False,False,False,False,False,False,31.715581376343817,3.306770841794957,0.012422616565578064,7.410999167993831,2.3040293093072424,5852.439264926809,2666.943182679639,1997.727987803369,2997.1349100382135,1933.7301621923718
GEO_00963,351339.8650766726,7171890.2382831,volcanic,background,0.0,0.020885938749860916,0.07839655525578272,0.6640258704702846,0.010548660010518907,0.0,0.0,0.012071725528242792,5.042115456000809,1.6743683105324971,4819.704291857681,3274.793256381861,2425.5303108310095,4180.595205533304,1729.96650098125,True,True,False,False,False,False,False,False,False,False,23.091034565935182,3.1800894360619982,0.012071725528242792,5.042115456000809,1.6743683105324971,4819.704291857681,3274.793256381861,2425.5303108310095,4180.595205533304,1729.96650098125
GEO_00964,368442.2921326677,7128401.1125504365,volcanic,background,0.025748492628213486,0.0,0.0,0.8315651424055379,0.0,32.08361190834833,4.667305342516011,0.0,5.198749876823731,1.671370029642694,4708.116204482093,4709.006320927218,1752.1407755985872,3432.8811069648496,1376.2657985673254,False,False,True,False,False,False,False,False,False,False,32.08361190834833,4.667305342516011,0.009754816770103352,5.198749876823731,1.671370029642694,4708.116204482093,4709.006320927218,1752.1407755985872,3432.8811069648496,1376.2657985673254
GEO_00965,383162.3922439543,7132087.373187898,intrusive,background,0.35854396385598647,0.09505997857582854,0.22681655103510776,0.3552373496126479,0.6345570029938454,62.817268458081045,6.755919297532561,0.013498289834684554,6.477976484051507,1.7174741535224376,4602.237091440495,3017.367794574489,1521.7865808039671,3740.057024468448,2858.449075957303,False,False,False,False,False,False,False,False,False,False,62.817268458081045,6.755919297532561,0.013498289834684554,6.477976484051507,1.7174741535224376,4602.237091440495,3017.367794574489,1521.7865808039671,3740.057024468448,2858.449075957303
GEO_00966,428117.09878063673,7137545.800467748,sedimentary,background,0.0,0.0,0.0,0.0,0.17381650511403124,34.48259432062588,3.8908839557107955,0.011786833725488265,6.899747048003731,0.0,4240.734375486974,2011.3225781593526,3442.271294433325,2762.2715631937726,1995.569733249768,False,False,False,False,True,False,False,False,False,False,34.48259432062588,3.8908839557107955,0.011786833725488265,6.899747048003731,1.1975966046668953,4240.734375486974,2011.3225781593526,3442.271294433325,2762.2715631937726,1995.569733249768
GEO_00967,409325.7180407342,7174803.565492893,volcanic,background,0.1701964591581883,0.006145442227808384,0.090888838083514,0.569622957381064,0.1248266017675383,45.67989940542825,4.222840335755603,0.012798921919674687,4.97614158586303,1.6172317201107222,4058.9493315300083,2785.654822424998,1963.7657070868083,3273.3990733246906,1280.3341475729328,False,False,False,False,False,False,False,False,False,False,45.67989940542825,4.222840335755603,0.012798921919674687,4.97614158586303,1.6172317201107222,4058.9493315300083,2785.654822424998,1963.7657070868083,3273.3990733246906,1280.3341475729328
GEO_00968,422929.60725587443,7154448.037329609,intrusive,background,0.1096269179765475,0.049368416148860554,0.06057779251756641,0.057886135205821754,0.8111599570202503,33.14855505101988,5.689431791004432,0.017354984547695837,5.024605989576959,1.3319035244813908,3516.457987426271,1813.2558154429807,2083.196461524414,3001.7865388378855,1903.5400878780474,False,False,False,False,False,False,False,False,False,False,33.14855505101988,5.689431791004432,0.017354984547695837,5.024605989576959,1.3319035244813908,3516.457987426271,1813.2558154429807,2083.196461524414,3001.7865388378855,1903.5400878780474
GEO_00969,394557.74011685734,7165755.162405954,intrusive,halo,0.4343063197560649,0.16798306648376093,0.21860543473359656,0.282030152142347,0.9374438434532104,57.12085682835305,7.51171067113786,0.02091361547247864,7.813336527783814,1.798624287217376,4314.7492223952195,2371.2373182748493,2061.637370579041,6072.441520764514,3375.7450996996677,False,False,False,False,False,False,False,False,False,False,57.12085682835305,7.51171067113786,0.02091361547247864,7.813336527783814,1.798624287217376,4314.7492223952195,2371.2373182748493,2061.637370579041,6072.441520764514,3375.7450996996677
GEO_00970,419545.39882326045,7114410.999497782,sedimentary,background,0.0051719866649708665,0.16061146084147615,0.1683267894370552,0.012806213184962027,0.25789336676948366,33.24632894101405,3.571010210366645,0.016302183163479065,7.877692199863934,2.118161871036139,3871.0212535862656,1926.8830028370405,3877.956203814323,2611.7115006164267,1934.041937139637,False,False,False,False,False,False,False,False,False,False,33.24632894101405,3.571010210366645,0.016302183163479065,7.877692199863934,2.118161871036139,3871.0212535862656,1926.8830028370405,3877.956203814323,2611.7115006164267,1934.041937139637
GEO_00971,387220.0857788999,7115067.137793839,volcanic,background,0.0,0.0,0.009205955215021537,0.6631078323155257,0.054131135619522354,30.567728698407286,0.0,0.011166683639851207,0.0,1.2222058588627631,7039.583325540494,2650.645300111253,2118.297144619969,2572.37725902893,1723.909046946701,False,True,False,True,False,False,False,False,False,False,30.567728698407286,3.370035296803264,0.011166683639851207,4.4306830422414825,1.2222058588627631,7039.583325540494,2650.645300111253,2118.297144619969,2572.37725902893,1723.909046946701
GEO_00972,422522.42086150096,7109768.098664643,sedimentary,background,0.07624226135415112,0.2651782873093685,0.09201621887826306,0.0,0.1804457774303463,52.42669743063604,0.0,0.016116086147767286,8.207780860744126,2.103783448570521,4527.881084219257,2182.2857232297038,3988.044721138861,2965.5281566483927,2198.584738949989,False,True,False,False,False,False,False,False,False,False,52.42669743063604,2.9080671887061023,0.016116086147767286,8.207780860744126,2.103783448570521,4527.881084219257,2182.2857232297038,3988.044721138861,2965.5281566483927,2198.584738949989
GEO_00973,429364.3892691201,7179133.435628446,volcanic,background,0.16533346341144434,0.0583905204918399,0.048171112702927815,0.8952865757154167,0.13330192490476142,47.64557186308041,3.836610691149739,0.013379154707407949,5.916934379217947,0.0,5670.379404030948,3363.13508801906,2582.707831607063,4439.972206200852,1590.4030624883942,False,False,False,False,True,False,False,False,False,False,47.64557186308041,3.836610691149739,0.013379154707407949,5.916934379217947,1.1747577911582916,5670.379404030948,3363.13508801906,2582.707831607063,4439.972206200852,1590.4030624883942
GEO_00974,403196.7854172434,7151525.47050022,intrusive,anomalous,0.7485839330346943,0.5499433302195736,0.5900335402181156,0.327849515964186,0.6284075169503088,136.75816481563058,8.201095589714782,0.038566149012510494,11.59178841327579,2.8704291465949265,4555.701325707948,2518.4369761853786,1901.137243377433,3914.6176494486976,1937.6139938687954,False,False,False,False,False,False,False,False,False,False,136.75816481563058,8.201095589714782,0.038566149012510494,11.59178841327579,2.8704291465949265,4555.701325707948,2518.4369761853786,1901.137243377433,3914.6176494486976,1937.6139938687954
GEO_00975,388488.69144044723,7136482.849811071,volcanic,halo,0.7075578391663886,0.1259093616036949,0.3578170594935126,0.6940210893222245,0.046491040565246666,105.83827710059407,,0.025976191953385356,5.35634799094148,0.0,4973.769671137217,2844.2434508502392,2449.8640041876847,2620.5645176862977,1321.4652468009808,False,False,False,False,True,False,False,False,False,False,105.83827710059407,7.00865845390787,0.025976191953385356,5.35634799094148,1.1861754112133203,4973.769671137217,2844.2434508502392,2449.8640041876847,2620.5645176862977,1321.4652468009808
GEO_00976,406884.76617711625,7141612.199970471,intrusive,halo,0.43352640567719436,0.25221540518507446,0.34910349129001306,0.22273257877186242,0.7483236635415565,57.425680218307086,7.473949027193257,0.025057197373528083,7.172016683778721,1.6863826405344657,5613.67836478349,3003.3753051583585,1936.7661490786707,4446.005478384378,1630.608583153306,False,False,False,False,False,False,False,False,False,False,57.425680218307086,7.473949027193257,0.025057197373528083,7.172016683778721,1.6863826405344657,5613.67836478349,3003.3753051583585,1936.7661490786707,4446.005478384378,1630.608583153306
GEO_00977,426089.9623208912,7154539.974325146,sedimentary,background,0.0,0.036296595616067635,0.0,0.0,0.16028813060801284,0.0,4.719383111298813,0.01060566847799286,0.0,1.338632879212052,3282.5765078016298,2243.306721381263,3426.890339083243,3383.4622333794746,2010.488992682399,True,False,False,True,False,False,False,False,False,False,29.66202206146218,4.719383111298813,0.01060566847799286,4.0668705184195195,1.338632879212052,3282.5765078016298,2243.306721381263,3426.890339083243,3383.4622333794746,2010.488992682399
GEO_00978,387094.5838141776,7165695.22682962,sedimentary,background,0.2688606900381678,0.14741382997876606,0.21180955373620808,0.02544051755442772,0.30599189986590525,47.017211874697466,4.613452303413622,0.016804160280064328,7.303886808444553,1.298102216205293,4362.304662832571,0.0,2938.2722519904237,3872.415322064807,2230.305170466067,False,False,False,False,False,False,True,False,False,False,47.017211874697466,4.613452303413622,0.016804160280064328,7.303886808444553,1.298102216205293,4362.304662832571,1528.7423534274667,2938.2722519904237,3872.415322064807,2230.305170466067
GEO_00979,405214.6157730411,7150950.242523944,volcanic,anomalous,0.8303259662910744,0.5688644596298401,0.5371002685279738,0.6687322980036283,0.07900953418689932,109.43840818884654,11.429657620005868,0.04019392548094744,10.548626747193945,2.365956667888854,6994.975265867383,3667.7881301460525,2748.267322499484,3361.824328145009,1967.591265928469,False,False,False,False,False,False,False,False,False,False,109.43840818884654,11.429657620005868,0.04019392548094744,10.548626747193945,2.365956667888854,6994.975265867383,3667.7881301460525,2748.267322499484,3361.824328145009,1967.591265928469
GEO_00980,353792.0755129804,7161316.214999883,volcanic,background,0.07941756075476694,0.0,0.012506124905609421,0.7038370739622174,0.05211421874955041,48.158514971864534,0.0,0.0,5.322498931010405,1.6564330753873322,7100.329328409472,3042.3176774715444,1954.5831033988675,2596.529700296041,1262.6976423604606,False,True,True,False,False,False,False,False,False,False,48.158514971864534,3.4056444962389816,0.009956568971970989,5.322498931010405,1.6564330753873322,7100.329328409472,3042.3176774715444,1954.5831033988675,2596.529700296041,1262.6976423604606
GEO_00981,396554.7854425715,7101898.374030763,intrusive,background,0.0,0.01939731224474881,0.0551856907917648,0.2019194315640457,0.7313062759813792,51.93919736063818,4.261142064185386,0.0,4.866535620139318,0.0,4906.454441358755,2329.6586797264185,2838.1342782374104,6163.300530756853,1989.0478763543003,False,False,True,False,True,False,False,False,False,False,51.93919736063818,4.261142064185386,0.009309915634038855,4.866535620139318,1.0230471515396968,4906.454441358755,2329.6586797264185,2838.1342782374104,6163.300530756853,1989.0478763543003
GEO_00982,374316.3576489772,7113390.052188118,sedimentary,background,0.0216776033972029,0.20179843396901379,0.054266854458718,0.06695124215558622,0.0691191925952305,0.0,0.0,0.016275636869568053,11.992526619602385,1.6075408192728107,3554.6856234408633,2038.809943663207,3057.5668954163853,0.0,1279.1309430624656,True,True,False,False,False,False,False,False,True,False,27.566082779047658,3.041773495608571,0.016275636869568053,11.992526619602385,1.6075408192728107,3554.6856234408633,2038.809943663207,3057.5668954163853,2282.052634209923,1279.1309430624656
GEO_00983,411293.3799263489,7177794.01435633,volcanic,background,0.0,0.0069171241062246334,0.0403157309974485,0.7181044974847204,0.0,0.0,3.622080391746945,0.010569762721059674,5.173559508936958,1.4808415619933868,4449.466321619207,4154.888311122335,2390.8297880778796,3497.2629732378946,1193.1086946131757,True,False,False,False,False,False,False,False,False,False,26.5812843889551,3.622080391746945,0.010569762721059674,5.173559508936958,1.4808415619933868,4449.466321619207,4154.888311122335,2390.8297880778796,3497.2629732378946,1193.1086946131757
GEO_00984,373360.48936205555,7169222.631165124,volcanic,background,0.1295400925353491,0.06542863703752899,0.2319841209603099,0.5848311066336308,0.0,42.28371540713656,5.260484716383542,0.014333589050189933,0.0,1.5710302541150125,5104.238849178884,2963.3175589569764,1991.2651879867055,0.0,1205.676914545706,False,False,False,True,False,False,False,False,True,False,42.28371540713656,5.260484716383542,0.014333589050189933,4.747029675087301,1.5710302541150125,5104.238849178884,2963.3175589569764,1991.2651879867055,2278.0681642103336,1205.676914545706
GEO_00985,398129.0450766914,7134441.301133435,volcanic,background,0.3853101217718874,0.0,0.26992703827341713,0.9749832617588521,0.0,48.420988864376426,4.886994521393384,0.017623554789888102,6.753109658714506,1.4605240225437852,8015.768047522968,4065.6739030981003,2083.387555957975,2569.5097547191112,1603.0366313776913,False,False,False,False,False,False,False,False,False,False,48.420988864376426,4.886994521393384,0.017623554789888102,6.753109658714506,1.4605240225437852,8015.768047522968,4065.6739030981003,2083.387555957975,2569.5097547191112,1603.0366313776913
GEO_00986,389861.7321927112,7131806.987575133,intrusive,background,0.42413698757373,0.0,0.19410631616358293,0.2730651655270571,0.7922564803862636,60.60349543520932,7.544285141401944,0.01769538750811292,7.7238651714699955,0.0,4266.169038754676,2010.6459996946137,1705.5046097184456,5178.875822679264,2405.9121234370346,False,False,False,False,True,False,False,False,False,False,60.60349543520932,7.544285141401944,0.01769538750811292,7.7238651714699955,1.1648268899030054,4266.169038754676,2010.6459996946137,1705.5046097184456,5178.875822679264,2405.9121234370346
GEO_00987,429791.19155236194,7112012.510565688,volcanic,background,0.09022056193099132,0.044849424712813245,0.0,0.6510817947866119,0.1499896060720001,0.0,3.5525835866234847,0.01304897785493881,5.811062237955534,1.2983657151898895,5928.408073136764,3153.319719326248,2057.5564488861173,3653.4823344340816,1666.5946207421518,True,False,False,False,False,False,False,False,False,False,24.81323665326881,3.5525835866234847,0.01304897785493881,5.811062237955534,1.2983657151898895,5928.408073136764,3153.319719326248,2057.5564488861173,3653.4823344340816,1666.5946207421518
GEO_00988,419716.34372624545,7109121.671665255,intrusive,background,0.0,0.0,0.0,0.127548317795524,0.6512285975901607,0.0,3.9476211571155613,0.013848186130659296,5.652938181574837,1.6514459448267451,3639.25387551947,2503.1768672476237,1838.3686554893325,4118.816605112955,2250.765286609333,True,False,False,False,False,False,False,False,False,False,24.631550853848175,3.9476211571155613,0.013848186130659296,5.652938181574837,1.6514459448267451,3639.25387551947,2503.1768672476237,1838.3686554893325,4118.816605112955,2250.765286609333
GEO_00989,357029.73489822325,7135209.973470361,sedimentary,background,0.02606185839131965,0.1287733605724284,0.010151565539929144,0.003960403939354752,0.33392080243716404,41.14642603625093,3.6103163414464343,0.012482537753547395,5.814885231144713,1.4709312494290447,3607.3533707311085,1927.0140507654771,3479.059439359668,4414.896219970681,1470.599052226105,False,False,False,False,False,False,False,False,False,False,41.14642603625093,3.6103163414464343,0.012482537753547395,5.814885231144713,1.4709312494290447,3607.3533707311085,1927.0140507654771,3479.059439359668,4414.896219970681,1470.599052226105
GEO_00990,423057.5124542314,7109069.973435731,intrusive,background,0.0,0.1239247555690986,0.06603231830046172,0.18713787454211284,0.949193226749531,0.0,5.872661942417812,0.0171727710243386,5.184896383350948,1.4249946784780378,4816.936247975061,2238.853547565611,1707.6461016231378,4261.8490983838155,2026.3336947504047,True,False,False,False,False,False,False,False,False,False,23.13045845091387,5.872661942417812,0.0171727710243386,5.184896383350948,1.4249946784780378,4816.936247975061,2238.853547565611,1707.6461016231378,4261.8490983838155,2026.3336947504047
GEO_00991,411307.8371778295,7164080.610328347,volcanic,halo,0.6226756767897867,0.39923026544383355,0.304865834723444,0.8608922430715775,0.12116556225161008,101.09787868840841,7.52009989242612,0.021294934224080783,10.440563959752058,2.478728323747441,6740.007101769691,4069.6315939441215,1669.7826690377676,3479.216626816127,1462.3717692637315,False,False,False,False,False,False,False,False,False,False,101.09787868840841,7.52009989242612,0.021294934224080783,10.440563959752058,2.478728323747441,6740.007101769691,4069.6315939441215,1669.7826690377676,3479.216626816127,1462.3717692637315
GEO_00992,358912.9161042954,7147981.305356877,sedimentary,background,0.0,0.009342198730935558,0.037613264726766134,0.04735714782659945,0.3809402819469259,30.68737798449128,0.0,0.011572569184971437,9.095679416191768,1.3090068912746053,3809.041567568773,2033.7510567155744,3459.014637863604,4957.9570979407235,,False,True,False,False,False,False,False,False,False,False,30.68737798449128,3.424924108425081,0.011572569184971437,9.095679416191768,1.3090068912746053,3809.041567568773,2033.7510567155744,3459.014637863604,4957.9570979407235,2113.4012557903916
GEO_00993,409800.06641431083,7129377.286885198,volcanic,background,0.05298943682533697,0.09830840194606624,0.08636937616397335,0.6390637230055356,0.009523574425673226,52.68988352707187,5.353469716176641,0.0,7.791060027673157,1.513570768789116,4231.8059663111,2585.3106571622807,2011.5750639386486,3819.322542831357,1610.797926299175,False,False,True,False,False,False,False,False,False,False,52.68988352707187,5.353469716176641,0.00965642285299615,7.791060027673157,1.513570768789116,4231.8059663111,2585.3106571622807,2011.5750639386486,3819.322542831357,1610.797926299175
GEO_00994,423601.1327179877,7170562.420153169,sedimentary,background,0.0015530394569277274,0.05853847962482752,0.0,0.0,0.16373545369658266,34.9856313324768,0.0,0.011635432507324467,6.35550068373751,1.609425496783261,3443.93604947612,0.0,2983.961509819127,3620.1843799623357,1514.9052095023449,False,True,False,False,False,False,True,False,False,False,34.9856313324768,3.349918247795977,0.011635432507324467,6.35550068373751,1.609425496783261,3443.93604947612,1460.5808083620916,2983.961509819127,3620.1843799623357,1514.9052095023449
GEO_00995,374015.12496566493,7116497.873896904,intrusive,background,0.3063820829510323,0.004612464814535085,0.09940971587605169,0.3249233039644505,0.7903677962823312,58.01086973346649,6.927034230792163,0.013390100687591916,6.096737634070969,1.6511384187991038,3937.8981832723985,2258.4647733571583,2335.876531202664,4323.766999712935,2526.530223611195,False,False,False,False,False,False,False,False,False,False,58.01086973346649,6.927034230792163,0.013390100687591916,6.096737634070969,1.6511384187991038,3937.8981832723985,2258.4647733571583,2335.876531202664,4323.766999712935,2526.530223611195
GEO_00996,394449.18288176996,7109993.776832897,intrusive,background,0.0,0.0,0.12759915703854474,0.08467462348486732,0.85935682865654,33.72710439930302,4.360857293713804,0.010931094545093748,6.962665222294545,1.4276080633951382,4042.705122599645,2326.4003854027824,1771.827267356061,4158.671634105387,2134.460997483535,False,False,False,False,False,False,False,False,False,False,33.72710439930302,4.360857293713804,0.010931094545093748,6.962665222294545,1.4276080633951382,4042.705122599645,2326.4003854027824,1771.827267356061,4158.671634105387,2134.460997483535
GEO_00997,362217.9439051945,7115598.4007693995,sedimentary,background,0.016066505260093827,0.1469242065487931,0.0048532826065749895,0.0441705943659776,0.2598419488345899,47.67730378494479,3.606268646908892,0.011013461730871386,7.647385697768117,1.860762103423528,4331.23243293822,2400.4110955351157,2974.0400282721525,5088.857155897718,2075.7988365490896,False,False,False,False,False,False,False,False,False,False,47.67730378494479,3.606268646908892,0.011013461730871386,7.647385697768117,1.860762103423528,4331.23243293822,2400.4110955351157,2974.0400282721525,5088.857155897718,2075.7988365490896
GEO_00998,379494.26060447266,7171440.619921146,sedimentary,background,0.1295814783042821,0.034191076799786085,0.08446536802253671,0.009941939992949839,0.2328196578061831,39.76010460195311,4.34310623948192,0.0,5.071946666231135,1.6850430459204753,4590.528156357039,1928.0447088720273,3038.7037645945684,3456.996040411754,1567.42732430998,False,False,True,False,False,False,False,False,False,False,39.76010460195311,4.34310623948192,0.008784455741835227,5.071946666231135,1.6850430459204753,4590.528156357039,1928.0447088720273,3038.7037645945684,3456.996040411754,1567.42732430998
GEO_00999,389430.13640285016,7111632.309015353,volcanic,background,0.0,0.026197120476846896,0.0,0.42996881244622936,0.09416292882744122,33.23898272172898,4.340402686201574,0.0,5.754252479636332,0.0,5325.056449637103,2387.362908666904,0.0,3469.3782909288216,1656.0455164115099,False,False,True,False,True,False,False,True,False,False,33.23898272172898,4.340402686201574,0.007352701483543798,5.754252479636332,1.0580405518283926,5325.056449637103,2387.362908666904,1484.2465730080337,3469.3782909288216,1656.0455164115099
GEO_01000,384585.8681924112,7106155.892881972,volcanic,background,0.10587402769090526,0.0,0.013633617866005386,0.6719330240247999,0.0,34.08741411901876,5.4906485888910055,0.01149797179705241,5.076009235302625,1.379095227571167,5352.974625898233,,2781.741829436038,2861.4867205880937,1507.1964992662015,False,False,False,False,False,False,False,False,False,False,34.08741411901876,5.4906485888910055,0.01149797179705241,5.076009235302625,1.379095227571167,5352.974625898233,2973.796093750475,2781.741829436038,2861.4867205880937,1507.1964992662015
GEO_01001,365120.36565103015,7152061.752876848,volcanic,background,0.08760870652899441,0.16764274891635653,0.043635313141014084,0.8567092874190781,0.09327085095321792,34.58746802664236,3.687737940541188,0.01267692400335527,5.543479012488429,1.970863944627268,4867.422779594228,3833.3835527945384,2300.060507177896,0.0,1592.3671999742746,False,False,False,False,False,False,False,False,True,False,34.58746802664236,3.687737940541188,0.01267692400335527,5.543479012488429,1.970863944627268,4867.422779594228,3833.3835527945384,2300.060507177896,2246.0027561025786,1592.3671999742746
GEO_01002,428564.3383928538,7153917.082518372,volcanic,background,0.1947500580618136,0.028254607453655566,0.0885508293677345,0.6096970998894018,0.0,37.00722806628545,4.174186703745725,0.011331847323293292,6.5538705409026,0.0,4394.822233114149,3285.6842880201166,2987.9754882510956,3593.3992584869825,1684.8801218500887,False,False,False,False,True,False,False,False,False,False,37.00722806628545,4.174186703745725,0.011331847323293292,6.5538705409026,1.0640182026203908,4394.822233114149,3285.6842880201166,2987.9754882510956,3593.3992584869825,1684.8801218500887
GEO_01003,351484.2529593741,7121053.144769703,volcanic,background,0.16795164263943568,0.026871651168830318,0.0,0.47750941753519616,0.15797521819203794,34.38299296636434,5.739511013681528,0.01294381722946359,5.413424675415077,2.289582280208621,6486.670994057394,3057.1939687212544,1682.8005509857762,3463.991410169468,1831.4732017279675,False,False,False,False,False,False,False,False,False,False,34.38299296636434,5.739511013681528,0.01294381722946359,5.413424675415077,2.289582280208621,6486.670994057394,3057.1939687212544,1682.8005509857762,3463.991410169468,1831.4732017279675
GEO_01004,364112.87820237776,7134801.568832002,intrusive,background,0.09453432144636968,0.0,0.03496640403320284,0.07987747768217096,0.904924560915036,40.762971134805845,6.433201426383116,0.011581891419124735,6.328829398355531,1.6782773660713077,3919.237585882969,2006.665370315228,2458.1576119970073,5240.265606276314,2989.4361826363483,False,False,False,False,False,False,False,False,False,False,40.762971134805845,6.433201426383116,0.011581891419124735,6.328829398355531,1.6782773660713077,3919.237585882969,2006.665370315228,2458.1576119970073,5240.265606276314,2989.4361826363483
GEO_01005,373923.31008246,7133416.872772366,volcanic,background,0.2929486863177809,0.0069153598874081845,0.1752128305060369,0.6875792821237107,0.24932974069328565,46.05349138103691,5.949874459219361,0.016708344049551415,6.396541563658993,1.442768556123126,6267.948957905315,3353.571681882612,2256.075898668337,3332.7629037967054,1586.574109111298,False,False,False,False,False,False,False,False,False,False,46.05349138103691,5.949874459219361,0.016708344049551415,6.396541563658993,1.442768556123126,6267.948957905315,3353.571681882612,2256.075898668337,3332.7629037967054,1586.574109111298
GEO_01006,369887.80197837943,7165183.66111399,sedimentary,background,0.0,0.0157637151204285,0.052879627382148284,0.023769199838648263,0.12588774455551371,46.3618190589288,0.0,0.0,5.775828517660044,1.297178230757294,5988.679250548468,2458.1203512694806,4623.707336527127,2896.0843506084575,1414.8948627436066,False,True,True,False,False,False,False,False,False,False,46.3618190589288,2.4277735278283066,0.008577018677691261,5.775828517660044,1.297178230757294,5988.679250548468,2458.1203512694806,4623.707336527127,2896.0843506084575,1414.8948627436066
GEO_01007,354820.11263325973,7152367.46484532,volcanic,background,0.0,0.06378172137887098,0.0682519215118079,0.7766645122949613,0.0,0.0,0.0,0.01375826535496124,5.328401413339759,1.7305655924748813,6352.00298994261,2876.5200097875136,1798.7301463061528,2848.7232479984727,1554.6132609599806,True,True,False,False,False,False,False,False,False,False,26.68607737067948,3.386833647886278,0.01375826535496124,5.328401413339759,1.7305655924748813,6352.00298994261,2876.5200097875136,1798.7301463061528,2848.7232479984727,1554.6132609599806
GEO_01008,382222.65456823196,7173972.610227479,intrusive,background,0.005666601567057953,0.07746573004542688,0.0,0.27163447195674617,0.6631623664959296,0.0,3.695339803453429,0.011672570511443488,6.138285548119634,1.5260013167045214,4939.653539185849,1821.5957741189277,1831.2421676366794,4792.561978256259,2988.8581249148788,True,False,False,False,False,False,False,False,False,False,29.432607111127496,3.695339803453429,0.011672570511443488,6.138285548119634,1.5260013167045214,4939.653539185849,1821.5957741189277,1831.2421676366794,4792.561978256259,2988.8581249148788
GEO_01009,369176.90875923977,7178411.033796081,intrusive,background,0.0366283835957868,0.0,0.0,0.15307180626201694,0.6205226015587687,39.841257887399635,4.341336284781466,0.012227990413186597,4.802860933100062,1.5464514418968727,3322.672352541765,1914.0460682655435,1673.241185788862,4350.469459600499,2609.7232304386052,False,False,False,False,False,False,False,False,False,False,39.841257887399635,4.341336284781466,0.012227990413186597,4.802860933100062,1.5464514418968727,3322.672352541765,1914.0460682655435,1673.241185788862,4350.469459600499,2609.7232304386052
GEO_01010,376629.25759622315,7113256.558788308,intrusive,background,0.0,0.1083936984043256,0.0,0.20264195161072984,0.5336185903841685,33.17158730719724,5.455547520631045,0.015192479428665218,8.170453343775588,1.7742908825238515,4512.389324847859,2396.9090938861336,2291.7189590850885,4238.086562414025,1875.4110754066537,False,False,False,False,False,False,False,False,False,False,33.17158730719724,5.455547520631045,0.015192479428665218,8.170453343775588,1.7742908825238515,4512.389324847859,2396.9090938861336,2291.7189590850885,4238.086562414025,1875.4110754066537
GEO_01011,358600.5641070354,7129602.17368711,intrusive,background,0.06346567504171106,0.0,0.0,0.22264120236962565,0.84402602288563,42.31983822925437,5.742141223312813,0.011786457892135793,4.911750364141544,1.361629105045038,3084.884842940057,2921.4304199742983,1838.74010528236,5818.08954943255,2916.88052149339,False,False,False,False,False,False,False,False,False,False,42.31983822925437,5.742141223312813,0.011786457892135793,4.911750364141544,1.361629105045038,3084.884842940057,2921.4304199742983,1838.74010528236,5818.08954943255,2916.88052149339
GEO_01012,419178.47223275853,7149112.398252133,intrusive,background,0.16386155657891904,0.06275972854291852,0.0,0.22961735794543137,0.7434310334307259,40.153337111615315,5.327497922800449,0.0,5.938563929710222,0.0,4956.8346552390685,2322.918696229326,2108.666385031871,4208.7502990021285,2005.68361026659,False,False,True,False,True,False,False,False,False,False,40.153337111615315,5.327497922800449,0.00980433421235224,5.938563929710222,1.1945612674178727,4956.8346552390685,2322.918696229326,2108.666385031871,4208.7502990021285,2005.68361026659
GEO_01013,412883.3466566423,7174241.997338218,intrusive,background,0.2638280501737547,0.0878510905797198,0.1252153378359072,0.12285085510346536,0.7519489761297854,42.04557731953333,7.410777498320554,0.017226328591778545,6.294949177467505,1.5757779086696304,3569.0177573262804,2286.6171211659725,1740.2551942694909,6774.532856070235,2039.8220854692656,False,False,False,False,False,False,False,False,False,False,42.04557731953333,7.410777498320554,0.017226328591778545,6.294949177467505,1.5757779086696304,3569.0177573262804,2286.6171211659725,1740.2551942694909,6774.532856070235,2039.8220854692656
GEO_01014,351181.7630385735,7114203.879548465,volcanic,background,0.009441596608784209,0.0,0.030120417748476788,0.7576231066096276,0.0,35.020519393592245,0.0,0.0,0.0,1.7913242899865973,6621.284953344032,4472.5760999403665,2495.0102324698987,2891.868331809879,0.0,False,True,True,True,False,False,False,False,False,True,35.020519393592245,3.024486557651168,0.008974857596777757,4.191620353105197,1.7913242899865973,6621.284953344032,4472.5760999403665,2495.0102324698987,2891.868331809879,1123.174999471551
GEO_01015,352539.6728884795,7115321.703462588,intrusive,background,0.0,0.0,0.0,0.3516866316957469,0.7801638391079115,0.0,0.0,0.010612622597618365,5.043659514367541,1.2417165044492051,6011.111949172311,2048.9296989614313,1987.103694561255,3971.6166470672556,2267.90123010622,True,True,False,False,False,False,False,False,False,False,28.85754060316326,3.365892800357329,0.010612622597618365,5.043659514367541,1.2417165044492051,6011.111949172311,2048.9296989614313,1987.103694561255,3971.6166470672556,2267.90123010622
GEO_01016,403296.02285691485,7100144.971752103,intrusive,background,0.0668272985239071,0.1860996652382676,0.0,0.23234514171442924,0.9677036516563235,34.36493367076461,6.012791821510098,0.012505763576996377,7.141815868871292,,5911.637204241578,2680.0773419402376,2152.649938908919,7291.2990058089545,3265.658012088467,False,False,False,False,False,False,False,False,False,False,34.36493367076461,6.012791821510098,0.012505763576996377,7.141815868871292,2.3366034316892157,5911.637204241578,2680.0773419402376,2152.649938908919,7291.2990058089545,3265.658012088467
GEO_01017,371638.3262661598,7155845.495772096,intrusive,background,0.1344715521565686,0.0,0.0672385894771933,0.26028951690873936,0.7812922235310672,39.547106547951735,4.5962793686664405,0.011498303557304008,5.963455625500394,1.3638023566924506,5817.159134692396,2288.9501407009534,2402.3764616277504,5053.0260653334635,2601.2095144908576,False,False,False,False,False,False,False,False,False,False,39.547106547951735,4.5962793686664405,0.011498303557304008,5.963455625500394,1.3638023566924506,5817.159134692396,2288.9501407009534,2402.3764616277504,5053.0260653334635,2601.2095144908576
GEO_01018,378438.13394902914,7162213.562523756,sedimentary,background,0.20708062900181085,0.0,0.15153671568719024,0.0,0.29905772684672405,56.02411128212707,5.176806523241961,0.013990775348807482,0.0,1.3236039639091581,3103.1248126593023,2078.775957023097,3477.844362890562,3441.484865239554,1455.9257206355305,False,False,False,True,False,False,False,False,False,False,56.02411128212707,5.176806523241961,0.013990775348807482,4.302803979837647,1.3236039639091581,3103.1248126593023,2078.775957023097,3477.844362890562,3441.484865239554,1455.9257206355305
GEO_01019,388810.81179671903,7101229.3351684455,volcanic,background,0.2081078495860697,0.07662477483438315,0.0616699383647603,0.716125480186979,0.0,40.36235882327683,5.9220322940930465,0.01728227989284929,5.827253105599778,1.8689135848054625,5512.756929873432,2573.4492149083,1992.2494464679394,2902.629836772573,1155.0357888361734,False,False,False,False,False,False,False,False,False,False,40.36235882327683,5.9220322940930465,0.01728227989284929,5.827253105599778,1.8689135848054625,5512.756929873432,2573.4492149083,1992.2494464679394,2902.629836772573,1155.0357888361734
GEO_01020,425608.43970658217,7101301.926299934,volcanic,background,0.0,0.0,0.0,0.6175067526848939,0.12338490550353964,0.0,3.981094010921094,0.0,5.392006801289322,1.4525618381848957,4423.56418333192,2916.7479722198113,1699.682065159305,3504.000873714641,1920.5086666836416,True,False,True,False,False,False,False,False,False,False,29.706559788807507,3.981094010921094,0.009572764140122663,5.392006801289322,1.4525618381848957,4423.56418333192,2916.7479722198113,1699.682065159305,3504.000873714641,1920.5086666836416
GEO_01021,359625.0399989582,7160048.206661108,intrusive,background,0.09886229680374489,0.11325687417254268,0.0,0.15902492101278365,0.7623653327464708,42.346366528192924,0.0,0.015894963077476437,5.347308421309059,1.5651656969397,3237.0697166033888,3157.2989222635874,1973.4928214608851,4131.9944499997855,2461.8443385325904,False,True,False,False,False,False,False,False,False,False,42.346366528192924,3.435216814899863,0.015894963077476437,5.347308421309059,1.5651656969397,3237.0697166033888,3157.2989222635874,1973.4928214608851,4131.9944499997855,2461.8443385325904
GEO_01022,378738.68188492703,7142779.825810418,volcanic,halo,0.5910411239229099,0.0,0.2898286902743589,0.7741384208015368,0.027405882664487798,102.64380240260536,5.334656172722267,0.02346721931691265,5.813811864678642,,6451.11413890105,3960.242799014128,1957.0747075698341,0.0,1224.1702916587042,False,False,False,False,True,False,False,False,True,False,102.64380240260536,5.334656172722267,0.02346721931691265,5.813811864678642,0.9600621138730586,6451.11413890105,3960.242799014128,1957.0747075698341,2428.949075531833,1224.1702916587042
GEO_01023,410998.4487642267,7121112.693216864,intrusive,background,0.1955660848992092,0.040482259193874076,0.09995507754248774,0.2593295084111249,0.8017998653867939,43.942113823530704,6.238993700116583,0.014355135822121475,6.735696305483917,0.0,3421.698177634585,3051.642917068294,2579.3876785701004,4291.853203308029,2507.682722815537,False,False,False,False,True,False,False,False,False,False,43.942113823530704,6.238993700116583,0.014355135822121475,6.735696305483917,1.1485008339061997,3421.698177634585,3051.642917068294,2579.3876785701004,4291.853203308029,2507.682722815537
GEO_01024,397118.43604761263,7146113.684802295,volcanic,halo,0.7551731107003314,0.3277431717782551,0.5271121551540792,0.6499511191960585,0.0,103.03672833709871,9.91785691734183,0.0341920164843505,9.572543041634587,1.8923132279551929,4258.552373088338,4196.328240424087,1617.1130304426863,0.0,0.0,False,False,False,False,False,False,False,False,True,True,103.03672833709871,9.91785691734183,0.0341920164843505,9.572543041634587,1.8923132279551929,4258.552373088338,4196.328240424087,1617.1130304426863,2480.4323323594954,1032.2938202003709
GEO_01025,379267.53828170616,7127793.663593556,volcanic,background,0.13176258204057095,0.23098805491914,0.0510595997264607,0.5350425038716006,0.08408434841588279,34.72617179936556,0.0,0.013599810181809306,5.999933318472498,1.8345201519819871,5183.208616280843,2254.341762603877,2358.142799896549,2584.8898593058757,2048.4641371576954,False,True,False,False,False,False,False,False,False,False,34.72617179936556,3.477351019148117,0.013599810181809306,5.999933318472498,1.8345201519819871,5183.208616280843,2254.341762603877,2358.142799896549,2584.8898593058757,2048.4641371576954
GEO_01026,390856.9416946919,7160068.798933157,intrusive,halo,0.5763054917013757,0.35741263324006867,0.3116640220344091,0.24802703714655047,0.7548917278474184,75.73624071482756,8.454027635634521,0.025427284250982382,9.890719868071555,3.2036059324848516,4727.266412499958,2454.5792346310163,1741.8245244314583,3950.7840669345155,2854.6841881199716,False,False,False,False,False,False,False,False,False,False,75.73624071482756,8.454027635634521,0.025427284250982382,9.890719868071555,3.2036059324848516,4727.266412499958,2454.5792346310163,1741.8245244314583,3950.7840669345155,2854.6841881199716
GEO_01027,352837.7692811864,7171395.619574675,intrusive,background,0.02529792247439628,0.0,0.01722859373574435,0.40732492326070113,0.7224089735444426,41.48227643984736,3.723509210613534,0.010768840522058499,5.028479100906434,0.0,4575.3843392803155,2304.9922976840858,1619.420107692686,6925.120724543238,1499.4298210659526,False,False,False,False,True,False,False,False,False,False,41.48227643984736,3.723509210613534,0.010768840522058499,5.028479100906434,1.1747548764667877,4575.3843392803155,2304.9922976840858,1619.420107692686,6925.120724543238,1499.4298210659526
GEO_01028,377898.28385136684,7100108.790626081,volcanic,background,0.09425817541638674,0.11615041417907584,0.11544552349599631,0.7286489924122781,0.0,35.32238584632684,4.329455614400112,0.011399792755416851,5.016456781127674,1.5611587686595985,6151.914464513872,4026.0558304014494,0.0,2827.3221017960987,1515.645667462356,False,False,False,False,False,False,False,True,False,False,35.32238584632684,4.329455614400112,0.011399792755416851,5.016456781127674,1.5611587686595985,6151.914464513872,4026.0558304014494,1470.4994772253667,2827.3221017960987,1515.645667462356
GEO_01029,405515.2006854047,7159058.103985385,sedimentary,anomalous,0.7156603152324151,0.795419069681616,0.4919203091482797,0.02053927483119762,0.1000596560955717,132.25913197339895,9.799284078996482,0.03589754235948131,16.41691630414417,3.094857341166124,4408.690743956132,2285.403186021225,4526.8914135141595,2740.0663421230147,1784.526061350406,False,False,False,False,False,False,False,False,False,False,132.25913197339895,9.799284078996482,0.03589754235948131,16.41691630414417,3.094857341166124,4408.690743956132,2285.403186021225,4526.8914135141595,2740.0663421230147,1784.526061350406
GEO_01030,351380.45009013667,7161195.303002113,sedimentary,background,0.1728521407732559,0.0,0.08569489770788137,0.1174419685532042,0.3020538940019801,39.59211488898111,4.130840702258523,0.011469025707651436,4.909512428309941,1.495094780706795,4280.456323469821,0.0,3485.7453456577364,3913.1858217750773,1853.0353706884316,False,False,False,False,False,False,True,False,False,False,39.59211488898111,4.130840702258523,0.011469025707651436,4.909512428309941,1.495094780706795,4280.456323469821,1346.9122125590577,3485.7453456577364,3913.1858217750773,1853.0353706884316
GEO_01031,388992.79404345585,7121700.174170591,intrusive,background,0.13755955488384825,0.0,0.0,0.45583382449914844,0.8744992730486184,45.14394855074813,4.831915552058887,0.013771969414840272,0.0,1.2835464923849964,3930.892632714483,2028.1544878781974,0.0,4347.020513424978,2676.2913827284565,False,False,False,True,False,False,False,True,False,False,45.14394855074813,4.831915552058887,0.013771969414840272,3.816705848046154,1.2835464923849964,3930.892632714483,2028.1544878781974,1437.4965242865942,4347.020513424978,2676.2913827284565
GEO_01032,363905.2937300939,7155661.007264772,volcanic,background,0.007267175875392965,0.10513202282342911,0.0,0.75642990939216,0.006011118261163884,0.0,0.0,0.01303050839193796,5.374731574613316,1.7212404289163574,5086.879614677199,3821.038866302684,2165.4340832093144,3754.1316582686136,1718.1343845375009,True,True,False,False,False,False,False,False,False,False,22.459776497469036,3.4230766904192644,0.01303050839193796,5.374731574613316,1.7212404289163574,5086.879614677199,3821.038866302684,2165.4340832093144,3754.1316582686136,1718.1343845375009
GEO_01033,365105.54922972043,7130528.535643858,intrusive,background,0.04802865817452043,0.0,0.0,0.35128318318625024,0.7474909694126586,0.0,5.514827900747601,0.015460299565349766,0.0,1.746893476982914,4913.345431016901,2184.6124872805253,2470.927552656284,4867.784099625303,,True,False,False,True,False,False,False,False,False,False,27.96182120474044,5.514827900747601,0.015460299565349766,3.8331142279640886,1.746893476982914,4913.345431016901,2184.6124872805253,2470.927552656284,4867.784099625303,2107.5480783083676
GEO_01034,374119.9359358324,7123659.725050477,intrusive,background,0.1971738596633773,0.0,0.0,0.27144216611315064,0.7090750235673272,39.837057387627056,5.073079393384395,0.013511942943988404,5.417326489598319,1.2883194564346996,3641.1770753220594,2453.762638758099,2103.4155991055923,5282.9926517752265,2082.3000215675916,False,False,False,False,False,False,False,False,False,False,39.837057387627056,5.073079393384395,0.013511942943988404,5.417326489598319,1.2883194564346996,3641.1770753220594,2453.762638758099,2103.4155991055923,5282.9926517752265,2082.3000215675916
GEO_01035,367212.60759091855,7146217.735548091,intrusive,background,0.1368387016444922,0.0,0.07444817378374632,0.3003786195594408,0.7848097644522085,35.2335946207354,3.877000295469229,0.016429837318844637,6.705547727090115,0.0,3097.2414229136057,2456.887601997931,1613.288621226197,5013.365808762318,3521.2036080670055,False,False,False,False,True,False,False,False,False,False,35.2335946207354,3.877000295469229,0.016429837318844637,6.705547727090115,1.0613812255238049,3097.2414229136057,2456.887601997931,1613.288621226197,5013.365808762318,3521.2036080670055
GEO_01036,359026.13087061245,7160724.1870284965,volcanic,background,0.0,0.0,0.0,0.7465800794886869,0.1566645725067931,32.20223913459611,0.0,0.01302966328184166,6.499456727171993,1.493040364593904,5851.015535101537,3366.730324330654,2238.240763315128,0.0,1557.5867251824357,False,True,False,False,False,False,False,False,True,False,32.20223913459611,3.0259257083940265,0.01302966328184166,6.499456727171993,1.493040364593904,5851.015535101537,3366.730324330654,2238.240763315128,2385.8272074554447,1557.5867251824357
GEO_01037,372746.8615987073,7172717.6662558,intrusive,background,0.0,0.0,0.0477470311011715,0.3620052825138003,0.7935748109087024,33.373663340051195,4.674710619541155,0.0,5.732841231631449,,3957.2445156617587,2730.2004398580325,1649.0463376592973,,1747.114968527582,False,False,True,False,False,False,False,False,False,False,33.373663340051195,4.674710619541155,0.00728311279651521,5.732841231631449,1.4272486411305367,3957.2445156617587,2730.2004398580325,1649.0463376592973,4710.7961880317425,1747.114968527582
GEO_01038,411163.3915691282,7171589.242400673,sedimentary,background,0.17461863961153581,0.1518553154025069,0.008807329757153884,0.0,0.16310187061507886,36.97551747392115,4.645003830644783,0.013847520972508643,7.394147753264409,1.6783586231574392,0.0,1773.3617647061253,3983.5411958235354,3422.8381535911785,1811.1830194444442,False,False,False,False,False,True,False,False,False,False,36.97551747392115,4.645003830644783,0.013847520972508643,7.394147753264409,1.6783586231574392,2714.3607912332827,1773.3617647061253,3983.5411958235354,3422.8381535911785,1811.1830194444442
GEO_01039,396666.44230288395,7110570.151056134,intrusive,background,0.0,0.06586230294500228,0.08590649071492766,0.28537497109180104,0.873207868221749,31.39829982625447,4.468250569745104,0.013023966286076638,0.0,1.4512055710916771,3255.392591512425,2447.1137162477867,2298.613455482372,5081.9035718580835,2637.7450294574764,False,False,False,True,False,False,False,False,False,False,31.39829982625447,4.468250569745104,0.013023966286076638,4.647122015576122,1.4512055710916771,3255.392591512425,2447.1137162477867,2298.613455482372,5081.9035718580835,2637.7450294574764
GEO_01040,411851.4895315109,7156258.45884499,sedimentary,halo,0.503274982450845,0.632945641613288,0.3655368913560762,0.0347657425960183,0.29338537261667924,68.85314373184009,7.906504684204228,0.026675433840205057,18.837201740273038,3.0143032488634467,4542.696700478781,2346.939492675435,3157.284435668623,4226.997510702521,1968.9246784472523,False,False,False,False,False,False,False,False,False,False,68.85314373184009,7.906504684204228,0.026675433840205057,18.837201740273038,3.0143032488634467,4542.696700478781,2346.939492675435,3157.284435668623,4226.997510702521,1968.9246784472523
GEO_01041,417026.64003725525,7145259.5366362585,volcanic,background,0.037634775718267406,0.0,0.0,0.6959443026255996,0.0,32.238821857333654,3.7011546967499482,0.010953018427551454,0.0,0.0,5301.68470952827,3560.284977027787,2624.3630925298116,3219.327174833266,1828.0559963521036,False,False,False,True,True,False,False,False,False,False,32.238821857333654,3.7011546967499482,0.010953018427551454,4.636053488907586,0.930384712831074,5301.68470952827,3560.284977027787,2624.3630925298116,3219.327174833266,1828.0559963521036
GEO_01042,407262.49102934654,7161078.910467183,intrusive,halo,0.5937128723572465,0.5398881624522205,0.291183100502415,0.19585623407240246,0.7208468064419387,77.2700037622617,8.42329125934546,0.03264359150544103,10.802668483299085,2.9944205925300613,3782.329202730364,2395.587044486262,1965.5992659965061,4336.5419370435175,3833.287140065811,False,False,False,False,False,False,False,False,False,False,77.2700037622617,8.42329125934546,0.03264359150544103,10.802668483299085,2.9944205925300613,3782.329202730364,2395.587044486262,1965.5992659965061,4336.5419370435175,3833.287140065811
GEO_01043,366354.0796445414,7166045.228094269,sedimentary,background,0.0,0.03923768097356079,0.0,0.08482571736193817,0.3428395494376334,36.65575109904089,3.7387423947139236,0.01454938727265183,5.911040723888562,1.5714642989465708,3463.4291637481033,0.0,5127.122992380523,3945.9883176991766,1640.0792180476672,False,False,False,False,False,False,True,False,False,False,36.65575109904089,3.7387423947139236,0.01454938727265183,5.911040723888562,1.5714642989465708,3463.4291637481033,1561.040232412239,5127.122992380523,3945.9883176991766,1640.0792180476672
GEO_01044,380581.3313615741,7108706.507408867,intrusive,background,0.0,0.028993544555621913,0.06884414060792315,0.21815984058112026,0.807601856809097,0.0,3.89499006678739,0.010620979201985048,5.585358071357844,0.0,3777.161526517548,3029.842738676878,2157.8967967763674,6312.758614464594,2717.9465887159777,True,False,False,False,True,False,False,False,False,False,28.18385309404247,3.89499006678739,0.010620979201985048,5.585358071357844,0.9558882354164627,3777.161526517548,3029.842738676878,2157.8967967763674,6312.758614464594,2717.9465887159777
GEO_01045,373859.38000653655,7155857.809385737,sedimentary,background,0.2929087815070115,0.01572250463588389,0.14276344406714256,0.0,0.21261984573228807,45.93526993867048,6.854404617255311,0.014033596746246291,6.017442611442001,1.4584548206643255,3928.8161048419647,0.0,4347.616828737463,2934.1689652789623,1749.2477378699182,False,False,False,False,False,False,True,False,False,False,45.93526993867048,6.854404617255311,0.014033596746246291,6.017442611442001,1.4584548206643255,3928.8161048419647,1498.2210610559778,4347.616828737463,2934.1689652789623,1749.2477378699182
GEO_01046,410056.7646250846,7117313.121128043,volcanic,background,0.0514693237653872,0.0,0.1525277640356211,0.7764940712446153,0.060618844362631624,32.91771781242856,3.9925922198352084,0.01354863145536273,0.0,0.0,7103.077491358731,3071.7837107003206,1835.7288085803607,3857.3571805065367,1625.9717782300643,False,False,False,True,True,False,False,False,False,False,32.91771781242856,3.9925922198352084,0.01354863145536273,4.150794710162565,1.0241902777231087,7103.077491358731,3071.7837107003206,1835.7288085803607,3857.3571805065367,1625.9717782300643
GEO_01047,399366.4014765634,7131673.004893277,volcanic,background,0.3388818128563459,0.0,0.1151609982671335,0.5647943954044171,0.0,54.876098842662266,6.528628060459338,0.014606147934213136,6.513553910536564,1.5630648727515422,6038.27239900002,3011.1558491481032,2509.1147579108824,3913.737424788252,1930.0198591585863,False,False,False,False,False,False,False,False,False,False,54.876098842662266,6.528628060459338,0.014606147934213136,6.513553910536564,1.5630648727515422,6038.27239900002,3011.1558491481032,2509.1147579108824,3913.737424788252,1930.0198591585863
GEO_01048,400416.1772145363,7105368.810175103,volcanic,background,0.16952541173088687,0.0,0.018622356197401418,0.7824831137633484,0.0,39.414305662758025,4.223903634792509,0.016218715152859168,5.641086221123448,2.002802061918608,6377.869334314616,3716.5580310608966,1760.4466971764277,3401.121952818619,1269.1071822876115,False,False,False,False,False,False,False,False,False,False,39.414305662758025,4.223903634792509,0.016218715152859168,5.641086221123448,2.002802061918608,6377.869334314616,3716.5580310608966,1760.4466971764277,3401.121952818619,1269.1071822876115
GEO_01049,419514.3467353429,7175708.93678977,sedimentary,background,0.08422445581852891,0.15949690719412982,0.004851253151622338,0.0,0.20719168651316683,48.161232506655686,4.8389858399181485,0.01604041942801332,7.1462429070048845,1.3843358164668158,3812.0379299610927,1854.1914803149375,3678.7766799323726,3205.4785212392117,2009.3038442751697,False,False,False,False,False,False,False,False,False,False,48.161232506655686,4.8389858399181485,0.01604041942801332,7.1462429070048845,1.3843358164668158,3812.0379299610927,1854.1914803149375,3678.7766799323726,3205.4785212392117,2009.3038442751697
GEO_01050,369015.177954784,7147096.117635033,volcanic,background,0.2063289666985007,0.07436085864835375,0.03679495406392692,0.7071503990970518,0.030996848677001854,55.58615612781884,4.728444685079484,0.01572444474050083,6.051958373499007,1.6333228122442938,9459.981621663708,3487.159942978625,0.0,3738.31109777145,1425.1397735701316,False,False,False,False,False,False,False,True,False,False,55.58615612781884,4.728444685079484,0.01572444474050083,6.051958373499007,1.6333228122442938,9459.981621663708,3487.159942978625,1337.4865957082836,3738.31109777145,1425.1397735701316
GEO_01051,371658.5581895187,7152555.583420727,volcanic,background,0.09922851751266719,0.0,0.06192178431153848,0.883951869627932,0.1813664611186154,35.25328274715431,3.7174391926210597,0.014308744237089725,4.96759798528687,1.6806558847156756,6787.503040308144,3349.5039201123304,,3901.1009553805548,1438.973574440332,False,False,False,False,False,False,False,False,False,False,35.25328274715431,3.7174391926210597,0.014308744237089725,4.96759798528687,1.6806558847156756,6787.503040308144,3349.5039201123304,2240.7333283300477,3901.1009553805548,1438.973574440332
GEO_01052,402447.58989961696,7134132.115398667,sedimentary,background,0.3589641940795145,0.14265234194767934,0.07053469855685077,0.0,0.20842750749807085,42.63276821030286,6.013278742520035,0.028268623547060414,6.194828483989634,1.4719893240608415,3207.0422558064993,2627.5499180001348,3461.312075925699,3473.7011181237554,1777.8723661989093,False,False,False,False,False,False,False,False,False,False,42.63276821030286,6.013278742520035,0.028268623547060414,6.194828483989634,1.4719893240608415,3207.0422558064993,2627.5499180001348,3461.312075925699,3473.7011181237554,1777.8723661989093
GEO_01053,417940.5175942263,7126786.775012276,sedimentary,background,0.07167863994643983,0.0,0.03254465709664878,0.12211276937149172,0.24998865448788404,40.596745891048236,0.0,0.014005090586215574,0.0,0.0,3761.404781868777,2362.122132868516,3490.02322293515,3006.9369223019157,1420.822301912617,False,True,False,True,True,False,False,False,False,False,40.596745891048236,3.2167735677223144,0.014005090586215574,4.627115974312738,1.0490307492835662,3761.404781868777,2362.122132868516,3490.02322293515,3006.9369223019157,1420.822301912617
GEO_01054,350888.5097480884,7118426.792257718,intrusive,background,0.0,0.052352171569458476,0.0,0.21841090042679345,0.9248387603643775,35.03705334537272,4.1928902686459715,0.0,0.0,1.3343048399083586,,0.0,1824.5175614833327,5527.062116612705,3341.159070483243,False,False,True,True,False,False,True,False,False,False,35.03705334537272,4.1928902686459715,0.009323513226477384,4.445578271573467,1.3343048399083586,3874.787484078287,1590.3788566833737,1824.5175614833327,5527.062116612705,3341.159070483243
GEO_01055,422971.5882797109,7119555.112938211,volcanic,background,0.08806187542511837,0.011037074560014617,0.0,0.6323749006061279,0.0,43.1061699165917,3.644311629968576,0.010586317713575455,6.014017936512953,0.0,4484.155851822606,4776.603488333836,0.0,2949.3940435098484,0.0,False,False,False,False,True,False,False,True,False,True,43.1061699165917,3.644311629968576,0.010586317713575455,6.014017936512953,1.129925062685139,4484.155851822606,4776.603488333836,1494.723414016606,2949.3940435098484,1008.3016881329454
GEO_01056,371403.01897318696,7131997.004292141,sedimentary,background,0.16011693525469797,0.0,0.1647184681590385,0.0,0.19218167539619552,46.41925206059316,3.7603458263189813,0.013639300474290366,6.2834934795890005,1.4659386589682628,4793.626028620594,2720.199378471955,2719.117509549141,2840.855059137804,1969.0416950876138,False,False,False,False,False,False,False,False,False,False,46.41925206059316,3.7603458263189813,0.013639300474290366,6.2834934795890005,1.4659386589682628,4793.626028620594,2720.199378471955,2719.117509549141,2840.855059137804,1969.0416950876138
GEO_01057,375942.64913441706,7166422.077854291,volcanic,background,0.005322957632434688,0.12813766010058306,0.0,0.801466691888148,0.023385885222516167,34.43292890017873,4.036818890266728,0.012758712379851385,7.4029726020716335,1.4630851177649948,7387.400912013162,3979.7217876548107,2974.4723953894145,0.0,0.0,False,False,False,False,False,False,False,False,True,True,34.43292890017873,4.036818890266728,0.012758712379851385,7.4029726020716335,1.4630851177649948,7387.400912013162,3979.7217876548107,2974.4723953894145,2485.9119315935723,1127.3302255944607
GEO_01058,401330.3889868696,7110772.373081425,intrusive,background,0.0,0.0,0.02087583927929475,0.38456883947587994,0.7968876611239911,32.09240077688221,0.0,0.0,4.929876700135264,0.0,6483.727084740252,2231.82886266561,2004.931018038454,4158.3593224663655,1983.7507560804079,False,True,True,False,True,False,False,False,False,False,32.09240077688221,3.3079914608425094,0.00872084356043118,4.929876700135264,1.1626604927039847,6483.727084740252,2231.82886266561,2004.931018038454,4158.3593224663655,1983.7507560804079
GEO_01059,423270.1401135567,7174103.274811814,volcanic,background,0.09549542570341021,0.0,0.0,0.8482567796781715,0.03622853888654961,38.880047202128495,4.930833189579264,0.015250233905003073,5.171072537691513,1.665090041472519,6556.7402660592115,3581.477205626822,2483.1553675073824,2714.283064280575,1761.48357144584,False,False,False,False,False,False,False,False,False,False,38.880047202128495,4.930833189579264,0.015250233905003073,5.171072537691513,1.665090041472519,6556.7402660592115,3581.477205626822,2483.1553675073824,2714.283064280575,1761.48357144584
GEO_01060,355277.1984379816,7101876.5586556215,sedimentary,background,0.0,0.0,0.0,0.09569015252415877,0.28998490922749004,0.0,0.0,0.0,5.717735266344534,0.0,3390.895295472213,2302.4595610181477,4519.9158055535845,3428.5234989011183,1261.1249460092085,True,True,True,False,True,False,False,False,False,False,26.15793878821545,3.1417197143313014,0.007278704307971576,5.717735266344534,1.1481631437944095,3390.895295472213,2302.4595610181477,4519.9158055535845,3428.5234989011183,1261.1249460092085
GEO_01061,387459.03553216846,7179072.885465592,sedimentary,background,0.049494645294044015,0.0,0.0,0.005327002247505062,0.09932834476969413,46.94533441012752,0.0,0.012075863848952217,6.013911090646386,1.635635665753649,3709.3364310260104,2445.927279545961,3946.6862828849326,3356.2925179759136,1425.1003460581785,False,True,False,False,False,False,False,False,False,False,46.94533441012752,3.242302681212697,0.012075863848952217,6.013911090646386,1.635635665753649,3709.3364310260104,2445.927279545961,3946.6862828849326,3356.2925179759136,1425.1003460581785
GEO_01062,414876.2234332121,7165090.7936800085,intrusive,background,0.22373862629178443,0.08536257505269998,0.14352216593754805,0.05985666894298036,0.6365855433681269,48.52293025183653,4.654239339271733,0.012910298354216032,6.7201168993220985,2.152036666716534,0.0,2118.215980717764,2086.6756528702126,3659.007704582248,2070.222696981926,False,False,False,False,False,True,False,False,False,False,48.52293025183653,4.654239339271733,0.012910298354216032,6.7201168993220985,2.152036666716534,2905.386024548749,2118.215980717764,2086.6756528702126,3659.007704582248,2070.222696981926
GEO_01063,389695.7461806102,7164667.74129875,intrusive,background,0.17208284756007128,0.09155724308726575,0.048293829839044525,0.18300467567938178,0.759965360781804,49.30571323550769,3.978616812272416,0.015928647685864723,6.9301143224958635,1.5330455042894438,4956.265350376071,2557.177815002793,1864.3200985766466,4683.336870509913,1833.6433496248364,False,False,False,False,False,False,False,False,False,False,49.30571323550769,3.978616812272416,0.015928647685864723,6.9301143224958635,1.5330455042894438,4956.265350376071,2557.177815002793,1864.3200985766466,4683.336870509913,1833.6433496248364
GEO_01064,398110.8442598564,7162739.8205472315,intrusive,halo,0.17926161988873923,0.48321018986659264,0.3515493554586827,0.40606799875640887,0.6051027406798765,37.91147585340489,6.136335937734502,0.021138132052691546,12.507156516120187,2.8797010650539665,4515.225066349957,4656.093953925675,1620.9056598027335,5337.291810896912,1761.2010976341799,False,False,False,False,False,False,False,False,False,False,37.91147585340489,6.136335937734502,0.021138132052691546,12.507156516120187,2.8797010650539665,4515.225066349957,4656.093953925675,1620.9056598027335,5337.291810896912,1761.2010976341799
GEO_01065,407195.3361820715,7158813.379227573,intrusive,anomalous,0.7251601080759559,0.6568735387805812,0.5565127347992935,0.09812069792136877,0.9272698269857056,115.20718593929361,10.140790427678606,0.03291743820269082,13.233553294391198,2.673325340481957,4058.4570355629935,2161.477666547501,1712.1295865608172,5304.879069811324,3675.499514590105,False,False,False,False,False,False,False,False,False,False,115.20718593929361,10.140790427678606,0.03291743820269082,13.233553294391198,2.673325340481957,4058.4570355629935,2161.477666547501,1712.1295865608172,5304.879069811324,3675.499514590105
GEO_01066,400238.8339005584,7173576.964578444,intrusive,background,0.19366125942343326,0.1676150115617776,0.14957999958561313,0.3043534197976107,0.6881543263805536,40.39802926886215,4.34588703412625,0.024242486423430784,5.777733111267366,1.2393677854034857,,2103.426942975836,2090.2453855446715,4151.038153904262,1956.807001274786,False,False,False,False,False,False,False,False,False,False,40.39802926886215,4.34588703412625,0.024242486423430784,5.777733111267366,1.2393677854034857,5740.666935484323,2103.426942975836,2090.2453855446715,4151.038153904262,1956.807001274786
GEO_01067,351145.82688248553,7111605.060045096,volcanic,background,0.0,0.039547136965113736,0.0,0.749008796934577,0.0,36.971878467594784,0.0,0.01323162831535283,0.0,1.5057649553021701,5696.949353262174,2997.220647983487,0.0,2657.21883191527,1338.1948005059355,False,True,False,True,False,False,False,True,False,False,36.971878467594784,2.964363001312547,0.01323162831535283,3.9823242427421826,1.5057649553021701,5696.949353262174,2997.220647983487,1390.5538485124366,2657.21883191527,1338.1948005059355
GEO_01068,421131.8226792508,7158356.372003248,intrusive,background,0.004884003842596754,0.1547977762829154,0.0,0.08991648590259776,0.8269457469684788,33.60848936894441,5.453877224497422,0.015326400435345,5.611698466233364,1.395473541520914,3009.853390386828,2042.9519338214268,1855.6012036158038,4951.510905237484,2212.6247688168205,False,False,False,False,False,False,False,False,False,False,33.60848936894441,5.453877224497422,0.015326400435345,5.611698466233364,1.395473541520914,3009.853390386828,2042.9519338214268,1855.6012036158038,4951.510905237484,2212.6247688168205
GEO_01069,369595.764240575,7104197.083056461,volcanic,background,0.11029450194624665,0.0,0.07329301143020098,0.739314467906616,0.04884343641763336,44.13953608635695,3.5950216639942347,0.012585144849552839,7.3141093112098385,0.0,5532.979274846522,2306.8467701726004,2472.8790893695596,3668.9389714439167,1485.9035815078148,False,False,False,False,True,False,False,False,False,False,44.13953608635695,3.5950216639942347,0.012585144849552839,7.3141093112098385,1.1913085158724206,5532.979274846522,2306.8467701726004,2472.8790893695596,3668.9389714439167,1485.9035815078148
GEO_01070,384245.4884803089,7128639.935241208,sedimentary,background,0.11611217249241787,0.0,0.048425881365737014,0.0,0.27327256087624413,43.63506619583509,0.0,0.014659844372342065,6.376229559561397,1.8695843173545221,3345.8335681498365,1959.3486219382912,2699.3674246973424,2565.075138421805,1804.086423710961,False,True,False,False,False,False,False,False,False,False,43.63506619583509,3.3444969217728855,0.014659844372342065,6.376229559561397,1.8695843173545221,3345.8335681498365,1959.3486219382912,2699.3674246973424,2565.075138421805,1804.086423710961
GEO_01071,417535.2391202579,7158241.870724544,volcanic,background,0.2901389462299203,0.252719332985461,0.03402740042677291,0.724352150868205,0.013020395105006313,48.76245784308159,4.356243180690526,0.020271108490548532,9.530583434186141,1.5816693395643655,6251.085625486862,3509.2631710742094,2183.793416408535,3675.4919959172075,1267.6605658613419,False,False,False,False,False,False,False,False,False,False,48.76245784308159,4.356243180690526,0.020271108490548532,9.530583434186141,1.5816693395643655,6251.085625486862,3509.2631710742094,2183.793416408535,3675.4919959172075,1267.6605658613419
GEO_01072,378016.0493445303,7145867.8918783935,sedimentary,halo,0.48591705114129097,0.035217004887021355,0.38160926030004727,0.0,0.08362476441081053,76.69965280875337,4.628014581274749,0.019827092298777778,9.090970445384462,1.932848202005092,4707.716319079965,0.0,3868.5834739350066,3102.3933945389854,1395.5569768775342,False,False,False,False,False,False,True,False,False,False,76.69965280875337,4.628014581274749,0.019827092298777778,9.090970445384462,1.932848202005092,4707.716319079965,1665.9108105299715,3868.5834739350066,3102.3933945389854,1395.5569768775342
GEO_01073,384972.4029124534,7140381.795241595,volcanic,halo,0.8380432813402787,0.02897050809057447,0.4576452352241261,0.6832626640731175,0.0,116.96350340580626,10.056734481115868,0.03232955680253558,6.127126184897108,0.0,5805.322065293851,4292.389162844695,2071.170017046596,3464.4860145404996,1600.8463369127228,False,False,False,False,True,False,False,False,False,False,116.96350340580626,10.056734481115868,0.03232955680253558,6.127126184897108,0.9681521666974963,5805.322065293851,4292.389162844695,2071.170017046596,3464.4860145404996,1600.8463369127228
GEO_01074,398520.299439032,7104373.624226763,volcanic,background,0.011953750001006782,0.0,0.04160756906638358,0.6127192691220236,0.0,33.669691090937675,4.441609278382468,0.014018974356177672,6.996013761062009,0.0,5476.636334977141,3292.2761671426033,2205.268619856746,0.0,1195.2044284399647,False,False,False,False,True,False,False,False,True,False,33.669691090937675,4.441609278382468,0.014018974356177672,6.996013761062009,1.1404691803636404,5476.636334977141,3292.2761671426033,2205.268619856746,2356.595766294856,1195.2044284399647
GEO_01075,378027.9578032111,7158062.543782246,sedimentary,background,0.1869329100612274,0.06898336555853754,0.08786165492416016,0.0,0.04548443941746169,48.655990114292585,5.703731311869426,0.014339373568872708,5.125325455412291,2.033692417062611,4216.12391782347,2468.0785972890553,3357.462584549553,3080.0216628163394,1469.745482106671,False,False,False,False,False,False,False,False,False,False,48.655990114292585,5.703731311869426,0.014339373568872708,5.125325455412291,2.033692417062611,4216.12391782347,2468.0785972890553,3357.462584549553,3080.0216628163394,1469.745482106671
GEO_01076,372254.3774832576,7116430.110643167,intrusive,background,0.09883819642073634,0.178781349940137,0.23677902472533838,0.42879016393740854,0.7340114730512444,44.13862731388987,3.840842654028288,0.013818363363119406,0.0,1.756029275399785,3980.0772283711226,3808.6005897478835,2333.9525670164835,5453.8460526304925,2980.334240998476,False,False,False,True,False,False,False,False,False,False,44.13862731388987,3.840842654028288,0.013818363363119406,4.50126104256292,1.756029275399785,3980.0772283711226,3808.6005897478835,2333.9525670164835,5453.8460526304925,2980.334240998476
GEO_01077,391709.4128202924,7140799.4143872885,intrusive,halo,0.7785993004978158,0.02874752277931325,0.7924643950350853,0.16770933559918338,0.8590235360024601,134.16538730238705,10.258967513160721,0.024560565186705765,6.97878207275788,1.2475203236647932,4276.376670590395,2614.8052379927562,2828.7671761855518,5068.210057456366,2402.7020878162134,False,False,False,False,False,False,False,False,False,False,134.16538730238705,10.258967513160721,0.024560565186705765,6.97878207275788,1.2475203236647932,4276.376670590395,2614.8052379927562,2828.7671761855518,5068.210057456366,2402.7020878162134
GEO_01078,364307.21182391635,7178088.349053972,intrusive,background,0.0,0.0,0.0,0.22727025063642808,0.6699636482935871,0.0,0.0,0.0,6.09112178045914,1.280034620975541,3352.088927196825,2344.258518456151,1829.5619010595651,4899.184054115401,2437.4036923782232,True,True,True,False,False,False,False,False,False,False,22.762013937404337,2.8746368574603225,0.009262558199301468,6.09112178045914,1.280034620975541,3352.088927196825,2344.258518456151,1829.5619010595651,4899.184054115401,2437.4036923782232
GEO_01079,381639.4072651669,7138597.056708571,intrusive,halo,0.6392590077275295,0.16560666429041443,0.38475574776245997,0.21565317546303556,0.6886253141512545,85.44995729107873,7.054371687144306,0.019313745675414863,6.982168368812335,1.4419524249788949,5694.877974429089,2906.9067583942774,0.0,5599.806716377662,1916.0542027636561,False,False,False,False,False,False,False,True,False,False,85.44995729107873,7.054371687144306,0.019313745675414863,6.982168368812335,1.4419524249788949,5694.877974429089,2906.9067583942774,1440.283352349188,5599.806716377662,1916.0542027636561
GEO_01080,367033.67135926476,7154215.8279433055,intrusive,background,0.0,0.1470052438213807,0.008966298861233228,0.22382626547969425,0.6864102329106617,33.25249030649637,4.788395153562903,0.0,6.624411629623657,1.4998646031960294,4912.048002353878,2205.182014585708,1639.1321982169104,4992.941745077763,2419.1677442795,False,False,True,False,False,False,False,False,False,False,33.25249030649637,4.788395153562903,0.01011072311243138,6.624411629623657,1.4998646031960294,4912.048002353878,2205.182014585708,1639.1321982169104,4992.941745077763,2419.1677442795
GEO_01081,359882.80565191625,7130125.741204918,sedimentary,background,0.0,0.03787859555782845,0.04624817051669458,0.0,0.28765469188896914,39.24153161920792,3.7238673535118,0.0,7.172906590578439,1.520600057494352,5894.413688740422,2015.3169561209613,2493.5591777944373,3264.3190214761503,1817.1203642728406,False,False,True,False,False,False,False,False,False,False,39.24153161920792,3.7238673535118,0.009141459397983,7.172906590578439,1.520600057494352,5894.413688740422,2015.3169561209613,2493.5591777944373,3264.3190214761503,1817.1203642728406
GEO_01082,427650.6504299371,7151123.744515279,intrusive,background,0.07715203684301261,0.0,0.12106364355562779,0.3085373118227769,0.5564335182484006,0.0,3.681521274140721,0.012019018839756082,5.170855470570022,1.4763446080226446,4055.8185348891166,3801.5271787785146,1726.8521233527874,4146.019314393659,1732.6288120171557,True,False,False,False,False,False,False,False,False,False,27.536418428006744,3.681521274140721,0.012019018839756082,5.170855470570022,1.4763446080226446,4055.8185348891166,3801.5271787785146,1726.8521233527874,4146.019314393659,1732.6288120171557
GEO_01083,415886.6936256788,7108755.386739321,intrusive,background,0.1709966953084807,0.09960199871843746,0.1107095741342459,0.2525576787240692,0.8082961018331681,42.87959308660685,5.3797759523085995,0.012553837070004587,5.056781001320735,2.2070363183572264,4110.889026685072,2324.228733252507,0.0,6687.3829708277935,2076.1592721292964,False,False,False,False,False,False,False,True,False,False,42.87959308660685,5.3797759523085995,0.012553837070004587,5.056781001320735,2.2070363183572264,4110.889026685072,2324.228733252507,1499.5923228963352,6687.3829708277935,2076.1592721292964
GEO_01084,426683.33138223004,7108271.753087577,intrusive,background,0.0,0.22984838844425157,0.0,0.20494153728759334,0.7715387955385307,33.35667606925602,4.342665795652139,0.017024997684436317,6.08416113197291,1.8870981404825817,4401.533452393412,2184.2979750753975,1558.3475343576376,3599.7179690630123,2294.4197348333687,False,False,False,False,False,False,False,False,False,False,33.35667606925602,4.342665795652139,0.017024997684436317,6.08416113197291,1.8870981404825817,4401.533452393412,2184.2979750753975,1558.3475343576376,3599.7179690630123,2294.4197348333687
GEO_01085,383388.02335727244,7111552.840631834,volcanic,background,0.0,0.053322428863555614,0.045037773350965774,0.6441971449314995,0.00091560364913385,30.112163169656828,3.870603264358449,0.014326175588136234,6.283737996911967,1.6168005333328366,4477.852385469731,2236.1336562250826,2044.9767729915204,3384.7496614777524,1219.127992795246,False,False,False,False,False,False,False,False,False,False,30.112163169656828,3.870603264358449,0.014326175588136234,6.283737996911967,1.6168005333328366,4477.852385469731,2236.1336562250826,2044.9767729915204,3384.7496614777524,1219.127992795246
GEO_01086,370840.1976125784,7156475.907958645,volcanic,background,0.1354345316920299,0.14554540237135208,0.28334561599478153,0.7538616324863893,0.0,33.64543915378027,3.9087168514651704,0.014027930867815336,7.828225342515391,1.4367915315264206,6299.225893789328,3214.874023557889,0.0,3503.646913768756,1213.47436122779,False,False,False,False,False,False,False,True,False,False,33.64543915378027,3.9087168514651704,0.014027930867815336,7.828225342515391,1.4367915315264206,6299.225893789328,3214.874023557889,1267.0856708136205,3503.646913768756,1213.47436122779
GEO_01087,421997.0204387508,7115876.146116679,intrusive,background,0.07042429567327457,0.19776916180145637,0.08677587291274363,0.16286641719414724,0.733922159131376,50.899387529672666,6.25639343177431,0.012867050295085577,6.7465179162757405,1.8816930209150626,4177.605887895253,2977.6513688260393,2501.571274486963,3385.348092579677,1588.0822973784027,False,False,False,False,False,False,False,False,False,False,50.899387529672666,6.25639343177431,0.012867050295085577,6.7465179162757405,1.8816930209150626,4177.605887895253,2977.6513688260393,2501.571274486963,3385.348092579677,1588.0822973784027
GEO_01088,370428.5445941638,7115617.795216435,sedimentary,background,0.0,0.0,0.1278911817518776,0.05677384700181748,0.40386371820091094,40.82499132138688,5.3478004355145865,0.010691914154884533,5.019677015617372,1.4024456225483748,3469.460567449864,0.0,2482.134909853035,3202.666455239722,2144.0844697538896,False,False,False,False,False,False,True,False,False,False,40.82499132138688,5.3478004355145865,0.010691914154884533,5.019677015617372,1.4024456225483748,3469.460567449864,1300.6342222577023,2482.134909853035,3202.666455239722,2144.0844697538896
GEO_01089,384330.55375152774,7151010.347371273,intrusive,halo,0.6364077784598707,0.2073131224071623,0.41580864344032686,0.38617900410278255,0.7817973892426664,75.50193466858498,8.586045637981316,0.018639637403316485,8.916239227004873,0.0,5537.924898996077,2678.1222455344127,1922.8250763595042,4443.204251734346,2488.7691190197343,False,False,False,False,True,False,False,False,False,False,75.50193466858498,8.586045637981316,0.018639637403316485,8.916239227004873,1.1363081999149203,5537.924898996077,2678.1222455344127,1922.8250763595042,4443.204251734346,2488.7691190197343
GEO_01090,399682.3088745682,7126438.265191106,intrusive,background,0.24098343538045147,0.18459557559580972,0.12107887949461489,0.36098274572803124,0.719587428336917,42.148335952725596,5.827139293075256,0.024471389560844145,7.34049226390981,0.0,4065.414788628017,2894.29089293416,2050.9176659718332,4607.091899152255,2183.8920640309825,False,False,False,False,True,False,False,False,False,False,42.148335952725596,5.827139293075256,0.024471389560844145,7.34049226390981,1.1464936080840475,4065.414788628017,2894.29089293416,2050.9176659718332,4607.091899152255,2183.8920640309825
GEO_01091,366964.8602233165,7149506.450644976,volcanic,background,0.1601114752921285,0.1076340315251293,0.0,0.7610325600809744,0.09310172548739856,36.65545071112978,3.77282981645169,0.010510664147001936,6.838694494461334,1.6848635241633465,8844.465195199084,4008.8858239452193,2005.0320646319924,3752.1912359164003,1679.9329867209797,False,False,False,False,False,False,False,False,False,False,36.65545071112978,3.77282981645169,0.010510664147001936,6.838694494461334,1.6848635241633465,8844.465195199084,4008.8858239452193,2005.0320646319924,3752.1912359164003,1679.9329867209797
GEO_01092,388852.44202793593,7112869.29449953,intrusive,background,0.12709916508843744,0.02942770138373042,0.0,0.09047101512806532,0.6341199506746823,0.0,4.9859702016862135,0.014469526513410833,0.0,1.2436574766978703,3500.394220367727,2510.622285870677,1618.9276458374225,4570.2589583157005,1584.6498445172026,True,False,False,True,False,False,False,False,False,False,29.44120862180125,4.9859702016862135,0.014469526513410833,4.662963272298879,1.2436574766978703,3500.394220367727,2510.622285870677,1618.9276458374225,4570.2589583157005,1584.6498445172026
GEO_01093,413279.96307869634,7109607.387468447,intrusive,background,0.07220527163911847,0.0,0.0,0.3288714753823868,0.8720217200403646,43.66875279280899,5.589953182415933,0.01573744964376957,5.455146810159759,1.2396702120080352,3225.6357238601104,2971.164679172578,2455.973949255817,4819.01107236896,2522.112405322882,False,False,False,False,False,False,False,False,False,False,43.66875279280899,5.589953182415933,0.01573744964376957,5.455146810159759,1.2396702120080352,3225.6357238601104,2971.164679172578,2455.973949255817,4819.01107236896,2522.112405322882
GEO_01094,397985.82272180996,7140865.409555822,sedimentary,halo,0.9597736218519739,0.10273416187042478,0.39924753683218245,0.033924567210493306,0.19867816217579062,109.22276430940347,14.996097379861654,0.02874854663131091,7.62407443593429,0.0,4203.55944383545,2103.004110686682,4088.73022412036,4275.837831348714,1425.4642611950567,False,False,False,False,True,False,False,False,False,False,109.22276430940347,14.996097379861654,0.02874854663131091,7.62407443593429,1.0296172509840749,4203.55944383545,2103.004110686682,4088.73022412036,4275.837831348714,1425.4642611950567
GEO_01095,376675.6319360972,7119606.004112229,volcanic,background,0.032734231661564715,0.0,0.0,0.8439819066350558,0.26217351606648037,0.0,4.410756463015329,0.013827797087596507,0.0,0.0,8145.692543950201,3339.252459870322,2004.903855147703,3218.039675391152,1766.1219462565484,True,False,False,True,True,False,False,False,False,False,29.51967445774609,4.410756463015329,0.013827797087596507,3.861504607835449,1.1278819112874878,8145.692543950201,3339.252459870322,2004.903855147703,3218.039675391152,1766.1219462565484
GEO_01096,361447.98506111134,7113501.260993154,sedimentary,background,0.013721885799366559,0.0,0.06807094030486802,0.0,0.43274487891559915,36.676093545805514,3.7156723801327893,0.015780120196667354,7.141112445246368,1.399706002834256,3578.6493319703445,0.0,3756.3386712407905,2902.5850724351913,1683.1709033704378,False,False,False,False,False,False,True,False,False,False,36.676093545805514,3.7156723801327893,0.015780120196667354,7.141112445246368,1.399706002834256,3578.6493319703445,1677.62460610656,3756.3386712407905,2902.5850724351913,1683.1709033704378
GEO_01097,385792.7494511161,7103391.907937516,volcanic,background,0.17129609213257074,0.0,0.0,0.6634875840641079,0.06952252609424467,39.44689885822018,4.483126398994252,0.012044632627205046,,1.283536112266175,6154.2560303886985,3504.4591996698305,1926.196415255297,3307.7110844533236,1330.8557782390144,False,False,False,False,False,False,False,False,False,False,39.44689885822018,4.483126398994252,0.012044632627205046,7.21959667604314,1.283536112266175,6154.2560303886985,3504.4591996698305,1926.196415255297,3307.7110844533236,1330.8557782390144
GEO_01098,387257.5136546797,7175714.372171184,volcanic,background,0.04708239933649165,0.02059092861881595,0.05271988847345097,0.8540656869766543,0.05353039664397419,0.0,0.0,0.012406560623125788,,1.4185287240278202,6117.268356484411,4040.93572071309,2231.142045765336,2826.2405461075073,1544.130246595629,True,True,False,False,False,False,False,False,False,False,29.83359411199736,3.183678482627756,0.012406560623125788,4.833316806179842,1.4185287240278202,6117.268356484411,4040.93572071309,2231.142045765336,2826.2405461075073,1544.130246595629
GEO_01099,372186.000498532,7145813.566435369,volcanic,background,0.09592206167679168,0.0,0.0,0.6302705983982092,0.0,37.277479771190286,4.378234651678729,0.012067009993435868,4.930857882346714,1.2079400593282141,4715.7298396948745,3068.778674588434,1716.406499388082,3089.8605340866534,1321.3799749228904,False,False,False,False,False,False,False,False,False,False,37.277479771190286,4.378234651678729,0.012067009993435868,4.930857882346714,1.2079400593282141,4715.7298396948745,3068.778674588434,1716.406499388082,3089.8605340866534,1321.3799749228904
GEO_01100,381126.4086703732,7154090.151377056,volcanic,background,0.3716768458745805,0.07289317013480566,0.4458151156254053,0.8244954258327478,0.06829073665629991,58.91754818372562,5.042371105737143,0.021045438857911224,8.226909850909532,1.7271749729447712,6321.048196171813,3758.5934574569646,2524.5102916704896,3648.628143892791,1706.8201541080177,False,False,False,False,False,False,False,False,False,False,58.91754818372562,5.042371105737143,0.021045438857911224,8.226909850909532,1.7271749729447712,6321.048196171813,3758.5934574569646,2524.5102916704896,3648.628143892791,1706.8201541080177
GEO_01101,380373.0416343705,7172683.771788305,sedimentary,background,0.021863459416545872,0.0,0.0,0.04421194517670882,0.2832209586331169,39.39497642605992,5.068335513346951,0.011528468540969766,0.0,1.4511493831909106,3889.5523527588693,2856.554313604559,3458.751165371773,3521.994726031362,1782.8857405998106,False,False,False,True,False,False,False,False,False,False,39.39497642605992,5.068335513346951,0.011528468540969766,4.3626704495798,1.4511493831909106,3889.5523527588693,2856.554313604559,3458.751165371773,3521.994726031362,1782.8857405998106
GEO_01102,358786.58109512075,7176737.838508231,sedimentary,background,0.0,0.02214844580187386,0.02049754058846481,0.0,0.0728158182129593,0.0,0.0,0.0,,1.5947964497419378,4437.158146592504,0.0,3549.908750960264,3288.1896476867605,1517.2372947820552,True,True,True,True,False,False,True,False,False,False,28.321868569284085,3.182975384793338,0.008952467927199056,4.487845571590448,1.5947964497419378,4437.158146592504,1377.7694690819064,3549.908750960264,3288.1896476867605,1517.2372947820552
GEO_01103,422384.6111735996,7153891.89298447,intrusive,background,0.20238143191177038,0.0,0.18843652534134023,0.21467728440354897,0.6080531832432676,55.094874276782484,0.0,0.017282704165121156,0.0,0.0,5176.743201193666,2484.211324720721,0.0,2667.5015489084153,2080.423942915953,False,True,False,True,True,False,False,True,False,False,55.094874276782484,3.228452377568064,0.017282704165121156,4.699215780222477,0.8327888953001813,5176.743201193666,2484.211324720721,1369.6558399644794,2667.5015489084153,2080.423942915953
GEO_01104,413712.1318111328,7178873.361901971,volcanic,background,0.04770092062471301,0.08369797977480418,0.0,0.6628573518309308,0.06371284266203492,44.372865034487525,4.7149512853990485,0.010897138574848055,5.435588292784861,1.7112656409791185,5116.031713513356,2900.7378244737993,2020.674013999575,2626.3933557253586,0.0,False,False,False,False,False,False,False,False,False,True,44.372865034487525,4.7149512853990485,0.010897138574848055,5.435588292784861,1.7112656409791185,5116.031713513356,2900.7378244737993,2020.674013999575,2626.3933557253586,938.4262936830339
GEO_01105,398437.6786590384,7140294.125196168,intrusive,halo,0.8793096193135665,0.18735319582923282,0.47566467842565147,0.12560807953540915,0.7018110874502597,115.6429493649277,9.531552378853302,0.037138999207315906,7.722082452370647,1.4184483259701095,3229.8508222305613,1932.170420093516,1792.2798920923801,3741.276238504154,2997.1607425015904,False,False,False,False,False,False,False,False,False,False,115.6429493649277,9.531552378853302,0.037138999207315906,7.722082452370647,1.4184483259701095,3229.8508222305613,1932.170420093516,1792.2798920923801,3741.276238504154,2997.1607425015904
GEO_01106,370477.3682488279,7132465.242020133,sedimentary,background,0.0,0.08443268144375377,0.06674220500481197,0.0,0.22462528292429945,45.676699535171906,4.258669856465822,0.0,5.00262127699093,0.0,3404.6954904361264,1766.1829182104073,3461.8582260733283,2828.883161442799,1169.1890850069647,False,False,True,False,True,False,False,False,False,False,45.676699535171906,4.258669856465822,0.00905674801372989,5.00262127699093,0.9437871975819692,3404.6954904361264,1766.1829182104073,3461.8582260733283,2828.883161442799,1169.1890850069647
GEO_01107,394414.8259917689,7113463.65788288,sedimentary,background,0.004975590684750245,0.0,0.06507468153179469,0.014986792470469657,0.22012135669744265,36.19066551510522,0.0,0.011796144199879791,7.295183697738531,0.0,4722.1036395231695,1848.3008221247287,3317.0986749475987,3766.776155936212,0.0,False,True,False,False,True,False,False,False,False,True,36.19066551510522,3.4412570312515105,0.011796144199879791,7.295183697738531,1.1923768664294914,4722.1036395231695,1848.3008221247287,3317.0986749475987,3766.776155936212,1029.1292801126456
GEO_01108,379307.38240422646,7132799.860279095,intrusive,background,0.2069581702656866,0.02546229723445697,0.13549563298814618,0.15545147532584425,0.7744252873532307,47.006412594903864,5.644528526790231,0.015411945775243675,7.08118680745476,1.4468601355106392,4110.722156653732,2568.658321768715,2038.4253700689528,6216.497665883033,2252.0702275117756,False,False,False,False,False,False,False,False,False,False,47.006412594903864,5.644528526790231,0.015411945775243675,7.08118680745476,1.4468601355106392,4110.722156653732,2568.658321768715,2038.4253700689528,6216.497665883033,2252.0702275117756
GEO_01109,366944.42413489777,7147791.475091031,intrusive,background,0.16105200542748455,0.07263132053121299,0.19003778818451036,0.1902029141479583,0.7335135841405463,50.95795272470069,6.1236522759808185,0.017301008010300805,6.189296859179146,1.4374046656935069,3136.266647290572,2266.4903459789766,0.0,4124.548762714895,2129.055016470834,False,False,False,False,False,False,False,True,False,False,50.95795272470069,6.1236522759808185,0.017301008010300805,6.189296859179146,1.4374046656935069,3136.266647290572,2266.4903459789766,1344.4345956412742,4124.548762714895,2129.055016470834
GEO_01110,372422.38527591876,7127182.6209031325,intrusive,background,0.1286157989702178,0.05639322259600016,0.13675799347510073,0.1624079565522104,0.8197559796606536,37.33515775109758,4.597532119547838,0.013680217204940207,7.4539669152984365,1.5888975675578858,3656.6577311578308,1968.1183676750663,1837.2113395736785,5237.565480995287,2104.0745912369157,False,False,False,False,False,False,False,False,False,False,37.33515775109758,4.597532119547838,0.013680217204940207,7.4539669152984365,1.5888975675578858,3656.6577311578308,1968.1183676750663,1837.2113395736785,5237.565480995287,2104.0745912369157
GEO_01111,396225.48592004774,7175561.819564385,volcanic,background,0.12782116017644451,0.01722337588409649,0.04542377098096364,0.6825456003957234,0.15210051212745684,43.51710007215348,6.271562472990967,0.012906483659651954,0.0,1.7890855748702588,6321.225769947956,3281.9061466819335,2015.3696214286879,3514.314806425641,1703.7550411345326,False,False,False,True,False,False,False,False,False,False,43.51710007215348,6.271562472990967,0.012906483659651954,4.656092786466567,1.7890855748702588,6321.225769947956,3281.9061466819335,2015.3696214286879,3514.314806425641,1703.7550411345326
GEO_01112,373963.6717650022,7108634.234603714,volcanic,background,0.10645938776918891,0.0071097857376082735,0.10909722536116839,0.7564040987512884,0.17100385888487044,34.50877124342501,4.648081175573897,0.0,5.392899943394655,0.0,6115.298714307516,3996.6430284364374,2806.640186824486,3898.828912703422,1239.4794739992105,False,False,True,False,True,False,False,False,False,False,34.50877124342501,4.648081175573897,0.009305922931942304,5.392899943394655,1.1699712971622083,6115.298714307516,3996.6430284364374,2806.640186824486,3898.828912703422,1239.4794739992105
GEO_01113,401138.51737292396,7173375.497804773,intrusive,background,0.0,0.06709122882176001,0.060088362653287264,0.3367902199020896,0.7209425651112621,34.69191176454504,5.502719346183307,0.0,5.952280736920257,1.9130556624920785,4562.394070559755,2135.877400539072,2078.9740174318545,4019.6728462889455,2529.0147709445687,False,False,True,False,False,False,False,False,False,False,34.69191176454504,5.502719346183307,0.00962064530648896,5.952280736920257,1.9130556624920785,4562.394070559755,2135.877400539072,2078.9740174318545,4019.6728462889455,2529.0147709445687
GEO_01114,418753.01153150626,7145454.081328912,volcanic,background,0.10861786894428463,0.023558319405441643,0.016816317991396046,0.7580098554640006,0.018789288090795234,33.06032197517735,4.172339539184809,0.011450239612357494,0.0,1.30536818956538,10393.60733571528,4221.571999541077,3722.082860331066,2534.5299088272222,1443.725545966533,False,False,False,True,False,False,False,False,False,False,33.06032197517735,4.172339539184809,0.011450239612357494,4.4619746409220085,1.30536818956538,10393.60733571528,4221.571999541077,3722.082860331066,2534.5299088272222,1443.725545966533
GEO_01115,409132.8587472542,7128412.800140476,intrusive,background,0.11372161433832817,0.0,0.05995671920891851,0.22059498272495803,0.7654757339789773,42.59226107260821,4.156645163222321,0.01182070994909837,5.982807183211155,1.9399875843725123,4201.747283711392,1828.8231355515898,2210.897704285709,6944.984975078213,2302.534970121904,False,False,False,False,False,False,False,False,False,False,42.59226107260821,4.156645163222321,0.01182070994909837,5.982807183211155,1.9399875843725123,4201.747283711392,1828.8231355515898,2210.897704285709,6944.984975078213,2302.534970121904
GEO_01116,420794.39188825374,7118294.274992188,volcanic,background,0.019331096713342055,0.0,0.047689774213630576,0.6898887359654288,0.0,34.16908845029848,3.8120459947173715,0.0,0.0,1.3550405990607424,6576.633866202776,3729.476339164571,1869.656743082831,2933.4556876204724,1733.71233194679,False,False,True,True,False,False,False,False,False,False,34.16908845029848,3.8120459947173715,0.00900700883280105,4.494518149390007,1.3550405990607424,6576.633866202776,3729.476339164571,1869.656743082831,2933.4556876204724,1733.71233194679
GEO_01117,420618.0975933536,7109450.259307531,sedimentary,background,0.058409484677418425,0.0,0.0,0.0639687168276857,0.05082353559909586,38.29381223932745,3.725092130472495,0.014853500104853798,10.038370142641446,1.2351004105502008,3111.8458977180126,1947.1154470817878,2643.9653795705103,2521.060497571758,1282.346792542267,False,False,False,False,False,False,False,False,False,False,38.29381223932745,3.725092130472495,0.014853500104853798,10.038370142641446,1.2351004105502008,3111.8458977180126,1947.1154470817878,2643.9653795705103,2521.060497571758,1282.346792542267
GEO_01118,410211.1679545933,7109020.184343888,sedimentary,background,0.0,0.14393654506575412,0.0,0.13051599974124825,0.19361926017030537,30.31978042273581,0.0,0.011383398901612682,4.867500555504152,1.7254727068715388,3703.5085044603456,2030.2619911341951,3840.691877222791,3031.9761399668837,1641.486677160323,False,True,False,False,False,False,False,False,False,False,30.31978042273581,3.4348334631557567,0.011383398901612682,4.867500555504152,1.7254727068715388,3703.5085044603456,2030.2619911341951,3840.691877222791,3031.9761399668837,1641.486677160323
GEO_01119,388904.5642925402,7103156.488381383,volcanic,background,0.0,0.0,0.0454394369633503,0.6975472368668537,0.05208551643263312,55.27190995623381,0.0,0.0,4.937723791677776,1.437232028609712,3889.460217087527,3463.428769014996,2140.1325801459575,3147.2079647311643,1224.9538489371082,False,True,True,False,False,False,False,False,False,False,55.27190995623381,3.0733185218509473,0.008970375441576414,4.937723791677776,1.437232028609712,3889.460217087527,3463.428769014996,2140.1325801459575,3147.2079647311643,1224.9538489371082
GEO_01120,367454.34575177747,7120494.290592155,sedimentary,background,0.0,0.0016325018912377652,0.0,0.0,0.2829258454173118,32.47461797393721,3.9215133406411207,0.011258713918656266,0.0,1.4491536798997473,,2285.425545782981,2311.5010791351015,3376.3157992952483,1446.9437720969543,False,False,False,True,False,True,False,False,False,False,32.47461797393721,3.9215133406411207,0.011258713918656266,4.342567785229103,1.4491536798997473,2929.383798727299,2285.425545782981,2311.5010791351015,3376.3157992952483,1446.9437720969543
GEO_01121,354374.51361340634,7169647.474005213,intrusive,background,0.0,0.0,0.03492212277084127,0.28564489817676314,0.6892474175318479,35.50847859143237,3.60062183999738,0.01600432863354511,4.964107847530723,1.6493989956627475,4423.196792181968,2480.440303718994,2564.751893670264,4723.689908580798,1873.0349000612302,False,False,False,False,False,False,False,False,False,False,35.50847859143237,3.60062183999738,0.01600432863354511,4.964107847530723,1.6493989956627475,4423.196792181968,2480.440303718994,2564.751893670264,4723.689908580798,1873.0349000612302
GEO_01122,380741.7063405281,7109380.785027734,intrusive,background,0.0,0.025446235294527525,0.0,0.31939275281441737,0.8200405643036103,33.00183704811343,3.7420869952675693,0.012304718412431923,5.427787934219607,0.0,3496.54537392865,2375.540454385099,2116.3835570186266,5216.057442558514,1662.8787730164108,False,False,False,False,True,False,False,False,False,False,33.00183704811343,3.7420869952675693,0.012304718412431923,5.427787934219607,0.9283044087577322,3496.54537392865,2375.540454385099,2116.3835570186266,5216.057442558514,1662.8787730164108
GEO_01123,359385.53161229746,7102164.045836919,intrusive,background,0.10385015660751934,0.13548755855350123,0.023837377131398007,0.21010756446468737,0.7426621929151734,38.294349111553,4.262634449388741,0.01257302137578072,6.248762242475682,1.3815431002072078,3468.487389539341,0.0,2519.3557152067597,4125.135728710738,2357.3291208289456,False,False,False,False,False,False,True,False,False,False,38.294349111553,4.262634449388741,0.01257302137578072,6.248762242475682,1.3815431002072078,3468.487389539341,1473.6778540703297,2519.3557152067597,4125.135728710738,2357.3291208289456
GEO_01124,359342.8204977626,7140032.757837613,volcanic,background,0.1028404685427298,0.0,0.007639347499729162,0.825024183006746,0.0,57.94076202590976,5.242274278712159,0.014323451127027662,5.860588902136098,0.0,5534.759092380797,3729.247684309587,2676.2859530126134,3363.7073241266958,1533.659286734673,False,False,False,False,True,False,False,False,False,False,57.94076202590976,5.242274278712159,0.014323451127027662,5.860588902136098,1.1464738682372604,5534.759092380797,3729.247684309587,2676.2859530126134,3363.7073241266958,1533.659286734673
GEO_01125,373821.9347235015,7126741.274979681,intrusive,background,0.249586421944627,0.04583468247363977,0.07645150489907815,0.20889789286740695,0.8531204068446456,52.35318671534706,6.123884452829422,0.016384998560756994,0.0,0.0,3045.3110916817486,2261.1693339727117,2127.941918328104,5051.318013852803,2950.81975944143,False,False,False,True,True,False,False,False,False,False,52.35318671534706,6.123884452829422,0.016384998560756994,3.8919581375342793,0.9922876257580729,3045.3110916817486,2261.1693339727117,2127.941918328104,5051.318013852803,2950.81975944143
GEO_01126,377320.3907732255,7129329.290856081,sedimentary,background,0.04809731035105083,0.015065863803145025,0.03992441643998062,0.006535684260072185,0.03416311401396377,35.83710059412781,4.305905732607337,0.0,6.567256613883272,0.0,3485.0940766542262,1862.7871538182237,3568.4005714441105,0.0,0.0,False,False,True,False,True,False,False,False,True,True,35.83710059412781,4.305905732607337,0.009102316515503875,6.567256613883272,1.1581149345452992,3485.0940766542262,1862.7871538182237,3568.4005714441105,2428.3555829425413,1085.068645670766
GEO_01127,428131.425725272,7103159.268121159,intrusive,background,0.0,0.09513683593968839,0.0,0.2934943789607089,0.5224553547261177,43.56981912856742,0.0,0.015161899976670536,6.2206864392872125,1.413284408078358,4314.467565514863,3203.908771005151,1875.8794739900814,3995.705600227517,2363.5107995079,False,True,False,False,False,False,False,False,False,False,43.56981912856742,3.131042143675241,0.015161899976670536,6.2206864392872125,1.413284408078358,4314.467565514863,3203.908771005151,1875.8794739900814,3995.705600227517,2363.5107995079
GEO_01128,361261.25799829053,7135213.528839987,volcanic,background,0.0794137437186869,0.004486623436515576,0.0,0.8665728204374094,0.19747604510193018,30.42333259567248,4.371212595284307,0.012853623439386078,4.9399387351188935,1.779606389452308,5627.500812190347,3800.592818089373,2472.1961192515314,3325.581984127466,1632.5062215616288,False,False,False,False,False,False,False,False,False,False,30.42333259567248,4.371212595284307,0.012853623439386078,4.9399387351188935,1.779606389452308,5627.500812190347,3800.592818089373,2472.1961192515314,3325.581984127466,1632.5062215616288
GEO_01129,399772.25398292235,7130903.623220418,sedimentary,halo,0.3879258130992406,0.13506884971988709,0.524010490085978,0.0,0.19968817762328986,53.19542627925666,7.720007317691861,0.0282323745033648,9.127817540923285,1.677355658783087,5467.871083254892,2390.7322879123512,3278.857992591143,3296.8687560776643,1944.0105184533581,False,False,False,False,False,False,False,False,False,False,53.19542627925666,7.720007317691861,0.0282323745033648,9.127817540923285,1.677355658783087,5467.871083254892,2390.7322879123512,3278.857992591143,3296.8687560776643,1944.0105184533581
GEO_01130,352449.2492748431,7179084.98126283,intrusive,background,0.0,0.0,0.0,0.30991291414622174,0.8326422534624937,34.76753867859522,3.878724951366232,0.011301750277103274,6.842892964377574,1.3525231571211556,4210.145208005039,,0.0,5198.841501837376,3508.915343586885,False,False,False,False,False,False,False,True,False,False,34.76753867859522,3.878724951366232,0.011301750277103274,6.842892964377574,1.3525231571211556,4210.145208005039,2702.734230555855,1331.8248075584843,5198.841501837376,3508.915343586885
GEO_01131,417513.4219994613,7176798.70384619,volcanic,background,0.06072913357164171,0.0,0.0,0.7843436173640739,0.0,35.68426432043423,0.0,0.012540662957022313,5.413913102837561,0.0,4950.528165885285,4063.8952846807115,2576.399436440138,3049.2305647421294,1336.4893582840668,False,True,False,False,True,False,False,False,False,False,35.68426432043423,2.843311193546063,0.012540662957022313,5.413913102837561,0.9995918804708276,4950.528165885285,4063.8952846807115,2576.399436440138,3049.2305647421294,1336.4893582840668
GEO_01132,358741.11054573086,7132318.747888808,volcanic,background,0.0,0.10809798174205675,0.0,0.6944114062020772,0.0,37.71195194328669,0.0,0.01143186748396353,6.185618895554283,1.4996348257842798,5344.052632434861,3446.939941562805,2369.6773475437026,2673.8346608003917,1340.4778067026737,False,True,False,False,False,False,False,False,False,False,37.71195194328669,3.17223657775098,0.01143186748396353,6.185618895554283,1.4996348257842798,5344.052632434861,3446.939941562805,2369.6773475437026,2673.8346608003917,1340.4778067026737
GEO_01133,381101.65063282405,7173882.556950321,sedimentary,background,0.0,0.20433397245586202,0.12844003025301762,0.10878619272982333,0.08798081563209181,33.64071931237531,3.716072506508585,0.016818930494115942,7.217726903445368,2.3392955760520375,4144.226229780815,1701.9295938087716,3541.5336950153883,2813.4310896059337,1790.4020024781457,False,False,False,False,False,False,False,False,False,False,33.64071931237531,3.716072506508585,0.016818930494115942,7.217726903445368,2.3392955760520375,4144.226229780815,1701.9295938087716,3541.5336950153883,2813.4310896059337,1790.4020024781457
GEO_01134,389335.8473335382,7146592.485625137,sedimentary,anomalous,0.8900466702915057,0.11854496210214438,0.602752506303885,0.0,0.022671220942110992,98.32380806485088,9.960348211424957,,7.0216323225208725,0.0,5062.401796485933,2206.9737737033606,3440.043088555343,3405.5188546768186,1243.7363231658726,False,False,False,False,True,False,False,False,False,False,98.32380806485088,9.960348211424957,0.01889466927107185,7.0216323225208725,1.1443022743409152,5062.401796485933,2206.9737737033606,3440.043088555343,3405.5188546768186,1243.7363231658726
GEO_01135,413336.2888471971,7113472.1545802625,sedimentary,background,0.0,0.11512940132561314,0.07747142356739573,0.0,0.22320015496687723,32.2795768635274,0.0,0.012885252183495711,0.0,1.971230878076116,3450.8303967814295,0.0,4880.669882687235,5063.590111968972,1907.500844481204,False,True,False,True,False,False,True,False,False,False,32.2795768635274,3.351624746365359,0.012885252183495711,4.78932421734924,1.971230878076116,3450.8303967814295,1679.325098131879,4880.669882687235,5063.590111968972,1907.500844481204
GEO_01136,388299.57447995374,7178047.607562342,volcanic,background,0.05826315012742843,0.01729402940832637,0.0,0.5817113178355814,0.0,0.0,4.11823925813191,0.010602753073450105,4.959504013246918,0.0,5094.270585678928,2739.8340356156687,2337.6733607745327,0.0,1510.540422802042,True,False,False,False,True,False,False,False,True,False,20.78342553302662,4.11823925813191,0.010602753073450105,4.959504013246918,1.0752086590951464,5094.270585678928,2739.8340356156687,2337.6733607745327,2447.435866306082,1510.540422802042
GEO_01137,372050.05998769205,7131647.414424455,sedimentary,background,0.0,0.18976300082229347,0.1456619821388584,0.0,0.1917966781284782,37.071265748725416,4.714966933619474,0.0,6.660059330010131,1.5734593296547674,3983.863552679283,1984.1245940533834,3060.4304766950727,3126.7469828862145,1699.6830917240002,False,False,True,False,False,False,False,False,False,False,37.071265748725416,4.714966933619474,0.009995095969697373,6.660059330010131,1.5734593296547674,3983.863552679283,1984.1245940533834,3060.4304766950727,3126.7469828862145,1699.6830917240002
GEO_01138,413759.7638434088,7139431.121587764,sedimentary,background,0.0,0.0,0.027084773267810107,0.0,0.23156673866163288,31.09795587725143,3.8597173679026002,0.0,5.371873543051242,1.6496993511893443,4483.6367251033535,1881.3764957684652,3082.040322249388,3475.4457480816122,1495.7463373886785,False,False,True,False,False,False,False,False,False,False,31.09795587725143,3.8597173679026002,0.0082625408453018,5.371873543051242,1.6496993511893443,4483.6367251033535,1881.3764957684652,3082.040322249388,3475.4457480816122,1495.7463373886785
GEO_01139,366041.7223014455,7156370.309325276,intrusive,background,0.12301281483859365,0.08907659776829052,0.12524630817494636,0.3060352627351128,0.7464799755751192,31.52635228780573,5.4594084166467205,0.013888246199582734,6.879831544852348,2.2618902058820143,4138.21048591446,3064.4148946598507,2239.1859865084,6111.273904042598,3400.988525762334,False,False,False,False,False,False,False,False,False,False,31.52635228780573,5.4594084166467205,0.013888246199582734,6.879831544852348,2.2618902058820143,4138.21048591446,3064.4148946598507,2239.1859865084,6111.273904042598,3400.988525762334
GEO_01140,427232.17426958465,7118453.10323467,volcanic,background,0.08918186125281519,0.1425916958574535,0.0,0.7068040524943106,0.012099726370324124,40.03068204866453,3.528709089281731,0.012681590994098874,6.149017319801076,2.3989745202642396,4422.94126974988,3839.336760824978,1774.2399160214031,0.0,1439.919698952684,False,False,False,False,False,False,False,False,True,False,40.03068204866453,3.528709089281731,0.012681590994098874,6.149017319801076,2.3989745202642396,4422.94126974988,3839.336760824978,1774.2399160214031,2357.4710693966554,1439.919698952684
GEO_01141,401847.00563464407,7138652.215199234,volcanic,halo,0.4786724714751128,0.14160260870175345,0.16047034770445057,0.5611732146410712,0.15217259761206256,59.06777916353851,7.05157146551407,0.017793247864646665,8.017944236470234,2.077830086587381,4695.201526997816,3261.252178703288,1810.3129801692098,0.0,0.0,False,False,False,False,False,False,False,False,True,True,59.06777916353851,7.05157146551407,0.017793247864646665,8.017944236470234,2.077830086587381,4695.201526997816,3261.252178703288,1810.3129801692098,2437.3777105632616,1100.51896008698
GEO_01142,351970.6401810622,7119260.9004840655,intrusive,background,0.0,0.03683220677666896,0.0,0.41381637153827255,0.7821093778311171,48.47579759079305,4.111262918103259,0.0,5.969776911197458,1.4164715393915948,4287.386462028619,2740.5135789324354,1806.5650395493922,4007.1159818190035,2578.040483774801,False,False,True,False,False,False,False,False,False,False,48.47579759079305,4.111262918103259,0.008829872562620383,5.969776911197458,1.4164715393915948,4287.386462028619,2740.5135789324354,1806.5650395493922,4007.1159818190035,2578.040483774801
GEO_01143,426684.75959524704,7119849.925837234,intrusive,background,0.05507299082570213,0.013320468413455607,0.0,0.28029138997729847,0.7776520477345849,50.377210191502236,5.426987694475327,0.013228635880453749,6.20856137146769,1.5242739428398502,5593.878416072047,3346.7994153145164,1617.1597610314802,3553.134569444065,2233.7550178275123,False,False,False,False,False,False,False,False,False,False,50.377210191502236,5.426987694475327,0.013228635880453749,6.20856137146769,1.5242739428398502,5593.878416072047,3346.7994153145164,1617.1597610314802,3553.134569444065,2233.7550178275123
GEO_01144,419052.8779014379,7128285.200245983,volcanic,background,0.0741119180732642,0.013384691815778699,0.21343690156197256,0.5401722054178728,0.0,50.39405425571743,5.389080769056958,0.012692727169272175,6.810895230163171,1.2618858831682327,5641.02377294045,2590.4324225994746,2242.133650304254,0.0,0.0,False,False,False,False,False,False,False,False,True,True,50.39405425571743,5.389080769056958,0.012692727169272175,6.810895230163171,1.2618858831682327,5641.02377294045,2590.4324225994746,2242.133650304254,2223.0714884240306,959.5585779705862
GEO_01145,366215.4206183017,7173110.815970071,sedimentary,background,0.019688508336183033,0.03132976054098208,0.0,0.0,0.34750466554228965,0.0,3.853545788236946,0.011953855489451415,6.640018562831243,1.3503575962806502,4230.136866220292,1864.261277345754,3293.4095062183173,4030.724846037256,1327.1556857573871,True,False,False,False,False,False,False,False,False,False,26.180352339573933,3.853545788236946,0.011953855489451415,6.640018562831243,1.3503575962806502,4230.136866220292,1864.261277345754,3293.4095062183173,4030.724846037256,1327.1556857573871
GEO_01146,428465.40129947977,7152245.985314818,intrusive,background,0.0,0.0,0.0,0.26202433844086315,0.8821022356135316,0.0,4.1093812066268525,0.0,4.821717089412437,1.2289269243896255,4267.035375834582,1866.2755056807162,2026.7255170796893,4594.243467547076,2775.6796343501164,True,False,True,False,False,False,False,False,False,False,29.153707762731845,4.1093812066268525,0.009492940950330288,4.821717089412437,1.2289269243896255,4267.035375834582,1866.2755056807162,2026.7255170796893,4594.243467547076,2775.6796343501164
GEO_01147,383624.9730703724,7131320.775651199,intrusive,background,0.18286528396813437,0.22559794389589757,0.1924162110741983,0.3916855278061553,0.6945597947062772,42.96637186104936,5.304041662794439,0.013810758119261631,7.298263108813992,1.3583873341553523,4936.1948134326185,3268.1853480564114,1705.0743134259217,4402.012049205066,1635.7207300199182,False,False,False,False,False,False,False,False,False,False,42.96637186104936,5.304041662794439,0.013810758119261631,7.298263108813992,1.3583873341553523,4936.1948134326185,3268.1853480564114,1705.0743134259217,4402.012049205066,1635.7207300199182
GEO_01148,428222.6677183256,7127199.527107786,intrusive,background,0.0,0.07329742647044801,0.0,0.22428459421214564,0.792183942938231,0.0,4.499741966241075,0.0,5.878676115310152,1.6159729525748507,3679.415862672849,2904.1702962822055,0.0,4048.91630188705,2240.1150051056693,True,False,True,False,False,False,False,True,False,False,27.45924373921855,4.499741966241075,0.010005854075611465,5.878676115310152,1.6159729525748507,3679.415862672849,2904.1702962822055,1370.1575707307604,4048.91630188705,2240.1150051056693
GEO_01149,391249.92746819125,7132987.252614846,intrusive,halo,0.6588985991362161,0.07604645913948344,0.2761044473756443,0.3523354686971449,0.7396363657892892,85.01482445133466,5.943870730325513,0.02893456307765321,6.304646763661188,1.4234754280592505,5232.9745843060255,2454.0838676183366,2154.5460048234386,4420.2915981623055,2241.647685421219,False,False,False,False,False,False,False,False,False,False,85.01482445133466,5.943870730325513,0.02893456307765321,6.304646763661188,1.4234754280592505,5232.9745843060255,2454.0838676183366,2154.5460048234386,4420.2915981623055,2241.647685421219
GEO_01150,382511.5476331316,7111721.303471859,sedimentary,background,0.0,0.0,0.0037551089945327487,0.1689818598685555,0.15957997006943542,0.0,5.223830345647672,0.0,0.0,1.2944496193015635,3458.359101074231,3533.1585969432585,4998.986313937364,,1287.863709866943,True,False,True,True,False,False,False,False,False,False,27.80821209816205,5.223830345647672,0.007957762838935536,3.8004994695177516,1.2944496193015635,3458.359101074231,3533.1585969432585,4998.986313937364,3386.8637624372413,1287.863709866943
GEO_01151,379655.8049459095,7170196.91987345,intrusive,background,0.019759905228665896,0.1357014766102636,0.04961038302560922,0.32840617471036737,0.6631189163424058,38.439577513771916,3.7355663075281726,0.01713726146563182,6.775609476000757,1.9630425200942065,6097.248342195438,2538.9206747985363,2558.180381618758,3590.403768313628,2387.7032426075366,False,False,False,False,False,False,False,False,False,False,38.439577513771916,3.7355663075281726,0.01713726146563182,6.775609476000757,1.9630425200942065,6097.248342195438,2538.9206747985363,2558.180381618758,3590.403768313628,2387.7032426075366
GEO_01152,409444.9909660982,7129682.753805209,intrusive,background,0.08951375194530155,0.15883784658694797,0.03523338271284488,0.22293763169797906,0.934132857401436,38.775017413763464,5.1587913503035585,0.013489582231539718,8.812344563684812,1.500347049743883,4550.197419384699,2112.151341569882,2529.2471596928917,5794.363526736815,2862.9126320788278,False,False,False,False,False,False,False,False,False,False,38.775017413763464,5.1587913503035585,0.013489582231539718,8.812344563684812,1.500347049743883,4550.197419384699,2112.151341569882,2529.2471596928917,5794.363526736815,2862.9126320788278
GEO_01153,411570.5166602814,7138976.712562921,volcanic,background,0.269620719442489,0.11641210177041345,0.09699547929928472,0.5741337661097617,0.05901922088280159,47.59801418208707,5.184639146725114,0.014978437247139726,4.998026884598586,0.0,6759.136039210149,2456.40960948195,2640.582368495086,2680.361090440866,1485.6798887923935,False,False,False,False,True,False,False,False,False,False,47.59801418208707,5.184639146725114,0.014978437247139726,4.998026884598586,1.162057915889961,6759.136039210149,2456.40960948195,2640.582368495086,2680.361090440866,1485.6798887923935
GEO_01154,415505.72843726474,7108072.219559379,intrusive,background,0.02323537392168932,0.10728397163474626,0.0028016718956337533,0.18920349004419748,0.5417933632978528,40.11205177105176,0.0,0.0,6.374896183082215,2.3719518045965686,0.0,2348.1476390938046,1717.6193509876703,3988.7978741581287,1970.1201734751642,False,True,True,False,False,True,False,False,False,False,40.11205177105176,2.819169834216325,0.009120074928004955,6.374896183082215,2.3719518045965686,2840.7757649089226,2348.1476390938046,1717.6193509876703,3988.7978741581287,1970.1201734751642
GEO_01155,411668.1976712903,7172694.46399162,sedimentary,background,0.01630247346723225,0.19152520354705155,0.0,0.13902298513117917,0.31040499928592935,30.41999775088714,4.475480723117724,0.016710882196697474,8.352555921730307,0.0,4716.669295831033,2026.7593896008248,3096.569315090989,4208.312727344395,1772.337132786101,False,False,False,False,True,False,False,False,False,False,30.41999775088714,4.475480723117724,0.016710882196697474,8.352555921730307,1.0095861985954264,4716.669295831033,2026.7593896008248,3096.569315090989,4208.312727344395,1772.337132786101
GEO_01156,361765.9679626972,7141114.713912275,intrusive,background,0.19746915802434023,0.020068631692152342,0.0,0.25817547468262014,0.931484327145364,57.496315171286106,4.178984720722638,0.01660478089831604,5.222221147913543,1.498339565294496,4096.954217169097,2304.91417795102,1546.982102697437,3893.0281169409905,3942.842489523783,False,False,False,False,False,False,False,False,False,False,57.496315171286106,4.178984720722638,0.01660478089831604,5.222221147913543,1.498339565294496,4096.954217169097,2304.91417795102,1546.982102697437,3893.0281169409905,3942.842489523783
GEO_01157,354147.75035287073,7179636.602772183,sedimentary,background,0.01277200629655504,0.0,0.004825999212842629,0.0,0.21654346554978535,33.37568869084079,5.120484823386832,0.0,6.949221988696376,1.3967115657595708,3619.118413640345,1809.629667733863,4144.000530282549,2769.654922799453,1345.910444320914,False,False,True,False,False,False,False,False,False,False,33.37568869084079,5.120484823386832,0.010370997139405003,6.949221988696376,1.3967115657595708,3619.118413640345,1809.629667733863,4144.000530282549,2769.654922799453,1345.910444320914
GEO_01158,374099.22367464146,7108712.14546559,intrusive,background,0.04798114524270117,0.056862537586026066,0.08755275580660468,0.21434970509015783,0.7486104141603507,49.09005990284593,4.6214611811701864,0.012242752139095002,0.0,1.2420709549473974,5187.613606641835,2090.413587262338,0.0,5185.783070341781,,False,False,False,True,False,False,False,True,False,False,49.09005990284593,4.6214611811701864,0.012242752139095002,4.3627266132171325,1.2420709549473974,5187.613606641835,2090.413587262338,1321.5409185692793,5185.783070341781,1778.0901003839306
GEO_01159,376452.1233065161,7121037.586827676,intrusive,background,0.0,0.1625959768874763,0.08090371106994218,0.2353866243240093,0.770128569870161,36.84942665527747,6.487044101974669,0.016459675504690047,,1.4067608190121916,3576.175089568265,2474.7831901383797,1870.681195679489,5915.385222353682,2413.550411382941,False,False,False,False,False,False,False,False,False,False,36.84942665527747,6.487044101974669,0.016459675504690047,6.68938943251541,1.4067608190121916,3576.175089568265,2474.7831901383797,1870.681195679489,5915.385222353682,2413.550411382941
GEO_01160,381027.4691925116,7149202.061537885,volcanic,background,0.3406738751234127,0.060168201130484385,0.3440091742105139,0.819030996447257,0.09804635040992221,70.88927924368325,6.067723671966596,0.022866079392337053,0.0,1.5150540936188692,5529.794840855648,3389.5301924368464,0.0,3258.599744786785,1205.6017269573629,False,False,False,True,False,False,False,True,False,False,70.88927924368325,6.067723671966596,0.022866079392337053,4.013158817476087,1.5150540936188692,5529.794840855648,3389.5301924368464,1471.7394232924348,3258.599744786785,1205.6017269573629
GEO_01161,395549.3520719066,7132431.1925270315,intrusive,halo,0.5445551116078378,0.0,0.37873319103072134,0.19730975775753692,0.6994547437113601,91.09485482629812,11.02393578369016,0.024686081846578556,0.0,1.30791034439134,5408.055500717426,1817.4307249797198,2273.784646114555,,1956.2864671134462,False,False,False,True,False,False,False,False,False,False,91.09485482629812,11.02393578369016,0.024686081846578556,4.361441063321639,1.30791034439134,5408.055500717426,1817.4307249797198,2273.784646114555,5365.701885305514,1956.2864671134462
GEO_01162,371895.6456914178,7164314.019029914,sedimentary,background,0.0,0.035461130486279975,0.0,0.19432089364800992,0.24491448346570147,36.062533721332294,3.9757493833720283,0.011817346991039935,6.991446685825549,1.382009588084556,4640.926421290717,2251.601520593466,3269.6954668500257,2754.8988946531176,1852.2573593374862,False,False,False,False,False,False,False,False,False,False,36.062533721332294,3.9757493833720283,0.011817346991039935,6.991446685825549,1.382009588084556,4640.926421290717,2251.601520593466,3269.6954668500257,2754.8988946531176,1852.2573593374862
GEO_01163,428057.36374173197,7147509.56094771,volcanic,background,0.0573650348156323,0.06374434963804322,0.0995492173258809,0.7288853359098677,0.0,33.086123699112534,5.224401690771245,0.012343871884019003,5.0955684503876135,1.2731672041496378,6275.305013538791,3959.0464746289845,1947.0381654076532,0.0,1380.4718051196394,False,False,False,False,False,False,False,False,True,False,33.086123699112534,5.224401690771245,0.012343871884019003,5.0955684503876135,1.2731672041496378,6275.305013538791,3959.0464746289845,1947.0381654076532,2466.449616264093,1380.4718051196394
GEO_01164,380209.89382136957,7169344.963835708,intrusive,background,0.0,0.017345422045742118,0.0,0.2921036055011855,0.8717881738164595,33.04519282328209,5.19492016356285,0.0,7.172273032907179,0.0,3755.571118676653,2926.3633702404904,2371.2563397207778,4638.948559862723,2515.998233941885,False,False,True,False,True,False,False,False,False,False,33.04519282328209,5.19492016356285,0.009028708782701731,7.172273032907179,1.1256725991566208,3755.571118676653,2926.3633702404904,2371.2563397207778,4638.948559862723,2515.998233941885
GEO_01165,367290.2678644659,7163720.421700773,volcanic,background,0.17321047063216488,0.04038028493458856,0.0,0.5933295415395878,0.0,42.68213015207411,3.972547339742003,0.013432557107387623,7.337835166372309,1.8653538387816466,5311.777014068785,3252.3541865278767,2112.141643937527,3896.151716197399,0.0,False,False,False,False,False,False,False,False,False,True,42.68213015207411,3.972547339742003,0.013432557107387623,7.337835166372309,1.8653538387816466,5311.777014068785,3252.3541865278767,2112.141643937527,3896.151716197399,1027.7438878081748
GEO_01166,381970.0436341228,7101886.491195644,volcanic,background,0.0,0.0,0.0,0.7471285490559055,0.0,35.061793174769285,3.7394944366511575,0.010729477377466773,5.406215482051756,0.0,5763.351997563915,3653.2902502433776,1935.2259828438227,3431.9254997912203,1722.9361610614553,False,False,False,False,True,False,False,False,False,False,35.061793174769285,3.7394944366511575,0.010729477377466773,5.406215482051756,1.1057508262172,5763.351997563915,3653.2902502433776,1935.2259828438227,3431.9254997912203,1722.9361610614553
GEO_01167,385840.27694722376,7175177.641158552,volcanic,background,0.10524494411698446,0.0,0.06571584462224359,0.7326064783750774,0.04466283593839688,45.24343007323456,4.186186251366105,0.011869801058806754,5.453971240603504,0.0,5778.156663309751,4144.266873798652,2010.5436743351017,3238.8410186320593,1221.8495410434505,False,False,False,False,True,False,False,False,False,False,45.24343007323456,4.186186251366105,0.011869801058806754,5.453971240603504,1.062170976984948,5778.156663309751,4144.266873798652,2010.5436743351017,3238.8410186320593,1221.8495410434505
GEO_01168,393916.0758690377,7111767.475284601,intrusive,background,0.0,0.0,0.0,0.32894607646012325,0.8551802027643207,33.70888384680447,4.676594250476585,0.011383441454305789,0.0,1.2073970645578882,4210.254525146304,2368.7451674370595,2083.0385191611695,4584.115554112867,1784.0581910375652,False,False,False,True,False,False,False,False,False,False,33.70888384680447,4.676594250476585,0.011383441454305789,3.8131939819581744,1.2073970645578882,4210.254525146304,2368.7451674370595,2083.0385191611695,4584.115554112867,1784.0581910375652
GEO_01169,365018.57915197464,7127807.493116339,volcanic,background,0.03196274404357287,0.030325526606738124,0.0579473579508397,0.6345842294563041,0.0,32.245476593186844,0.0,0.013768865238094972,6.337432653926875,1.4677278587098888,6833.789895889001,3322.705753346179,1989.1106455264849,0.0,1601.9655301261303,False,True,False,False,False,False,False,False,True,False,32.245476593186844,3.199401850566121,0.013768865238094972,6.337432653926875,1.4677278587098888,6833.789895889001,3322.705753346179,1989.1106455264849,2492.63425980056,1601.9655301261303
GEO_01170,385753.92016423016,7143149.143504552,intrusive,halo,0.7619155834464961,0.18710560889551026,0.4420943087229576,0.2777340540583685,0.6851878688721424,98.32087911065848,11.410651071705717,0.019141862491541754,10.240433487425088,1.8033936934727428,5471.741476979781,2338.50541396884,1528.00428919983,4414.044973847808,2236.054325446295,False,False,False,False,False,False,False,False,False,False,98.32087911065848,11.410651071705717,0.019141862491541754,10.240433487425088,1.8033936934727428,5471.741476979781,2338.50541396884,1528.00428919983,4414.044973847808,2236.054325446295
GEO_01171,425207.37694365095,7170724.15465607,volcanic,background,0.11083896655087047,0.09832472323427144,0.0,0.5508122070263975,0.1544295735705815,33.709447745657826,3.8381512836572393,0.014782932643824404,5.973108859878874,0.0,5413.057781869046,3246.429623311431,2153.51461702071,2872.4853007812326,1297.009350084728,False,False,False,False,True,False,False,False,False,False,33.709447745657826,3.8381512836572393,0.014782932643824404,5.973108859878874,1.194801363978229,5413.057781869046,3246.429623311431,2153.51461702071,2872.4853007812326,1297.009350084728
GEO_01172,360525.82422186603,7124123.521755921,volcanic,background,0.08386155604275018,0.04918854245809747,0.03447983679230237,0.604014113390785,0.0,36.61120028015593,5.123825589043628,0.01056673351653617,4.838735918999989,1.317727406969938,4148.090031338004,4212.594650951405,1762.0141955986433,3365.948643089611,1173.9213071603426,False,False,False,False,False,False,False,False,False,False,36.61120028015593,5.123825589043628,0.01056673351653617,4.838735918999989,1.317727406969938,4148.090031338004,4212.594650951405,1762.0141955986433,3365.948643089611,1173.9213071603426
GEO_01173,414049.9740520269,7102380.41122505,intrusive,background,0.0,0.00832759449411929,0.0,0.49031683297722284,0.6707789975914027,47.48402252744319,5.010281945046061,0.012240089807167521,6.722926554662008,1.603142106174176,3997.987757620715,3164.8098165742504,2079.3607562219454,5690.135375209999,2405.1442049160914,False,False,False,False,False,False,False,False,False,False,47.48402252744319,5.010281945046061,0.012240089807167521,6.722926554662008,1.603142106174176,3997.987757620715,3164.8098165742504,2079.3607562219454,5690.135375209999,2405.1442049160914
GEO_01174,369473.5529661738,7108848.413482955,intrusive,background,0.04181352711897672,0.0,0.09814579177706094,0.208335553116448,0.7018318308536099,31.451363926533954,6.194531851541571,0.01202960797295814,5.007411729524906,0.0,4758.694934792784,1874.048916334438,1883.5228347289187,4633.454450352484,1640.397512833651,False,False,False,False,True,False,False,False,False,False,31.451363926533954,6.194531851541571,0.01202960797295814,5.007411729524906,1.1217684952803002,4758.694934792784,1874.048916334438,1883.5228347289187,4633.454450352484,1640.397512833651
GEO_01175,376305.0982794357,7163689.505877089,volcanic,background,0.06370653278291148,0.0,0.0,0.6266326804671474,0.07097937218126656,0.0,0.0,0.012303053624370513,5.393240371078302,1.3431152129247372,5098.567536524285,3633.266158518454,4186.227231212222,3592.360252143114,1471.6787788532924,True,True,False,False,False,False,False,False,False,False,28.443038814019932,2.7424286380732035,0.012303053624370513,5.393240371078302,1.3431152129247372,5098.567536524285,3633.266158518454,4186.227231212222,3592.360252143114,1471.6787788532924
GEO_01176,421222.47293923364,7116122.876155195,sedimentary,background,0.0,0.0,0.0,0.09453586039871953,0.27312820083657485,34.03056612483367,5.531928860432056,0.0,5.52972984559321,1.736966642992109,3321.5584800852334,2726.3310512066196,2987.7998282089266,3426.61415671695,1466.635596002732,False,False,True,False,False,False,False,False,False,False,34.03056612483367,5.531928860432056,0.008614047570053828,5.52972984559321,1.736966642992109,3321.5584800852334,2726.3310512066196,2987.7998282089266,3426.61415671695,1466.635596002732
GEO_01177,386957.041349974,7153577.705235005,intrusive,halo,0.6248405378070818,0.11132779966319745,0.4599189216579734,0.23655449717841662,0.8542071848422441,86.90050976420369,5.76218114833407,0.021768801483632586,6.817925441321926,1.4267121896792514,5729.419715532783,2670.289857625597,1751.9949272096592,5502.650563214,2359.0509549276076,False,False,False,False,False,False,False,False,False,False,86.90050976420369,5.76218114833407,0.021768801483632586,6.817925441321926,1.4267121896792514,5729.419715532783,2670.289857625597,1751.9949272096592,5502.650563214,2359.0509549276076
GEO_01178,424161.8265862799,7154705.827546074,volcanic,background,0.08318204458897448,0.09276439726637989,0.0,0.9694846430778361,0.045742471045547746,36.01333543428889,4.444316128263262,0.013298770257577258,7.670131518985509,1.4761546519697548,6001.761076381011,4971.237311221973,2366.936549615167,3500.1313566107374,2257.83614970358,False,False,False,False,False,False,False,False,False,False,36.01333543428889,4.444316128263262,0.013298770257577258,7.670131518985509,1.4761546519697548,6001.761076381011,4971.237311221973,2366.936549615167,3500.1313566107374,2257.83614970358
GEO_01179,351096.795685504,7176551.277057027,sedimentary,background,0.10892494494236453,0.09027071990028336,0.07264351114997414,0.011424442854837137,0.1614338444297106,46.47757035222011,4.397335406074626,0.013709923782500832,5.302920583810525,1.543292716183034,3248.950923136986,2415.262397898263,3427.9701648675964,2604.737181735294,1636.8369536232756,False,False,False,False,False,False,False,False,False,False,46.47757035222011,4.397335406074626,0.013709923782500832,5.302920583810525,1.543292716183034,3248.950923136986,2415.262397898263,3427.9701648675964,2604.737181735294,1636.8369536232756
GEO_01180,394207.53739322704,7179978.305787361,volcanic,background,0.0,0.0,0.009997059895164712,0.7757082061035319,0.048374605021449496,41.6447243236476,4.26121840629697,0.012264676689931087,7.35004659654007,1.2134807695601428,6200.630313673217,3528.001956874861,2358.180669588719,2519.416646058356,1697.3790120398853,False,False,False,False,False,False,False,False,False,False,41.6447243236476,4.26121840629697,0.012264676689931087,7.35004659654007,1.2134807695601428,6200.630313673217,3528.001956874861,2358.180669588719,2519.416646058356,1697.3790120398853
GEO_01181,355957.762145657,7118944.468313852,intrusive,background,0.0,0.13040542780706438,0.006226273428900704,0.22753114097732244,0.8290673688571226,31.277330297071963,5.070769497569697,0.01562904473222545,6.865511886219835,2.3000267717889575,3636.3877194515258,2142.8584157363384,1671.6665456951584,4497.30619134218,2891.5856598208543,False,False,False,False,False,False,False,False,False,False,31.277330297071963,5.070769497569697,0.01562904473222545,6.865511886219835,2.3000267717889575,3636.3877194515258,2142.8584157363384,1671.6665456951584,4497.30619134218,2891.5856598208543
GEO_01182,390413.0181950039,7167555.738886997,sedimentary,background,0.14255570719520788,0.0,0.10205113806235577,0.11984275564128233,0.08768419227182832,52.62934679494642,4.569653071488564,0.011891033392999305,5.220554048255448,0.0,4122.603067181449,0.0,4318.607315793072,2583.791095123368,2080.746584086911,False,False,False,False,True,False,True,False,False,False,52.62934679494642,4.569653071488564,0.011891033392999305,5.220554048255448,1.012017508500662,4122.603067181449,1662.4541091334465,4318.607315793072,2583.791095123368,2080.746584086911
GEO_01183,410555.6458039908,7131542.419588365,volcanic,background,0.15801451805508399,0.06975338779447884,0.0,0.7082071014047152,0.0,0.0,5.1620537056452465,0.0,5.634509279929308,1.327176778165611,6114.854672123022,4516.707796331382,2582.313457106979,0.0,1660.5366990085008,True,False,True,False,False,False,False,False,True,False,27.359089952396474,5.1620537056452465,0.010166933371010265,5.634509279929308,1.327176778165611,6114.854672123022,4516.707796331382,2582.313457106979,2272.7913348685393,1660.5366990085008
GEO_01184,361427.49800593423,7117622.867922275,volcanic,background,0.0,0.05063173092111118,0.13365554201874796,0.9805701984574453,0.0005608198231671902,0.0,0.0,0.015150738141191092,0.0,1.261682783166223,6786.355139952061,3294.1268966391885,2410.1733644689534,0.0,1670.171163927337,True,True,False,True,False,False,False,False,True,False,25.747389525083456,3.2344800547151054,0.015150738141191092,4.771988989682214,1.261682783166223,6786.355139952061,3294.1268966391885,2410.1733644689534,2181.7387702814794,1670.171163927337
GEO_01185,367679.6864411088,7127165.026128111,sedimentary,background,0.03101514710149383,0.016340795320817246,0.05703611228143042,0.0,0.3671605738888308,36.712214172159996,4.025543771450853,0.014522175149496963,0.0,1.4991239366026199,3940.5635000524817,1968.0892059207758,3572.0290762886357,3337.539471266649,1371.4073815570205,False,False,False,True,False,False,False,False,False,False,36.712214172159996,4.025543771450853,0.014522175149496963,4.595288042960912,1.4991239366026199,3940.5635000524817,1968.0892059207758,3572.0290762886357,3337.539471266649,1371.4073815570205
GEO_01186,417245.2388002033,7116376.884424304,intrusive,background,0.0,0.06811875943564855,0.05320724504374401,0.3000671709395967,0.7220332912092906,0.0,4.743481165530504,0.013786897627752027,5.963700368097676,1.3874925073774094,3426.2364257575537,3371.2248427340883,1786.975947815684,5078.7272233728945,2633.05415711319,True,False,False,False,False,False,False,False,False,False,23.50847275722905,4.743481165530504,0.013786897627752027,5.963700368097676,1.3874925073774094,3426.2364257575537,3371.2248427340883,1786.975947815684,5078.7272233728945,2633.05415711319
GEO_01187,410120.1761616189,7179906.640519679,sedimentary,background,0.027212017221126348,0.00830927504518197,0.07164092199421346,0.0777157663882935,0.20965355774252165,30.18445473473008,4.050356471559927,0.013035093684402591,5.371146138544177,1.4009545579269194,4288.667207284652,0.0,3780.097120387895,3225.3099762072147,1559.8777939594968,False,False,False,False,False,False,True,False,False,False,30.18445473473008,4.050356471559927,0.013035093684402591,5.371146138544177,1.4009545579269194,4288.667207284652,1354.0405226086314,3780.097120387895,3225.3099762072147,1559.8777939594968
GEO_01188,395665.1905839393,7101027.1274585575,volcanic,background,0.0,0.24768892504539264,0.07731579764716978,0.5886203785657864,0.0076422558881724615,0.0,0.0,0.012876794705331878,6.698362827708337,1.7733789338363943,4597.58088410739,2912.735092368392,1908.3447103127103,4125.641342487598,1314.1665680975825,True,True,False,False,False,False,False,False,False,False,25.527006169674863,3.2319111853380953,0.012876794705331878,6.698362827708337,1.7733789338363943,4597.58088410739,2912.735092368392,1908.3447103127103,4125.641342487598,1314.1665680975825
GEO_01189,397113.85443896113,7168231.100288473,sedimentary,background,0.26859945733893753,0.19013705240090123,0.16185978396124703,0.0,0.24066281313090565,35.40247704359523,3.9762490156011796,0.018500784497703263,8.04160428362656,1.5074699512945637,3294.243856068382,2166.6547976594366,2453.266539266095,3678.9073476244703,1712.379964169706,False,False,False,False,False,False,False,False,False,False,35.40247704359523,3.9762490156011796,0.018500784497703263,8.04160428362656,1.5074699512945637,3294.243856068382,2166.6547976594366,2453.266539266095,3678.9073476244703,1712.379964169706
GEO_01190,365699.27261108556,7156419.376930161,volcanic,background,0.1554193049934242,0.0,0.0,0.6241577315285805,0.06828687671186967,42.63427491917466,0.0,0.013705424301677349,6.361701018929285,1.267631601525609,4576.90765751476,2594.1343778021483,1955.7697044897084,3459.9735701440263,1450.8137919469323,False,True,False,False,False,False,False,False,False,False,42.63427491917466,3.0947526263510325,0.013705424301677349,6.361701018929285,1.267631601525609,4576.90765751476,2594.1343778021483,1955.7697044897084,3459.9735701440263,1450.8137919469323
GEO_01191,391280.7853626458,7145096.731978261,volcanic,halo,0.8075562673635996,0.2011519589209983,0.4603177060947445,0.5323320836178517,0.0,116.2719881096139,11.581709568606154,0.02652936877985541,5.768879968923225,1.2924137879462207,5360.8823440885335,2943.1298567530903,2022.0874252895997,3878.3002874714152,1209.04680127905,False,False,False,False,False,False,False,False,False,False,116.2719881096139,11.581709568606154,0.02652936877985541,5.768879968923225,1.2924137879462207,5360.8823440885335,2943.1298567530903,2022.0874252895997,3878.3002874714152,1209.04680127905
GEO_01192,421887.3036885982,7117858.51611578,intrusive,background,0.03976703539910516,0.0,0.0,0.2841249254193929,0.4685990832119246,33.61678554900155,0.0,0.0,0.0,1.2218069572733954,6392.32966671456,2493.9866600085325,1997.0343306657155,2946.2235349440334,1708.1778318262,False,True,True,True,False,False,False,False,False,False,33.61678554900155,3.0679084115802424,0.008659360015015716,4.247746650970864,1.2218069572733954,6392.32966671456,2493.9866600085325,1997.0343306657155,2946.2235349440334,1708.1778318262
GEO_01193,384610.7129928394,7125633.795501864,volcanic,background,0.006849926708265147,0.020525613527458807,0.06890812899849735,0.410717053032742,0.08165224707071983,0.0,4.335582110901732,0.010809326921458931,6.6853134286334495,0.0,4649.621112343603,2948.7488377376444,2579.4489727312666,4305.612276383464,1189.437128830973,True,False,False,False,True,False,False,False,False,False,28.186913636447585,4.335582110901732,0.010809326921458931,6.6853134286334495,1.1162452344425404,4649.621112343603,2948.7488377376444,2579.4489727312666,4305.612276383464,1189.437128830973
GEO_01194,355681.14515630226,7175925.49924507,volcanic,background,0.0471045357608028,0.0,0.07839425754955612,0.5696550884280039,0.0,44.61213299460359,3.6919416401201066,0.01130970168753265,5.2457576617664055,1.3762453354310886,3656.474711207468,3274.3677917878736,1812.7631084072027,3036.509414843957,0.0,False,False,False,False,False,False,False,False,False,True,44.61213299460359,3.6919416401201066,0.01130970168753265,5.2457576617664055,1.3762453354310886,3656.474711207468,3274.3677917878736,1812.7631084072027,3036.509414843957,935.3594380215222
GEO_01195,425256.6095419299,7165581.62073531,volcanic,background,0.18445603111975797,0.15981828882459537,0.0,0.585386781459511,0.03422673209214719,40.528962128800536,4.18913449057945,0.014460229762101496,6.624248464116637,1.8723780543608413,5133.637089246833,3346.2141878708994,1791.9595156021442,2504.454045240724,1226.9268343424092,False,False,False,False,False,False,False,False,False,False,40.528962128800536,4.18913449057945,0.014460229762101496,6.624248464116637,1.8723780543608413,5133.637089246833,3346.2141878708994,1791.9595156021442,2504.454045240724,1226.9268343424092
GEO_01196,412494.1180571617,7109814.282199041,intrusive,background,0.0,0.0,0.0,0.2792902412907539,0.7953882006656436,0.0,4.748451415904509,0.012171316218921667,6.210966424491723,1.4273573081726016,3958.419346168354,2031.8983457451964,2310.5369349754874,5547.940103214452,1815.1603369152613,True,False,False,False,False,False,False,False,False,False,29.207493470731325,4.748451415904509,0.012171316218921667,6.210966424491723,1.4273573081726016,3958.419346168354,2031.8983457451964,2310.5369349754874,5547.940103214452,1815.1603369152613
GEO_01197,355938.6887606661,7135198.325063193,sedimentary,background,0.0,0.014539518809710212,0.04674104754892465,0.0,0.2748416775078886,51.27743417435807,0.0,0.014060172857440996,0.0,1.4783809574128546,3792.9456465330095,,3608.8534949293444,3035.148398955003,2184.2807320368324,False,True,False,True,False,False,False,False,False,False,51.27743417435807,3.4385733073384377,0.014060172857440996,4.706253862333204,1.4783809574128546,3792.9456465330095,2373.436203662074,3608.8534949293444,3035.148398955003,2184.2807320368324
GEO_01198,383496.7504129433,7175839.038039316,volcanic,background,0.0,0.0,0.0,0.806326830288,0.0,0.0,0.0,0.0,6.450548713280745,1.3852172912289746,5517.401016087127,4826.934222363093,2405.684249305929,2796.603403234899,1319.2236702949897,True,True,True,False,False,False,False,False,False,False,24.572980708354,3.3736252799075874,0.008156010814735472,6.450548713280745,1.3852172912289746,5517.401016087127,4826.934222363093,2405.684249305929,2796.603403234899,1319.2236702949897
GEO_01199,362189.3582005663,7102621.709382358,volcanic,background,0.0392104168270732,0.18505037377273492,0.0,0.8226951716276656,0.03711876159131682,35.92222626176742,3.8097770344385693,0.01622077808022511,7.583470641665499,1.7172318001460811,6608.6044288300445,3474.4810235084014,2505.1749349565102,3889.0037885357647,1513.93599591162,False,False,False,False,False,False,False,False,False,False,35.92222626176742,3.8097770344385693,0.01622077808022511,7.583470641665499,1.7172318001460811,6608.6044288300445,3474.4810235084014,2505.1749349565102,3889.0037885357647,1513.93599591162
GEO_01200,420721.073449755,7142484.246332563,intrusive,background,0.24795603173159486,0.0,0.0,0.2673224892363493,0.8217542070676604,43.49426532243017,5.850469064298094,0.013069618160742433,6.905261739214385,1.69542950220491,4032.8037442844006,2595.1922571043438,1744.3142428265787,4844.855825677041,2277.849484258131,False,False,False,False,False,False,False,False,False,False,43.49426532243017,5.850469064298094,0.013069618160742433,6.905261739214385,1.69542950220491,4032.8037442844006,2595.1922571043438,1744.3142428265787,4844.855825677041,2277.849484258131
